fid,year2,year,aggplot_id,site,date,plot_id,VOLUME,rededge,BGI2,blue,HI,TVI,RGBVI,GR,IHS,GLI,GNDVI,nir,red,green,NGBDI,NDVI,HUE,NDRE,SI,SCI,MGRVI,RVI,DVI,GRVI,NGRDI,BI,GLA,VARI,CIG,CIRE,PSRI,CVI,EXG,BGI,EVI,wetbiomass,drybiomass,SDYLD
1049,2024,2024,7,Millville,06-05-2024,26,0.00520674232393503,0.00150874839164317,0.642186343669891,5.5251637240871e-4,0.919856131076813,0.0646188408136368,0.222371518611908,0.985270798206329,7.5951783219352e-4,0.0999287292361259,0.404875248670578,0.00220709666609764,8.4678258281201e-4,9.0139539679512e-4,0.217888578772545,0.406585693359375,-7.09889036443201e-10,0.182238504290581,0.21868397295475,0.21868397295475,0.0148376831784844,2.37032675743103,6.0201116139069e-4,0.0074192495085299,0.0074192495085299,7.770006195642e-4,0.0999287292361259,0.0111311823129654,1.36063992977142,0.445700854063034,-0.00875216629356146,2.23384428024292,3.0246083042584e-4,0.642186343669891,0.00270502036437392,5206.4,3198.3999999999996,5.48
1049,2024,2024,7,Millville,06-25-2024,26,0.010009883902967,0.00147645710967481,0.64530748128891,5.3267378825694e-4,1.63795185089111,0.0553578324615955,0.16405463218689,1.11452805995941,7.6392816845327e-4,0.0637820810079575,0.409296095371246,0.00208839168772101,9.1432355111464e-4,8.4232760127633e-4,0.215578258037567,0.367473691701889,6.931149432176651e-9,0.165534690022469,0.272223621606827,0.272223621606827,-0.108007997274399,2.16192388534546,5.1729677943512e-4,-0.0541624277830124,-0.0541624277830124,7.8138540266081e-4,0.0637820810079575,-0.0778220742940903,1.38579106330872,0.39674437046051,0.0648448392748833,2.5899991989135702,1.9325446919538e-4,0.64530748128891,0.002469023456797,5206.4,3198.3999999999996,5.48
1049,2024,2024,7,Millville,07-11-2024,26,0.00374873541295528,0.00182398536708206,0.627014815807343,6.6104694269597e-4,2.23003149032593,0.0464149378240108,0.129746809601784,1.22840404510498,0.00100327783729881,0.0370756760239601,0.36327651143074,0.00235543493181467,0.00129559577908367,0.0010620440589264,0.229245096445084,0.273841679096222,2.66214232880202e-8,0.124582074582577,0.323319643735886,0.323319643735886,-0.202862158417702,1.75422024726868,4.9276085337624e-4,-0.102496676146984,-0.102496676146984,0.00103843479882926,0.0370756760239601,-0.142616361379623,1.14108097553253,0.284623086452484,0.136537835001945,2.62940096855164,1.5244010137394e-4,0.627014815807343,0.00235581677407026,5206.4,3198.3999999999996,5.48
1049,2024,2024,7,Millville,07-16-2024,26,0.00124220328871161,0.00238997046835721,0.60900616645813,9.0779445599764e-4,2.56983304023743,0.0438276492059231,0.114376209676266,1.30740427970886,0.00143853446934372,0.0214854571968317,0.340676486492157,0.00300261005759239,0.00192982831504196,0.00148434878792614,0.243003308773041,0.217932358384132,7.32116731683163e-8,0.111384123563766,0.364361226558685,0.364361226558685,-0.261803537607193,1.55732357501984,5.9064681408926e-4,-0.13322514295578,-0.13322514295578,0.00149896368384361,0.0214854571968317,-0.180778488516808,1.03341221809387,0.250691294670105,0.190370693802834,2.65991020202637,1.2134917051298e-4,0.60900616645813,0.00257569132372737,5206.4,3198.3999999999996,5.48
1051,2024,2024,7,Millville,06-05-2024,28,0.0398269705474377,0.00145478860940784,0.490241914987564,3.5230175126344e-4,-0.118302129209042,0.116856679320335,0.486779689788818,0.712414026260376,5.3179694805294e-4,0.251388102769852,0.529035687446594,0.00243851845152676,5.103379371576e-4,7.3230674024671e-4,0.342063993215561,0.646305859088898,-1.0607831057996e-8,0.248459070920944,0.188795149326324,0.188795149326324,0.326670140028,4.65460252761841,9.3394017312675e-4,0.167941853404045,0.167941853404045,5.5652600713074e-4,0.251388102769852,0.232757180929184,2.24660634994507,0.661199033260345,-0.142981976270676,2.30482530593872,5.5154098663479e-4,0.490241914987564,0.0045452774502337,11062.400000000001,6874.4000000000005,7.8
1051,2024,2024,7,Millville,06-25-2024,28,0.034943625330925,0.00153228221461177,0.518839597702026,3.8966684951447e-4,0.642822086811066,0.0932156443595886,0.354677349328995,0.913983225822449,6.185300881043e-4,0.163109719753265,0.489793717861176,0.00228995573706925,6.8915786687284e-4,7.7466265065595e-4,0.316794782876968,0.525877237319946,-4.0607726070618405e-9,0.198821529746056,0.272771656513214,0.272771656513214,0.0897013023495674,3.21831679344177,7.3209055699408e-4,0.0449412353336811,0.0449412353336811,6.4272800227627e-4,0.163109719753265,0.0614246912300587,1.91998302936554,0.496322691440582,-0.0432425439357758,2.59956908226013,4.1782922926358e-4,0.518839597702026,0.00378536619246006,11062.400000000001,6874.4000000000005,7.8
1051,2024,2024,7,Millville,07-11-2024,28,0.0306638143956661,0.00179995270445943,0.581303715705872,5.5318162776529e-4,1.86700403690338,0.066090501844883,0.184723347425461,1.17946362495422,8.8573549874126e-4,0.0629970356822014,0.427681565284729,0.00241281162016094,0.00113474426325411,9.6418708562851e-4,0.264779210090637,0.35856032371521,1.69600635757661e-8,0.147405162453651,0.336762309074402,0.336762309074402,-0.163576900959015,2.11798596382141,5.9617043007165e-4,-0.0823430046439171,-0.0823430046439171,0.00091876910300925005,0.0629970356822014,-0.112741909921169,1.49455797672272,0.345780104398727,0.0981002151966095,2.91019821166992,2.2559637727681e-4,0.581303715705872,0.00302259903401136,11062.400000000001,6874.4000000000005,7.8
1051,2024,2024,7,Millville,07-16-2024,28,0.00323004368692636,0.00246022269129753,0.594171404838562,8.7934732437133e-4,2.50709629058838,0.0483359284698963,0.124128006398678,1.30191123485565,0.00142220489215106,0.0250573884695768,0.356251209974289,0.00307101453654468,0.00190917321015149,0.00148433807771653,0.254570245742798,0.234479874372482,7.0355177683723e-8,0.113474175333977,0.372856944799423,0.372856944799423,-0.257877469062805,1.61260271072388,6.0720945475623e-4,-0.131156772375107,-0.131156772375107,0.00148271233774722,0.0250573884695768,-0.177402436733246,1.10680186748505,0.255997449159622,0.183488324284554,2.72286605834961,1.4316217857413e-4,0.594171404838562,0.00273526064120233,11062.400000000001,6874.4000000000005,7.8
1052,2024,2024,8,Millville,06-05-2024,29,0.00692264130339026,0.002129111206159,0.70509946346283,0.00106680777389556,2.26268148422241,0.0334832407534122,0.0880011767148972,1.18467903137207,0.00144896295387298,0.0273755341768265,0.250451266765594,0.0025506888050586,0.00178377516567707,0.00149986962787807,0.172952085733414,0.171515464782715,4.06625240145786e-8,0.0916289091110229,0.252601385116577,0.252601385116577,-0.167867913842201,1.41404628753662,4.2272254358977e-4,-0.0845337584614754,-0.0845337584614754,0.00147714198101312,0.0273755341768265,-0.124955751001835,0.668272137641907,0.201743349432945,0.131951555609703,1.97493600845337,1.6286100435536e-4,0.70509946346283,0.00184076849836856,514.4,186.4,0.11
1052,2024,2024,8,Millville,06-25-2024,29,0.00253523862920702,0.0020532647613436,0.690194010734558,9.4487384194508e-4,2.66646409034729,0.0315301120281219,0.0712576806545258,1.2583190202713,0.00135047198273242,0.0131879197433591,0.28771635890007,0.00250850431621075,0.00173175719100982,0.00137180939782411,0.183296114206314,0.181332603096962,5.0243247784465e-8,0.0983999148011208,0.290961623191833,0.290961623191833,-0.22581647336483,1.44299459457397,4.4439514749683e-4,-0.114385537803173,-0.114385537803173,0.00138845993205905,0.0131879197433591,-0.164637610316277,0.807870268821716,0.218278393149376,0.172599762678146,2.27245616912842,7.04212652635761e-5,0.690194010734558,0.00189006386790425,514.4,186.4,0.11
1052,2024,2024,8,Millville,07-11-2024,29,0.00478485738858581,0.00229130266234279,0.659799635410309,9.8588364198803e-4,2.50818228721619,0.0341172367334366,0.0935081392526627,1.25584268569946,0.00145309406798333,0.0212211534380913,0.286803126335144,0.00272907549515367,0.00188766163773835,0.00149162311572582,0.204964697360992,0.179767280817032,6.18649664829718e-8,0.0870823487639427,0.310428708791733,0.310428708791733,-0.22394622862339,1.43833243846893,4.3176455073989e-4,-0.113413386046886,-0.113413386046886,0.00149998581036925,0.0212211534380913,-0.160325214266777,0.80427473783493,0.190778106451035,0.168142780661583,2.26857805252075,1.2268591672182e-4,0.659799635410309,0.00204361253418028,514.4,186.4,0.11
1052,2024,2024,8,Millville,07-16-2024,29,0.0038211876526475,0.00253452197648585,0.627513825893402,0.00104092888068408,2.53039455413818,0.0362449213862419,0.107317596673965,1.28405427932739,0.00160795357078314,0.0222407225519419,0.293632924556732,0.00308277853764594,0.00213356199674308,0.00165436835959554,0.228868201375008,0.176498785614967,8.6479644778592e-8,0.0943719670176506,0.343468517065048,0.343468517065048,-0.244939789175987,1.42865467071533,5.3018936887383e-4,-0.12436406314373,-0.12436406314373,0.00166993611492217,0.0222407225519419,-0.171835049986839,0.831389009952545,0.208412200212479,0.187015563249588,2.34837126731873,1.4498490781988e-4,0.627513825893402,0.00229590735398233,514.4,186.4,0.11
1065,2024,2024,11,Millville,06-05-2024,41,0.00468048360198736,0.00200260197743773,0.697058916091919,9.6492504235357e-4,2.24697494506836,0.03364247828722,0.0931776762008667,1.1834020614624,0.00134773761965334,0.028627360239625,0.266161531209946,0.00244179414585233,0.00168818712700158,0.00139814952854067,0.178509458899498,0.182497560977936,3.76565978399412e-8,0.0975682809948921,0.254030585289001,0.254030585289001,-0.166819617152214,1.44647598266602,4.2140515870414e-4,-0.0839983150362968,-0.0839983150362968,0.00138123647775501,0.028627360239625,-0.123871549963951,0.725395381450653,0.216234162449837,0.131379708647728,2.03789043426514,1.6140098159667e-4,0.697058916091919,0.00182331469841301,2214.4,1330.3999999999999,1.81
1065,2024,2024,11,Millville,06-25-2024,41,0.00497705908492208,0.00192772247828543,0.678599655628204,8.7679520947858e-4,2.3767945766449,0.0356173813343048,0.0930190533399582,1.22347438335419,0.00125318602658808,0.0254924669861794,0.296596854925156,0.0023941386025399,0.00158693897537887,0.00129285792354494,0.191469326615334,0.199380308389664,3.76013531422359e-8,0.105025589466095,0.287345260381699,0.287345260381699,-0.19900344312191,1.49806499481201,4.5271034468896e-4,-0.100506849586964,-0.100506849586964,0.00128632679115981,0.0254924669861794,-0.144279405474663,0.843319654464722,0.23470076918602,0.146979883313179,2.28227734565735,1.204623185913e-4,0.678599655628204,0.00197051675058901,2214.4,1330.3999999999999,1.81
1065,2024,2024,11,Millville,07-11-2024,41,0.00565598253160715,0.00213400670327246,0.650478839874268,8.9697894873097e-4,2.3999764919281,0.0369634218513966,0.105042479932308,1.24545288085938,0.00133161142002791,0.0270155947655439,0.303779274225235,0.00258537079207599,0.00172287749592215,0.00137351872399449,0.211769580841064,0.197386309504509,4.89412208537487e-8,0.0969613641500473,0.314375400543213,0.314375400543213,-0.216040715575218,1.49185883998871,4.4600895489566e-4,-0.109311081469059,-0.109311081469059,0.00137410801835358,0.0270155947655439,-0.153714492917061,0.872652232646942,0.214744657278061,0.1578538864851,2.35154175758362,1.3278803089633e-4,0.650478839874268,0.00210227631032467,2214.4,1330.3999999999999,1.81
1065,2024,2024,11,Millville,07-16-2024,41,0.00424506282433867,0.00253074243664742,0.620148956775665,0.00101408129557967,2.55189085006714,0.0383606925606728,0.109573796391487,1.29364311695099,0.00158515793737024,0.021667055785656,0.307017683982849,0.00308666354976594,0.00211011944338679,0.00163412641268224,0.23445437848568,0.185275003314018,8.56039932273234e-8,0.098933570086956,0.351637572050095,0.351637572050095,-0.251920431852341,1.45481610298157,5.5138790048658e-4,-0.128024742007256,-0.128024742007256,0.00164622964803129,0.021667055785656,-0.175491377711296,0.886076509952545,0.219592183828354,0.189296633005142,2.4395968914032,1.367540389765e-4,0.620148956775665,0.00238426518626511,2214.4,1330.3999999999999,1.81
1100,2024,2024,19,Millville,06-05-2024,73,0.00196155929006636,0.00209866114892066,0.677537083625793,9.2478957958519e-4,2.00246930122375,0.0506696999073029,0.119932860136032,1.15518081188202,0.0012976824073121,0.0420527122914791,0.308507472276688,0.00270236493088305,0.00161066604778171,0.00137287995312363,0.192223995923996,0.234436333179474,3.08211127730829e-8,0.121778339147568,0.253720819950104,0.253720819950104,-0.143264442682266,1.6124541759491,5.6539621436968e-4,-0.0720036029815674,-0.0720036029815674,0.00132735923398286,0.0420527122914791,-0.105688773095608,0.892294466495514,0.277329415082932,0.107228003442287,2.13106155395508,2.3369034170173e-4,0.677537083625793,0.00246384064666927,54.4,0,0
1100,2024,2024,19,Millville,06-25-2024,73,0.00333436764776707,0.00194478302728385,0.669814586639404,8.3968706894666e-4,2.50978589057922,0.0383598022162914,0.0883728340268135,1.24720847606659,0.00121782766655087,0.0206285621970892,0.314976662397385,0.002473677508533,0.00156562926713377,0.00124825013335794,0.197737753391266,0.211416006088257,4.14865404252396e-8,0.111909382045269,0.300782889127731,0.300782889127731,-0.217383176088333,1.53619158267975,4.8770889407023e-4,-0.110006928443909,-0.110006928443909,0.00125359266530722,0.0206285621970892,-0.15733739733696,0.919608473777771,0.252022445201874,0.161526575684547,2.39232110977173,1.0397912410553e-4,0.669814586639404,0.00213656690903008,54.4,0,0
1100,2024,2024,19,Millville,07-11-2024,73,0.00359025504440069,0.00210222718305886,0.663913905620575,9.0153666678816e-4,2.51510667800903,0.034564983099699,0.0911091417074203,1.25454115867615,0.00132114067673683,0.0206250716000795,0.298318594694138,0.00254509714432061,0.00170457805506885,0.00135590578429401,0.201985314488411,0.191436365246773,4.91635816501912e-8,0.0926927253603935,0.307491153478622,0.307491153478622,-0.222961008548737,1.47352206707001,4.2670496623031e-4,-0.112901516258717,-0.112901516258717,0.00136287708301097,0.0206250716000795,-0.160101398825645,0.850296378135681,0.204324886202812,0.165133595466614,2.32313370704651,1.099488872569e-4,0.663913905620575,0.00201822235248983,54.4,0,0
1100,2024,2024,19,Millville,07-16-2024,73,0.00181422615423799,0.00242026289924979,0.627344191074371,9.5677934587001e-4,2.58697462081909,0.0389806553721428,0.103446826338768,1.29419636726379,0.00148957455530763,0.0194480903446674,0.313814848661423,0.00296976463869214,0.00198611477389932,0.00152435712516308,0.228996321558952,0.193167299032211,7.66992229728203e-8,0.10029486566782,0.346404701471329,0.346404701471329,-0.252320855855942,1.47882854938507,5.3399271564558e-4,-0.128235027194023,-0.128235027194023,0.00154773297253996,0.0194480903446674,-0.176640704274178,0.914665043354034,0.222950518131256,0.187993481755257,2.47864389419556,1.1803121014963e-4,0.627344191074371,0.00236837705597281,54.4,0,0
1106,2024,2024,20,Millville,06-05-2024,78,0.00953413173556328,0.00179393985308707,0.592702805995941,6.2109529972076e-4,0.95133501291275,0.0892795622348785,0.260176450014114,0.990077793598175,9.0497464407235e-4,0.116103269159794,0.415588974952698,0.00266135320998728,0.00104559666942805,0.00104904500767589,0.255727052688599,0.420658200979233,-9.59334833794401e-10,0.181629374623299,0.247935056686401,0.247935056686401,0.00997141841799021,2.45219349861145,7.7337806578725e-4,0.00498583354055882,0.00498583354055882,9.2803942970931e-4,0.116103269159794,0.00724482722580433,1.42224895954132,0.443880528211594,-0.0058095920830965,2.34282326698303,4.1362943011336e-4,0.592702805995941,0.00371695379726589,846.4,510.4,0.97
1106,2024,2024,20,Millville,06-25-2024,78,0.00336857768706977,0.00176254322286695,0.571549475193024,5.7728460524231e-4,1.25148105621338,0.078826479613781,0.248953118920326,1.05317509174347,8.8317575864493e-4,0.103764072060585,0.405881881713867,0.00246526976116002,0.00106315815355629,0.00101903779432178,0.272629350423813,0.385499596595764,4.7093076105397805e-9,0.158810690045357,0.2928766310215,0.2928766310215,-0.0517632365226746,2.25467681884766,6.6605425672605e-4,-0.0258989781141281,-0.0258989781141281,9.1053341748192e-4,0.103764072060585,-0.0357909835875034,1.3663341999054,0.377586156129837,0.0304770451039076,2.50443744659424,3.7106237141415e-4,0.571549475193024,0.00336189102381468,846.4,510.4,0.97
1106,2024,2024,20,Millville,07-11-2024,78,0.00391808431595564,0.00213086162693799,0.629488110542297,8.1318634329363e-4,2.12076425552368,0.0536150746047497,0.136519238352776,1.20708727836609,0.0012246947735548,0.0426810532808304,0.341587781906128,0.00266283517703414,0.00156316650100052,0.00128804857376963,0.227379307150841,0.254072606563568,3.55110501004674e-8,0.1086720302701,0.314757466316223,0.314757466316223,-0.186018943786621,1.68122625350952,5.0991983152926e-4,-0.0938283056020737,-0.0938283056020737,0.00126298191025853,0.0426810532808304,-0.131635665893555,1.03761065006256,0.243842974305153,0.125584572553635,2.47452855110168,2.0793748262804e-4,0.629488110542297,0.00265985261648893,846.4,510.4,0.97
1106,2024,2024,20,Millville,07-16-2024,78,0.00534461019560695,0.00241780676878989,0.597708106040955,8.7304372573271e-4,2.40366697311401,0.0457925572991371,0.130999326705933,1.27857339382172,0.00140130694489926,0.030489195138216,0.335141479969025,0.00298851192928851,0.00186960317660123,0.0014684044290334,0.2517931163311,0.219017714262009,6.52162484016117e-8,0.102662861347198,0.362987816333771,0.362987816333771,-0.240914702415466,1.56087756156921,5.4753571748733e-4,-0.122257828712463,-0.122257828712463,0.00145946524571627,0.030489195138216,-0.166188806295395,1.00815880298615,0.22881668806076,0.172558397054672,2.58038234710693,1.779465819709e-4,0.597708106040955,0.00261432211846113,846.4,510.4,0.97
1121,2024,2024,23,Millville,06-05-2024,90,0.0111704226583242,0.00144616281613708,0.525814592838287,3.9447285234928e-4,0.160478502511978,0.107564561069012,0.408916980028152,0.79897940158844,5.8543111663311e-4,0.203257530927658,0.50718891620636,0.00236068572849035,5.9601530665531e-4,7.6472933869808e-4,0.310775250196457,0.586450695991516,-8.58667181802275e-9,0.23797495663166,0.205973416566849,0.205973416566849,0.220726922154427,3.83618235588074,8.9219567598775e-4,0.111741475760937,0.111741475760937,6.0622987803071e-4,0.203257530927658,0.156651213765144,2.05835008621216,0.624585688114166,-0.106388121843338,2.4041645526886,4.947826382704e-4,0.525814592838287,0.00422145612537861,5054.4,3074.3999999999996,6.41
1121,2024,2024,23,Millville,06-25-2024,90,0.0122200110927224,0.00143421720713377,0.569680333137512,4.3879813165403e-4,1.01778626441956,0.0764089673757553,0.27092644572258,1.0034487247467,6.5982312662527e-4,0.118683107197285,0.458570331335068,0.00210167886689305,7.6194148277863e-4,7.761531160213e-4,0.274144768714905,0.46250382065773,1.82363540934816e-10,0.190235197544098,0.273666828870773,0.273666828870773,-0.00344276265241206,2.72095680236816,6.4263364765793e-4,-0.00172138644848019,-0.00172138644848019,6.7842163844034e-4,0.118683107197285,-0.00247222534380853,1.69392395019531,0.469853013753891,0.00191905640531331,2.66270041465759,3.1586573459208e-4,0.569680333137512,0.00318596675060689,5054.4,3074.3999999999996,6.41
1121,2024,2024,23,Millville,07-11-2024,90,0.0125160170719028,0.00174256402533501,0.6105917096138,6.1250501312315e-4,2.15023136138916,0.0521019771695137,0.144703447818756,1.2226048707962,9.5084577333182e-4,0.0429215505719185,0.379286795854568,0.00228434288874269,0.00123333127703518,0.00100930978078395,0.241779625415802,0.29059636592865,2.37702497685177e-8,0.130159810185432,0.330044120550156,0.330044120550156,-0.198320522904396,1.81926941871643,5.2075623534619e-4,-0.100154936313629,-0.100154936313629,9.8557909950614e-4,0.0429215505719185,-0.138326048851013,1.22209990024567,0.299272954463959,0.129785388708115,2.71009159088135,1.6603391850367e-4,0.6105917096138,0.00253811990842223,5054.4,3074.3999999999996,6.41
1121,2024,2024,23,Millville,07-16-2024,90,0.00469897594302893,0.00228378409519792,0.595676898956299,8.2051916979253e-4,2.59999132156372,0.0456171482801437,0.118413418531418,1.32310438156128,0.00133687048219144,0.0205801576375961,0.356546700000763,0.00287200673483312,0.00181787123437971,0.00137414992786944,0.253386557102203,0.228955790400505,6.7462764263837e-8,0.116506479680538,0.379556953907013,0.379556953907013,-0.272887289524078,1.59388506412506,5.917577072978e-4,-0.139083027839661,-0.139083027839661,0.00139787432271987,0.0205801576375961,-0.187214493751526,1.10822868347168,0.263740420341492,0.194280818104744,2.78525519371033,1.1113097571069e-4,0.595676898956299,0.0026007245760411,5054.4,3074.3999999999996,6.41
1133,2024,2024,26,Millville,06-05-2024,101,0.0146146779879928,0.00188408489339054,0.68029123544693,8.6136115714907e-4,1.86624324321747,0.0459441766142845,0.125367477536201,1.13680720329285,0.00119490933138877,0.0466832183301449,0.301312178373337,0.00240599852986634,0.00144763709977269,0.00126287189777941,0.190269827842712,0.237858653068542,2.16081108561639e-8,0.119204334914684,0.249399095773697,0.249399095773697,-0.127525463700294,1.62418508529663,4.8480558325536e-4,-0.0640241056680679,-0.0640241056680679,0.00121853954624385,0.0466832183301449,-0.0943176224827766,0.862508654594421,0.270674228668213,0.094459667801857,2.10982227325439,2.2621081734541e-4,0.68029123544693,0.00218469556421041,3150.4,1934.3999999999999,5.25
1133,2024,2024,26,Millville,06-25-2024,101,0.00975919608026743,0.00190405733883381,0.643963038921356,8.0068380339071e-4,1.70474076271057,0.05697837844491,0.160279959440231,1.12574195861816,0.00114590814337134,0.0610871389508247,0.325173556804657,0.00245596119202673,0.00139448943082243,0.00122701318468899,0.216572344303131,0.272233068943024,1.84987154483451e-8,0.11656066775321999,0.272302567958832,0.272302567958832,-0.117891624569893,1.74813258647919,5.1187019562348e-4,-0.0591520629823208,-0.0591520629823208,0.00117369694635272,0.0610871389508247,-0.0845449790358543,0.963724911212921,0.263879269361496,0.0795317143201828,2.19970965385437,2.7650297852233e-4,0.643963038921356,0.00264077447354794,3150.4,1934.3999999999999,5.25
1133,2024,2024,26,Millville,07-11-2024,101,0.00426874402910471,0.00210454338230193,0.648474991321564,8.5491401841864e-4,2.34378671646118,0.04324059933424,0.108863145112991,1.23539483547211,0.00126856775023043,0.0294754467904568,0.320150315761566,0.00261940737254918,0.00163444469217211,0.00131807860452682,0.213242545723915,0.218386769294739,4.34829772189005e-8,0.101318888366222,0.312946170568466,0.312946170568466,-0.208297207951546,1.55881035327911,4.7467637341469e-4,-0.105303481221199,-0.105303481221199,0.0013094877358526,0.0294754467904568,-0.148409068584442,0.94182676076889,0.225483506917953,0.148274213075638,2.41952610015869,1.5324400737881e-4,0.648474991321564,0.00232319906353951,3150.4,1934.3999999999999,5.25
1133,2024,2024,26,Millville,07-16-2024,101,0.0014692407567054,0.00233166548423469,0.618463754653931,9.313027258031e-4,2.44292807579041,0.0378267541527748,0.118339732289314,1.27490139007568,0.00145355868153274,0.0272653009742498,0.305108577013016,0.00286678713746369,0.00191924290265888,0.00150313333142549,0.235739663243294,0.191532477736473,6.74328362038068e-8,0.100190177559853,0.345569938421249,0.345569938421249,-0.238203659653664,1.47381615638733,5.1845470443368e-4,-0.120841026306152,-0.120841026306152,0.00151009717956185,0.0272653009742498,-0.166021272540092,0.878147423267365,0.222691893577576,0.179407432675362,2.3917064666748,1.5809858450666e-4,0.618463754653931,0.00226998631842434,3150.4,1934.3999999999999,5.25
1134,2024,2024,26,Millville,06-05-2024,102,0.0104374913498759,0.00198335782624781,0.668171405792236,8.4777944721281e-4,1.5905829668045,0.0595653131604195,0.153337195515633,1.09928929805756,0.00117906380910426,0.0620084069669247,0.329459935426712,0.00265854271128774,0.00140710861887783,0.00128429045435041,0.198917552828789,0.28775417804718,1.49584327147068e-8,0.138091638684273,0.246216610074043,0.246216610074043,-0.0943821147084236,1.80801939964294,5.7799648493528e-4,-0.0472966246306896,-0.0472966246306896,0.00120355444960296,0.0620084069669247,-0.0690744295716286,0.982670426368713,0.320432305335999,0.0663368701934814,2.12516951560974,2.9825101955793e-4,0.668171405792236,0.00268035777844489,2314.4,1398.3999999999999,2.98
1134,2024,2024,26,Millville,06-25-2024,102,0.00681779673323035,0.00191704230383039,0.660585939884186,7.9614826245233e-4,1.99000656604767,0.0533366985619068,0.126023977994919,1.16026151180267,0.0011324459919706,0.043673150241375,0.339180618524551,0.0025131746660918,0.00139391014818102,0.00120536657050252,0.204394176602364,0.272264331579208,2.22421334683531e-8,0.124093346297741,0.269453406333923,0.269453406333923,-0.147560179233551,1.74825060367584,5.149120115675e-4,-0.0741861462593079,-0.0741861462593079,0.00116056611295789,0.043673150241375,-0.108727894723415,1.02654552459717,0.283348351716995,0.102663703262806,2.29627728462219,2.0844225946348e-4,0.660585939884186,0.00254112062975764,2314.4,1398.3999999999999,2.98
1134,2024,2024,26,Millville,07-11-2024,102,0.00465103657916188,0.00218936125747859,0.647487878799438,8.8793196482583e-4,2.31816411018372,0.0432786047458649,0.11176361143589,1.22977495193481,0.00132107373792678,0.0305729098618031,0.315811604261398,0.00268232193775475,0.00169771513901651,0.00137803493998945,0.213969483971596,0.216368094086647,4.5798046244272e-8,0.097946010529995,0.310449838638306,0.310449838638306,-0.203931450843811,1.5522186756134,4.7218095278367e-4,-0.103048495948315,-0.103048495948315,0.00136305997148156,0.0305729098618031,-0.145556539297104,0.92317134141922,0.217162191867828,0.147621557116508,2.36637425422668,1.7077676602639e-4,0.647487878799438,0.00234821089543402,2314.4,1398.3999999999999,2.98
1134,2024,2024,26,Millville,07-16-2024,102,0.00139333656989038,0.00245277700014412,0.61705493927002,9.8362506832927e-4,2.41684484481812,0.0386230610311031,0.120444566011429,1.27082657814026,0.00154045573435724,0.0285573154687881,0.300638377666473,0.00298632145859301,0.00203855847939849,0.00159650447312742,0.236816361546516,0.187370508909225,7.56127889189884e-8,0.0974666327238083,0.345413118600845,0.345413118600845,-0.23518168926239,1.46114611625671,5.2749412134289e-4,-0.119263432919979,-0.119263432919979,0.00160113198217005,0.0285573154687881,-0.163875862956047,0.859750747680664,0.21598456799984,0.177495777606964,2.35789394378662,1.7597487021703e-4,0.61705493927002,0.00232310080900788,2314.4,1398.3999999999999,2.98
1151,2024,2024,30,Millville,06-05-2024,117,0.00500315381214023,0.00193386513274163,0.696012735366821,9.5428904751315e-4,2.2928638458252,0.0309712793678045,0.090350054204464,1.19206404685974,0.00132613198366016,0.0273473113775253,0.262168437242508,0.00234819343313575,0.0016474190633744,0.00136694288812578,0.179236441850662,0.174718052148819,3.63403493963688e-8,0.0959625989198685,0.259359031915665,0.259359031915665,-0.173900723457336,1.42341423034668,4.0473655099049e-4,-0.0876178741455078,-0.0876178741455078,0.00135306245647371,0.0273473113775253,-0.1287552267313,0.710645854473114,0.212297841906548,0.137086778879166,2.05822062492371,1.4246179489418e-4,0.696012735366821,0.00171078194398433,3526.4,2262.3999999999996,10.01
1151,2024,2024,30,Millville,06-25-2024,117,0.00215114001184702,0.00209004152566195,0.687779188156128,9.9156412761658e-4,2.30588293075562,0.0364469699561596,0.0932415127754211,1.20077121257782,0.00137637800071388,0.0274912156164646,0.278406858444214,0.00252780970185995,0.00171470968052745,0.00142796861473471,0.184989139437675,0.189734414219856,4.03834619078225e-8,0.0965891033411026,0.272844731807709,0.272844731807709,-0.180949360132217,1.46832644939423,4.3595797615125e-4,-0.0912276580929756,-0.0912276580929756,0.00140837533399463,0.0274912156164646,-0.133023962378502,0.771644949913025,0.213832020759583,0.136607021093369,2.13760447502136,1.4841741358395e-4,0.687779188156128,0.0019827694632113,3526.4,2262.3999999999996,10.01
1151,2024,2024,30,Millville,07-11-2024,117,0.00694851763546467,0.0021610870026052,0.657886147499084,9.281777893193e-4,2.45537066459656,0.036118321120739,0.0970343202352524,1.25015544891357,0.0013655296061188,0.0236184280365705,0.299330711364746,0.00259533780626953,0.00176253833342344,0.00140441465191543,0.206355437636375,0.191687181591988,5.19565475087802e-8,0.0931763201951981,0.311565607786179,0.311565607786179,-0.219630524516106,1.47428953647614,4.3747390736825e-4,-0.111172504723072,-0.111172504723072,0.00140779826324433,0.0236184280365705,-0.157012686133385,0.854413628578186,0.205500394105911,0.161421045660973,2.33095693588257,1.2732544564642e-4,0.657886147499084,0.00208650040440261,3526.4,2262.3999999999996,10.01
1151,2024,2024,30,Millville,07-16-2024,117,0.00566597655415535,0.00231213797815144,0.61933171749115,9.3395699514076e-4,2.47128081321716,0.0362528935074806,0.11581888794898999,1.2789945602417,0.00145721237640828,0.0257817283272743,0.302467256784439,0.00281161838211119,0.0019299304112792,0.00150630401913077,0.235077381134033,0.186913564801216,6.8897833216397e-8,0.0989455059170723,0.347459882497787,0.347459882497787,-0.241224750876427,1.45976316928864,5.0103588728234e-4,-0.122419960796833,-0.122419960796833,0.00151343806646764,0.0257817283272743,-0.168537765741348,0.867248892784119,0.219621583819389,0.182559534907341,2.38474297523499,1.4780992933083e-4,0.61933171749115,0.00218955217860639,3526.4,2262.3999999999996,10.01
1153,2024,2024,30,Millville,06-05-2024,119,0.0224706660956144,0.00148692179936916,0.579613029956818,4.4670244096778e-4,0.803977072238922,0.0700782462954521,0.286366283893585,0.959728062152863,6.6997623071074e-4,0.131373852491379,0.426197558641434,0.00223343726247549,7.2714529233053e-4,8.2163570914417e-4,0.266132831573486,0.448528796434402,-1.5207418657681201e-9,0.180730268359184,0.252222955226898,0.252222955226898,0.0410821586847305,2.6266667842865,6.0065870638936e-4,0.0205497536808252,0.0205497536808252,6.9083529524505e-4,0.131373852491379,0.0289631281048059,1.48552024364471,0.441198617219925,-0.0232014767825603,2.32872605323792,3.3252118737436e-4,0.579613029956818,0.00288641639053822,8854.4,5814.4000000000005,17.03
1153,2024,2024,30,Millville,06-25-2024,119,0.0213385857641697,0.00162882590666413,0.592958569526672,5.111806676723e-4,1.27254903316498,0.0733318626880646,0.233203813433647,1.05442929267883,7.7847979264333e-4,0.0965923368930817,0.426564306020737,0.00229705357924104,9.1920542763546e-4,8.9617865160107e-4,0.255525410175323,0.415822952985764,3.5447837998248104e-9,0.169874101877213,0.279369235038757,0.279369235038757,-0.0529501400887966,2.42361950874329,6.0192990349605e-4,-0.0264936536550522,-0.0264936536550522,8.0293061910197e-4,0.0965923368930817,-0.0371926724910736,1.4877495765686,0.409273117780685,0.0311891287565231,2.54613423347473,3.1359936110675e-4,0.592958569526672,0.00309815839864314,8854.4,5814.4000000000005,17.03
1153,2024,2024,30,Millville,07-11-2024,119,0.0281531885266304,0.0019518492044881,0.604555428028107,6.4102839678525e-4,2.20332622528076,0.0558019503951073,0.145863890647888,1.23461163043976,0.00101529725361615,0.0408475622534752,0.389278411865234,0.00254540448077023,0.00132401043083519,0.00107639620546252,0.246451154351234,0.298519849777222,2.88274577542325e-8,0.129445821046829,0.338510364294052,0.338510364294052,-0.207690387964249,1.85111427307129,5.4654676932841e-4,-0.104989863932133,-0.104989863932133,0.00105383689515293,0.0408475622534752,-0.145124807953835,1.27481472492218,0.297387182712555,0.135673388838768,2.75192093849182,1.7276075959671e-4,0.604555428028107,0.00275912508368492,8854.4,5814.4000000000005,17.03
1153,2024,2024,30,Millville,07-16-2024,119,0.00903011113405228,0.00239097373560071,0.60698539018631,9.0835051378235e-4,2.56942749023438,0.0386700890958309,0.115416675806046,1.30680775642395,0.00145966000854969,0.0215184967964888,0.322320312261581,0.00292782881297171,0.00195804983377457,0.00150114693678916,0.244566380977631,0.197294503450394,7.51231894469129e-8,0.102321244776249,0.366036295890808,0.366036295890808,-0.26137837767601,1.49157381057739,5.3874595323577e-4,-0.133000984787941,-0.133000984787941,0.00152125954627991,0.0215184967964888,-0.180620864033699,0.951246738433838,0.227968528866768,0.193165674805641,2.54835271835327,1.2600874470081e-4,0.60698539018631,0.00234990799799562,8854.4,5814.4000000000005,17.03
1175,2024,2024,35,Millville,06-05-2024,139,0.00942588411271572,0.00146824936382473,0.620651602745056,5.698972963728e-4,1.0570080280304,0.0713386163115501,0.22747328877449,1.01136076450348,7.9987297067418e-4,0.100788146257401,0.400250196456909,0.00210938835516572,9.169154218398e-4,9.0622931020334e-4,0.23407156765461,0.395812451839447,8.16303580286615e-10,0.178020536899567,0.239133104681969,0.239133104681969,-0.0112962247803807,2.31023049354553,6.4739282242953e-4,-0.00564829260110855,-0.00564829260110855,8.1696623237803e-4,0.100788146257401,-0.00815765559673309,1.33472394943237,0.433150827884674,0.0068455315195024,2.32223987579346,3.275157068856e-4,0.620651602745056,0.00299040507525206,2274.4,1510.3999999999996,1.39
1175,2024,2024,35,Millville,06-25-2024,139,0.0102509735152125,0.00167322834022343,0.630275189876556,6.1660481151193e-4,1.79451894760132,0.0561236850917339,0.160837754607201,1.14601230621338,9.0997980441898e-4,0.0589829869568348,0.371519565582275,0.00222089816816151,0.00112743466161191,9.959990857169e-4,0.226786717772484,0.317264914512634,1.34140174523623e-8,0.136623531579971,0.289608329534531,0.289608329534531,-0.135450795292854,1.92939388751984,5.1404233090579e-4,-0.0680389180779457,-0.0680389180779457,9.3655381351709e-4,0.0589829869568348,-0.0964966639876366,1.18227887153625,0.316486567258835,0.0864859372377396,2.46069812774658,2.1338264923542e-4,0.630275189876556,0.00254919845610857,2274.4,1510.3999999999996,1.39
1175,2024,2024,35,Millville,07-11-2024,139,0.0054492624476552,0.00188770913518965,0.632101893424988,7.1541260695084e-4,2.35315299034119,0.0478805042803288,0.118699602782726,1.24877619743347,0.00108298333361745,0.0307090282440186,0.35704180598259,0.00239886506460607,0.00141011469531804,0.00112740090116858,0.225413709878922,0.256203204393387,3.36674368384138e-8,0.11827539652586,0.328116834163666,0.328116834163666,-0.218579694628716,1.68890643119812,5.1051593618467e-4,-0.110627390444279,-0.110627390444279,0.00111907382961363,0.0307090282440186,-0.154059946537018,1.11062216758728,0.26828196644783,0.148650884628296,2.64229846000671,1.3208162272349e-4,0.632101893424988,0.00245981919579208,2274.4,1510.3999999999996,1.39
1175,2024,2024,35,Millville,07-16-2024,139,0.00445342855527997,0.00217652530409396,0.597239196300507,7.9834199277684e-4,2.45618057250977,0.0435789227485657,0.127995610237122,1.29160380363464,0.00128308695275337,0.0280844122171402,0.343108773231506,0.00270925997756422,0.00171599723398685,0.00133397150784731,0.252160608768463,0.227022171020508,5.69431612973403e-8,0.111796081066132,0.366942375898361,0.366942375898361,-0.250442326068878,1.58739638328552,5.399051005952e-4,-0.127248778939247,-0.127248778939247,0.00133864744566381,0.0280844122171402,-0.172165840864182,1.04464411735535,0.251735150814056,0.179398640990257,2.63277006149292,1.4526292216032e-4,0.597239196300507,0.00244172918610275,2274.4,1510.3999999999996,1.39
1197,2024,2024,40,Millville,06-05-2024,159,0.0119652999565005,0.00175884820055217,0.576944589614868,5.7455810019746e-4,0.813250362873077,0.0973618105053902,0.288099557161331,0.959992170333862,8.405246771872e-4,0.130737066268921,0.440992325544357,0.00266228010877967,9.5504696946591e-4,0.00100034894421697,0.268275409936905,0.45948138833046,-3.41108097323684e-9,0.198193371295929,0.251943379640579,0.251943379640579,0.0408074408769608,2.70015025138855,8.4580469410866e-4,0.0204122215509415,0.0204122215509415,8.6189247667789e-4,0.130737066268921,0.0291770398616791,1.57776868343353,0.494367003440857,-0.0227899793535471,2.4358186721801798,4.5317743206396e-4,0.576944589614868,0.00398972351104021,802.3999999999999,478.4,0.49
1197,2024,2024,40,Millville,06-25-2024,159,0.00412919372320175,0.00182252295780927,0.570419669151306,5.8475183323025e-4,1.25507259368896,0.0806049704551697,0.24928680062294,1.05548012256622,9.0498477220535e-4,0.103675536811352,0.405180275440216,0.00255634845234454,0.00108801096212119,0.00104524753987789,0.27354496717453,0.386593550443649,5.943810332809111e-9,0.155299976468086,0.300706803798676,0.300706803798676,-0.0539433360099792,2.2604808807373,6.7748338915407e-4,-0.0269913151860237,-0.0269913151860237,9.3343073967844e-4,0.103675536811352,-0.0373311750590801,1.36236333847046,0.367704421281815,0.0320886112749577,2.47420120239258,3.868834755849e-4,0.570419669151306,0.0034408790525049,802.3999999999999,478.4,0.49
1197,2024,2024,40,Millville,07-11-2024,159,0.00549758318811655,0.00207548588514328,0.624812483787537,7.798631559126e-4,2.21068429946899,0.0508676841855049,0.133122712373734,1.22825682163239,0.00118632591329515,0.0383916161954403,0.34553262591362,0.00259257829748094,0.00152644899208099,0.00125312933232635,0.230911284685135,0.255339235067368,3.58638132524902e-8,0.108693368732929,0.323803156614304,0.323803156614304,-0.202747225761414,1.68578684329987,5.0832773558795e-4,-0.102437369525433,-0.102437369525433,0.00122650736011565,0.0383916161954403,-0.142254337668419,1.05592000484467,0.243896692991257,0.137252420186996,2.51486778259277,1.8308134167455e-4,0.624812483787537,0.00257344776764512,802.3999999999999,478.4,0.49
1197,2024,2024,40,Millville,07-16-2024,159,0.00175702467095107,0.00216718320734799,0.581134915351868,7.5008848216384e-4,2.22491383552551,0.049552459269762,0.156030237674713,1.25499188899994,0.00122010905761272,0.042181558907032,0.349773555994034,0.00277581298723817,0.00161556911189109,0.00129437854047865,0.264914155006409,0.245905488729477,4.58398154989936e-8,0.118628524243832,0.365942895412445,0.365942895412445,-0.223302364349365,1.65218734741211,5.7452626060694e-4,-0.113078847527504,-0.113078847527504,0.00127042771782726,0.042181558907032,-0.152829438447952,1.07585155963898,0.269190788269043,0.155625775456429,2.60481238365173,2.1695339819416e-4,0.581134915351868,0.00264604482799768,802.3999999999999,478.4,0.49
1208,2024,2024,43,Millville,06-05-2024,169,0.0113887842744589,0.00118963106069714,0.535838544368744,3.1424322514794e-4,0.360702276229858,0.0694886967539787,0.376100361347198,0.852939188480377,4.7351483954116e-4,0.180873468518257,0.483503699302673,0.00175683305133134,4.9026060150936e-4,6.2327680643647e-4,0.302220195531845,0.543847322463989,-3.6707723527484905e-09,0.218081802129745,0.22135391831398,0.22135391831398,0.157738879323006,3.38449740409851,5.7176611153408e-4,0.0793662369251251,0.0793662369251251,4.900466883555e-4,0.180873468518257,0.111693419516087,1.87224471569061,0.557812333106995,-0.0782824903726578,2.37930130958557,3.3820708631537e-4,0.535838544368744,0.0027443915605545,12262.4,7818.4,7.22
1208,2024,2024,43,Millville,06-25-2024,169,0.0197067186236382,0.0011928832391277,0.601524591445923,3.7825480103492e-4,1.37949216365814,0.0576577819883823,0.209319561719894,1.07307815551758,5.7507550809532e-4,0.0845953598618507,0.464157491922379,0.00166368414647877,6.7486573243513e-4,6.6600582795217e-4,0.248810052871704,0.432419270277023,2.4219415362125603e-9,0.195554926991463,0.27552130818367,0.27552130818367,-0.0704146772623062,2.52372765541077,5.3009402472525e-4,-0.0352510884404182,-0.0352510884404182,5.9287250041961e-4,0.0845953598618507,-0.0502414926886559,1.73243999481201,0.486185938119888,0.0412071347236633,2.75310397148132,1.9773747771978e-4,0.601524591445923,0.00244942982681096,12262.4,7818.4,7.22
1208,2024,2024,43,Millville,07-11-2024,169,0.0169486086815596,0.00163192942272872,0.598185062408447,5.2537163719534e-4,2.06820678710938,0.056186728179454803,0.15777225792408,1.20840382575989,8.387416601181e-4,0.0485675930976868,0.424745500087738,0.00218449858948588,0.00108384503982961,9.0693571837618e-4,0.251419514417648,0.337764948606491,1.74251013618232e-8,0.151401773095131,0.326845288276672,0.326845288276672,-0.187071114778519,2.02007579803467,5.5315910140052e-4,-0.0943685322999954,-0.0943685322999954,8.7060895748436e-4,0.0485675930976868,-0.130677625536919,1.47672200202942,0.356827914714813,0.120186917483807,2.85628366470337,1.7149577615782e-4,0.598185062408447,0.00264994730241597,12262.4,7818.4,7.22
1208,2024,2024,43,Millville,07-16-2024,169,0.0103481654077768,0.00206698523834348,0.596221745014191,7.11961009074e-4,2.78657460212708,0.043748140335083,0.104975894093513,1.35617399215698,0.00118160899728537,0.010923845693469,0.37416484951973,0.00266605522483587,0.00162492960225791,0.00120830175001174,0.25295877456665,0.238642811775208,5.96022786680805e-8,0.126342281699181,0.387227028608322,0.387227028608322,-0.295578181743622,1.62688791751862,6.0108758043497e-4,-0.151166245341301,-0.151166245341301,0.00123854051344097,0.010923845693469,-0.202691495418549,1.19572973251343,0.289226055145264,0.209829434752464,2.95487475395203,5.25020332133863e-5,0.596221745014191,0.00253398879431188,12262.4,7818.4,7.22
1266,2024,2024,56,Millville,06-05-2024,221,0.00897696986794472,0.00138372951187193,0.638120293617249,4.3708106386475e-4,0.753600656986237,0.055696427822113,0.235603764653206,0.955691039562225,6.191044813022e-4,0.109407112002373,0.413099527359009,0.0020875905174762,6.6585175227373e-4,7.7094574226066e-4,0.220911532640457,0.432840466499329,-1.32015021137022e-9,0.200793743133545,0.213228866457939,0.213228866457939,0.0452895201742649,2.5263454914093,5.4784613894298e-4,0.0226563848555088,0.0226563848555088,6.3832389423623e-4,0.109407112002373,0.0328010022640228,1.40773272514343,0.502483010292053,-0.0281920786947012,2.19559717178345,2.5486093363724e-4,0.638120293617249,0.00232014921493828,7854.4,4886.4,8.38
1266,2024,2024,56,Millville,06-25-2024,221,0.0082648042589426,0.00150321272667497,0.643148601055145,5.5799121037125e-4,1.9723649024963399,0.0429739132523537,0.139338493347168,1.17420876026154,8.2770053995773e-4,0.0477880798280239,0.367749184370041,0.00205015251412988,0.00103545980527997,8.887427393347e-4,0.217175379395485,0.298706203699112,1.25943229178915e-8,0.13981169462204,0.289808928966522,0.289808928966522,-0.159227967262268,1.85187149047852,4.4304094626568e-4,-0.0801251009106636,-0.0801251009106636,8.538402034901e-4,0.0477880798280239,-0.114137805998325,1.1633015871048,0.325072288513184,0.107038594782352,2.52977538108826,1.6044221410993e-4,0.643148601055145,0.00207502581179142,7854.4,4886.4,8.38
1266,2024,2024,56,Millville,07-11-2024,221,0.0106820371001959,0.00196658633649349,0.619839608669281,6.8052648566663e-4,2.1578426361084,0.053101759403944,0.139873281121254,1.22244679927826,0.00106035021599382,0.0418581105768681,0.378101497888565,0.00257098115980625,0.00137164618354291,0.00112166453618556,0.234690144658089,0.292067289352417,2.9162317005671e-8,0.131509929895401,0.322820246219635,0.322820246219635,-0.198196306824684,1.82512724399567,5.6884274818003e-4,-0.100090935826302,-0.100090935826302,0.00109827565029263,0.0418581105768681,-0.13845719397068,1.21595883369446,0.302847266197205,0.128750503063202,2.68062686920166,1.7017860955093e-4,0.619839608669281,0.00259105418808758,7854.4,4886.4,8.38
1266,2024,2024,56,Millville,07-16-2024,221,0.0024017384275794,0.00243313983082771,0.611624002456665,9.4492989592254e-4,2.55646109580994,0.0417059659957886,0.1142183765769,1.3005827665329,0.00149856973439455,0.0221323147416115,0.321696400642395,0.00299226609058678,0.0020036050118506,0.00154237868264318,0.240984261035919,0.19858692586422,7.76000845803537e-8,0.105493970215321,0.359210193157196,0.359210193157196,-0.25692430138588,1.49559187889099,5.7391508016735e-4,-0.130655080080032,-0.130655080080032,0.00156124285422266,0.0221323147416115,-0.178522989153862,0.948532104492188,0.235870897769928,0.190321370959282,2.52851629257202,1.333314430667e-4,0.611624002456665,0.00248774397186935,7854.4,4886.4,8.38
1298,2024,2024,63,Millville,06-05-2024,250,0.0262392926961184,0.00126385828480124,0.525121867656708,3.3099803840741e-4,0.262638241052628,0.0976311713457108,0.399418324232101,0.822776615619659,4.9939285963773e-4,0.196949645876884,0.531181931495667,0.00215188134461641,5.1571719814091e-4,6.5230211475864e-4,0.311370640993118,0.602942168712616,-5.36726973976442e-9,0.259812027215958,0.226372390985489,0.226372390985489,0.192633271217346,4.03704977035522,8.4690895164385e-4,0.0972271263599396,0.0972271263599396,5.1713810535147e-4,0.196949645876884,0.13512459397316,2.26604723930359,0.702016413211823,-0.0908259451389313,2.54840922355652,4.0059155435301e-4,0.525121867656708,0.00386134395375848,7006.4,4762.4,3.45
1298,2024,2024,63,Millville,06-25-2024,250,0.0280573833733797,0.00134344433899969,0.598448634147644,4.2943240259774e-4,1.50983309745789,0.063712939620018,0.204844444990158,1.10465598106384,6.5358122810721e-4,0.0805871784687042,0.451726913452148,0.00194923405069858,8.0317707033827e-4,7.2613451629877e-4,0.251213192939758,0.412900149822235,5.29065369292425e-9,0.178724840283394,0.296653270721436,0.296653270721436,-0.0992065519094467,2.40657544136047,5.8705022092908e-4,-0.0497259236872196,-0.0497259236872196,6.7303836112842e-4,0.0805871784687042,-0.0689485520124435,1.64781725406647,0.435237437486649,0.0563974156975746,2.89746141433716,2.1695376199204e-4,0.598448634147644,0.00278012431226671,7006.4,4762.4,3.45
1298,2024,2024,63,Millville,07-11-2024,250,0.0415892526507378,0.00166959769558161,0.612255156040192,5.668414523825e-4,2.35126900672913,0.0472954623401165,0.127554327249527,1.25849795341492,8.9717452647164e-4,0.0320968441665173,0.391586244106293,0.00220356299541891,0.00118180550634861,9.3847420066595e-4,0.240498483181,0.291805297136307,2.40925874805953e-8,0.133885055780411,0.343455255031586,0.343455255031586,-0.225951388478279,1.82408225536346,5.0555024063214e-4,-0.114455692470074,-0.114455692470074,9.3183619901537e-4,0.0320968441665173,-0.157724887132645,1.28723657131195,0.309162318706512,0.149606853723526,2.86237549781799,1.183531130664e-4,0.612255156040192,0.00238443585112691,7006.4,4762.4,3.45
1298,2024,2024,63,Millville,07-16-2024,250,0.0170443672686815,0.00204404210671782,0.596748292446136,7.0678943302482e-4,2.80902695655823,0.0404631569981575,0.101588517427444,1.36155426502228,0.00117111252620816,0.00964416656643152,0.376600742340088,0.00260669807903469,0.0016159760998562,0.00118648703210056,0.252545565366745,0.236782282590866,5.9092570836583e-8,0.122991643846035,0.390452563762665,0.390452563762665,-0.299187391996384,1.62048423290253,5.7639431906864e-4,-0.153100103139877,-0.153100103139877,0.00122724985703826,0.00964416656643152,-0.205389261245728,1.20821690559387,0.280479997396469,0.212812170386314,2.99374270439148,4.52312378911301e-5,0.596748292446136,0.00240477081388235,7006.4,4762.4,3.45
1324,2024,2024,69,Millville,06-05-2024,274,0.0227328520268202,0.00159574649296701,0.497801512479782,4.0339530096389e-4,0.0620288178324699,0.116852261126041,0.448060840368271,0.764470040798187,6.1973347328603e-4,0.225934505462646,0.504245460033417,0.00253377645276487,6.2610249733552e-4,8.3315995289012e-4,0.335290431976318,0.597172498703003,-1.12961719977989e-8,0.228245079517365,0.219471722841263,0.219471722841263,0.262295961380005,3.96490502357483,9.1154233086854e-4,0.133484810590744,0.133484810590744,6.4423331059515e-4,0.225934505462646,0.184968411922455,2.03425478935242,0.591496288776398,-0.123054221272469,2.22821474075317,5.7654100237414e-4,0.497801512479782,0.00454191397875547,2546.3999999999996,1674.3999999999999,2.87
1324,2024,2024,69,Millville,06-25-2024,274,0.0215283948928118,0.00170553056523204,0.51878434419632,4.4563776464201e-4,0.749905228614807,0.0924932658672333,0.34597435593605,0.940040946006775,7.0911197690293e-4,0.156726703047752,0.456402331590652,0.00241476972587407,8.050226024352e-4,8.8542699813842e-4,0.316842645406723,0.486275315284729,-4.0572629700363905e-9,0.170108407735825,0.280932724475861,0.280932724475861,0.0617531388998032,2.8931360244751,6.7288218997418e-4,0.0309060625731945,0.0309060625731945,7.3580077150836e-4,0.156726703047752,0.0426527634263039,1.67919170856476,0.409953325986862,-0.0311982147395611,2.41304492950439,4.6318169916048e-4,0.51878434419632,0.00373547547496855,2546.3999999999996,1674.3999999999999,2.87
1324,2024,2024,69,Millville,07-11-2024,274,0.025945857167244,0.00210621138103306,0.600642681121826,7.0513185346499e-4,2.36095809936523,0.0575717240571976,0.131946265697479,1.26486933231354,0.00112725421786308,0.0323900058865547,0.39181250333786,0.00271052867174149,0.00149028340820223,0.00118828925769776,0.249498084187508,0.289517462253571,3.89444316795107e-8,0.125640586018562,0.355344235897064,0.355344235897064,-0.230737969279289,1.81498825550079,5.885895807296e-4,-0.116946831345558,-0.116946831345558,0.00117304711602628,0.0323900058865547,-0.160424262285233,1.28845965862274,0.287388980388641,0.152471020817757,2.84999656677246,1.5228643314912e-4,0.600642681121826,0.00288282986730337,2546.3999999999996,1674.3999999999999,2.87
1324,2024,2024,69,Millville,07-16-2024,274,0.0112425740808249,0.00248314789496362,0.573413610458374,8.0832495586946e-4,2.50257563591003,0.0540914125740528,0.13546285033226,1.31699335575104,0.00136625103186816,0.0267565008252859,0.37798735499382,0.00316799688152969,0.00186964019667357,0.00142256356775761,0.271121561527252,0.251420915126801,7.27337550188167e-8,0.122066348791122,0.393577069044113,0.393577069044113,-0.268597185611725,1.67172849178314,6.6725653596222e-4,-0.136812344193459,-0.136812344193459,0.00143337342888117,0.0267565008252859,-0.181963980197906,1.21536862850189,0.278076469898224,0.186543613672256,2.91600918769836,1.4941647532396e-4,0.573413610458374,0.00299432780593634,2546.3999999999996,1674.3999999999999,2.87
1327,2024,2024,69,Millville,06-05-2024,276,0.0319601148366928,0.00138967367820442,0.536752641201019,3.6693559377454e-4,0.373434484004974,0.0884635969996452,0.369604229927063,0.852742910385132,5.4471020121127e-4,0.179429054260254,0.495880722999573,0.00221887603402138,5.7568552438169e-4,7.1128451963886e-4,0.301445603370667,0.556718468666077,-5.29101740198712e-9,0.232102990150452,0.231352970004082,0.231352970004082,0.157963275909424,3.51180553436279,7.660211995244e-4,0.0794805735349655,0.0794805735349655,5.6415726430714e-4,0.179429054260254,0.111481189727783,1.96731650829315,0.604515910148621,-0.0784277096390724,2.42457365989685,4.1304979822598e-4,0.536752641201019,0.00353477220050991,8970.4,5878.4,11.47
1327,2024,2024,69,Millville,06-25-2024,276,0.0358967147767544,0.00158536364324391,0.577798545360565,4.8162715393118e-4,1.23172378540039,0.0758296549320221,0.250314176082611,1.04724717140198,7.3790166061371e-4,0.104650273919106,0.436853736639023,0.00224292650818825,8.8828412117436e-4,8.4621686255559e-4,0.267588943243027,0.429241240024567,3.1919213938635903e-9,0.165848597884178,0.283815979957581,0.283815979957581,-0.046132255345583,2.50410771369934,5.9884396614506e-4,-0.0230784118175507,-0.0230784118175507,7.6179264578968e-4,0.104650273919106,-0.0327570475637913,1.55147528648376,0.397646278142929,0.0255292784422636,2.61929678916931,3.1378760468214e-4,0.577798545360565,0.00318380165845156,8970.4,5878.4,11.47
1327,2024,2024,69,Millville,07-11-2024,276,0.0361576750874519,0.00195236201398075,0.600442945957184,6.1577616725117e-4,2.26855826377869,0.058513056486845,0.142943352460861,1.2522953748703,9.8884699400514e-4,0.0381764881312847,0.404835015535355,0.0025748498737812,0.0013092989102006,0.00104812567587942,0.249654054641724,0.31116309762001,3.02148350783682e-8,0.135303169488907,0.347639203071594,0.347639203071594,-0.221257701516151,1.90344488620758,5.8328121667727e-4,-0.112017005681992,-0.112017005681992,0.0010302847949788,0.0381764881312847,-0.152831494808197,1.36041283607483,0.312949389219284,0.140936076641083,2.91153573989868,1.5237524348776e-4,0.600442945957184,0.00286574871279299,8970.4,5878.4,11.47
1327,2024,2024,69,Millville,07-16-2024,276,0.0104351490736008,0.00242359098047018,0.594379842281342,8.8237127056345e-4,2.66052985191345,0.0424053892493248,0.114597536623478,1.33344221115112,0.001446413109079,0.0173259694129229,0.343518257141113,0.00301429908722639,0.00196852115914226,0.00148242420982569,0.254406213760376,0.210985213518143,8.16822165461417e-8,0.109918475151062,0.38310706615448,0.38310706615448,-0.280075222253799,1.53480672836304,5.9445673832669e-4,-0.142897129058838,-0.142897129058838,0.0015143264317885,0.0173259694129229,-0.192110881209373,1.04654324054718,0.2469851821661,0.203870564699173,2.72644901275635,9.74874637904577e-5,0.594379842281342,0.00256451941095293,8970.4,5878.4,11.47
1334,2024,2024,71,Millville,06-05-2024,283,0.0074080266058445,0.00147301389370114,0.553666591644287,4.3538547470234e-4,0.355922669172287,0.101556494832039,0.358121901750565,0.861261606216431,6.3127855537459e-4,0.173712119460106,0.486757278442383,0.00232746847905219,6.752829067409e-4,7.9166854266077e-4,0.287277460098267,0.551792323589325,-6.41007336099619e-9,0.229144215583801,0.220046803355217,0.220046803355217,0.148256227374077,3.46221780776978,8.433464099653e-4,0.074539989233017,0.074539989233017,6.5068318508565e-4,0.173712119460106,0.107592515647411,1.89679169654846,0.594519019126892,-0.077045165002346,2.3750307559967,4.4304053881205e-4,0.553666591644287,0.00401102192699909,4658.4,2962.4,2.94
1334,2024,2024,71,Millville,06-25-2024,283,0.00599125493317842,0.00160342501476407,0.598613500595093,5.4008822189644e-4,1.3608536720275899,0.0694822371006012,0.217828661203384,1.07128238677979,8.0434430856257e-4,0.0890550538897514,0.414025157690048,0.00221954542212188,9.66741819866e-4,9.0974272461608e-4,0.251084119081497,0.389715194702148,5.47747625034845e-9,0.16430838406086,0.281093597412109,0.281093597412109,-0.068747766315937,2.27715849876404,6.1599921900779e-4,-0.0344145968556404,-0.0344145968556404,8.265619399026e-4,0.0890550538897514,-0.0489304326474667,1.41311585903168,0.393227308988571,0.0413405895233154,2.54107594490051,2.9158836696296e-4,0.598613500595093,0.00299630966037512,4658.4,2962.4,2.94
1334,2024,2024,71,Millville,07-11-2024,283,0.00994378793984652,0.00201776134781539,0.616204082965851,7.2482589166611e-4,2.30757713317871,0.0539074502885342,0.128183722496033,1.2472106218338,0.00112508679740131,0.0339113585650921,0.373248547315598,0.00261572049930692,0.00147611228749156,0.00117447425145656,0.237467467784882,0.269511818885803,3.76638809029828e-8,0.123205959796906,0.338736951351166,0.338736951351166,-0.217384800314903,1.73789513111115,5.721632624045e-4,-0.110007762908936,-0.110007762908936,0.0011649546213448,0.0339113585650921,-0.151857629418373,1.19105768203735,0.281037390232086,0.146915704011917,2.73633313179016,1.6094301827251e-4,0.616204082965851,0.00274456897750497,4658.4,2962.4,2.94
1334,2024,2024,71,Millville,07-16-2024,283,0.00149299518670887,0.00244111684150994,0.59161639213562,8.7018025806173e-4,2.59819221496582,0.0481242761015892,0.121148712933064,1.32570219039917,0.00142591958865523,0.0209075585007668,0.353598475456238,0.00307640433311462,0.00193817622493953,0.0014718520687893,0.256584197282791,0.226158082485199,7.82695366297048e-8,0.116564944386482,0.383944243192673,0.383944243192673,-0.274701714515686,1.58450710773468,6.3671870157122e-4,-0.140044644474983,-0.140044644474983,0.00149231601972133,0.0209075585007668,-0.187888577580452,1.09405219554901,0.263890236616135,0.196479573845863,2.77445459365845,1.1808213457698e-4,0.59161639213562,0.00277484464459121,4658.4,2962.4,2.94
1339,2024,2024,72,Millville,06-05-2024,286,0.0157898347824812,0.00148760329466313,0.640035033226013,5.5048015201464e-4,1.23425853252411,0.064398854970932,0.197490215301514,1.04099750518799,7.733060629107e-4,0.0859348401427269,0.391423404216766,0.00224076304584742,8.8013568893075e-4,8.8100956054404e-4,0.219486132264137,0.375926345586777,2.57317811502844e-9,0.169208064675331,0.233305081725121,0.233305081725121,-0.0401576869189739,2.20475006103516,5.9748353669419e-4,-0.0200869478285313,-0.0200869478285313,7.9131603706628e-4,0.0859348401427269,-0.0299142207950354,1.28635692596436,0.407341599464417,0.0261969473212957,2.26967167854309,2.7495415997691e-4,0.640035033226013,0.00272267987020314,4130.4,2554.4,4.03
1339,2024,2024,72,Millville,06-25-2024,286,0.0146331656724215,0.00162123667541891,0.645892977714539,6.1807362362742e-4,1.7958916425705,0.0530998781323433,0.152221590280533,1.14207530021667,8.932989439927e-4,0.0560941770672798,0.369711101055145,0.00217876280657947,0.00108452583663166,9.6761964960023e-4,0.215145826339722,0.324189424514771,1.12303037980155e-8,0.140492886304855,0.274058282375336,0.274058282375336,-0.132071003317833,1.95940935611725,4.7844933578744e-4,-0.0663259997963905,-0.0663259997963905,9.1558712301775e-4,0.0560941770672798,-0.0949723795056343,1.17314803600311,0.326914995908737,0.0833889991044998,2.42226767539978,1.9153536413796e-4,0.645892977714539,0.00241187703795731,4130.4,2554.4,4.03
1339,2024,2024,72,Millville,07-11-2024,286,0.0120611069723964,0.001987608615309,0.635311305522919,7.5899268267676e-4,2.32649612426758,0.0484325364232063,0.118075400590897,1.24013352394104,0.00114046840462834,0.0316425114870071,0.347164869308472,0.00255482620559633,0.0014762703794986,0.00119360035751015,0.223008692264557,0.25226292014122,3.63598964270295e-8,0.116866886615753,0.321199476718903,0.321199476718903,-0.211956530809402,1.67473709583282,5.211106617935e-4,-0.107196062803268,-0.107196062803268,0.00117935054004192,0.0316425114870071,-0.149765223264694,1.06356060504913,0.264664232730865,0.146626964211464,2.53610181808472,1.5269729192368e-4,0.635311305522919,0.00250149494968355,4130.4,2554.4,4.03
1339,2024,2024,72,Millville,07-16-2024,286,0.00481638265773654,0.00236766831949353,0.608865022659302,8.9071848196908e-4,2.6107280254364,0.0400449931621552,0.110734805464745,1.31265735626221,0.00143494317308068,0.0193902421742678,0.333371669054031,0.00294835609383881,0.00193363626021892,0.00147029128856957,0.24311238527297999,0.206619173288345,7.57565814524241e-8,0.10994803160429,0.366455763578415,0.366455763578415,-0.265534669160843,1.52085745334625,5.6732271332293e-4,-0.135193973779678,-0.135193973779678,0.00149676587898284,0.0193902421742678,-0.183763533830643,1.00017261505127,0.247059792280197,0.196350589394569,2.61722421646118,1.0555663175182e-4,0.608865022659302,0.00243079359643161,4130.4,2554.4,4.03
1351,2024,2024,75,Millville,06-05-2024,297,0.00716687506064773,0.00137507228646427,0.676825940608978,5.8072805404663e-4,1.76786613464355,0.04330750182271,0.132155507802963,1.12076890468597,8.0187292769551e-4,0.0515936836600304,0.338824898004532,0.00200369860976934,9.5683889230713e-4,8.7453675223514e-4,0.192729651927948,0.286352962255478,8.175588206427161e-9,0.150397911667824,0.241458937525749,0.241458937525749,-0.11352352052927,1.80250728130341,0.00047443746007047003,-0.0569458305835724,-0.0569458305835724,8.1959535600617e-4,0.0515936836600304,-0.084086000919342,1.02491724491119,0.354043215513229,0.0809853374958038,2.23217868804932,1.7808326811064e-4,0.676825940608978,0.00196095136925578,4702.4,3014.3999999999996,6.77
1351,2024,2024,75,Millville,06-25-2024,297,0.00722014158964157,0.0015306593850255,0.691670954227448,6.7683606175705e-4,2.41010880470276,0.037053856998682,0.0855898559093475,1.21468412876129,9.4076729146763e-4,0.0227439794689417,0.343728840351105,0.00208167266100645,0.00120424141641706,9.6987455617636e-4,0.182262971997261,0.229267954826355,2.38232207294686e-8,0.140029430389404,0.278091192245483,0.278091192245483,-0.192068561911583,1.59493553638458,4.7506394912488e-4,-0.0969366878271103,-0.0969366878271103,9.6678576664999e-4,0.0227439794689417,-0.141348481178284,1.0475207567215,0.325660973787308,0.142901405692101,2.53185296058655,9.90394910331815e-5,0.691670954227448,0.00195862422697246,4702.4,3014.3999999999996,6.77
1351,2024,2024,75,Millville,07-11-2024,297,0.00456770602613688,0.00195388100109994,0.647794127464294,7.8028562711551e-4,2.34966087341309,0.0411020964384079,0.110087692737579,1.23753154277802,0.00116202095523477,0.0293937716633081,0.325509965419769,0.00247153942473233,0.00149713200516999,0.00120855204295367,0.213743880391121,0.228632554411888,3.62084655591843e-8,0.107845112681389,0.312244296073914,0.312244296073914,-0.209949731826782,1.59279823303223,4.7039170749485e-4,-0.106157884001732,-0.106157884001732,0.00119962845928967,0.0293937716633081,-0.149185031652451,0.965203285217285,0.241763204336166,0.147916913032532,2.44134283065796,1.3594268239103e-4,0.647794127464294,0.00221760710701346,4702.4,3014.3999999999996,6.77
1351,2024,2024,75,Millville,07-16-2024,297,0.00396082084625959,0.00239132693968713,0.618764817714691,9.450793149881e-4,2.63149762153625,0.038293931633234,0.104697026312351,1.31018209457397,0.00149040517862886,0.0178405344486237,0.318663567304611,0.00295670866034925,0.00199808552861214,0.00152836297638714,0.235509932041168,0.19343090057373,7.96823300674987e-8,0.106218546628952,0.357700258493423,0.357700258493423,-0.26377934217453,1.47963881492615,5.6821433827281e-4,-0.134267345070839,-0.134267345070839,0.00155250553507358,0.0178405344486237,-0.183427110314369,0.93540745973587,0.237683489918709,0.197044402360916,2.53832268714905,1.0440229380037e-4,0.618764817714691,0.00236962898634374,4702.4,3014.3999999999996,6.77
1357,2024,2024,76,Millville,06-05-2024,303,0.00798388384282589,0.00166412035468966,0.60067343711853,5.6031881831586e-4,0.942813873291016,0.086555615067482,0.256559282541275,0.989074051380157,8.0806558253243e-4,0.112901665270329,0.428902387619019,0.00247320020571351,9.1523799346759e-4,9.4233115669339e-4,0.249474123120308,0.434321194887161,-8.09841749216389e-10,0.188214987516403,0.238312870264053,0.238312870264053,0.0109856156632304,2.53557515144348,7.4972730362787e-4,0.00549297360703349,0.00549297360703349,8.3079724572598e-4,0.112901665270329,0.00791415944695473,1.50202834606171,0.463706523180008,-0.00652230065315962,2.37037539482117,3.8887091795913e-4,0.60067343711853,0.00356934242881835,1806.3999999999999,1250.4,2.01
1357,2024,2024,76,Millville,06-25-2024,303,0.00438528275117278,0.00181546446401626,0.623652577400208,6.6193332895636e-4,1.73304629325867,0.0666855499148369,0.168629303574562,1.13734447956085,9.7970699425786e-4,0.0629254579544067,0.392492055892944,0.00244490383192897,0.00120927940588444,0.00106595049146563,0.231790617108345,0.333271354436874,1.50205590188079e-8,0.151335269212723,0.294343203306198,0.294343203306198,-0.127990290522575,1.99972105026245,6.2214507488533e-4,-0.0642593950033188,-0.0642593950033188,0.00100685900542885,0.0629254579544067,-0.0911057367920876,1.29213798046112,0.356643229722977,0.0807317346334457,2.60659384727478,2.499975671526e-4,0.623652577400208,0.00298899482004344,1806.3999999999999,1250.4,2.01
1357,2024,2024,76,Millville,07-11-2024,303,0.00443365704268217,0.00209423457272351,0.627097129821777,7.8071415191516e-4,2.43940424919128,0.0479863882064819,0.114428773522377,1.26673471927643,0.00119985779747367,0.0267339237034321,0.355423718690872,0.00266143842600286,0.00157650257460773,0.00124461879022419,0.229182928800583,0.248770222067833,4.41844356657839e-8,0.117013268172741,0.336875528097153,0.336875528097153,-0.232132717967033,1.66230130195618,5.3889217087999e-4,-0.11767353862524,-0.11767353862524,0.00124423764646053,0.0267339237034321,-0.162911891937256,1.10281360149384,0.265039712190628,0.159757018089294,2.66671848297119,1.2543231423478e-4,0.627097129821777,0.0025519470218569,1806.3999999999999,1250.4,2.01
1357,2024,2024,76,Millville,07-16-2024,303,0.00372066954150796,0.00244772084988654,0.592915058135986,8.5598340956494e-4,2.57982921600342,0.0491238199174404,0.120642133057117,1.31895530223846,0.0014089384349063,0.0217685550451279,0.357814371585846,0.00312975724227726,0.00192256993614137,0.00145305669866502,0.255559742450714,0.23063699901104,7.66809264973745e-8,0.120232619345188,0.379859060049057,0.379859060049057,-0.269977867603302,1.59955322742462,6.6104112192988e-4,-0.137542650103569,-0.137542650103569,0.00147555908188224,0.0217685550451279,-0.18513298034668,1.11436426639557,0.273328214883804,0.192704662680626,2.7912220954895,1.2372803757898e-4,0.592915058135986,0.00283580156974494,1806.3999999999999,1250.4,2.01
1361,2024,2024,77,Millville,06-05-2024,306,0.0109061142429709,0.00130959623493254,0.586631119251251,3.9912885404191e-4,0.445496529340744,0.083517976105213207,0.315624475479126,0.884851276874542,5.7206774363294e-4,0.15287584066391,0.47460001707077,0.00209841295145452,6.1903183814138e-4,7.0507952477783e-4,0.260532438755035,0.519794166088104,-4.43128822524841e-9,0.215289548039436,0.205471441149712,0.205471441149712,0.121729038655758,3.16488122940063,7.0348783629015e-4,0.0610916838049889,0.0610916838049889,5.8814912335947e-4,0.15287584066391,0.0891117453575134,1.80662381649017,0.548711001873016,-0.0642530769109726,2.40329623222351,3.7377639091573e-4,0.586631119251251,0.00336594181135297,5274.4,3378.3999999999996,7.52
1361,2024,2024,77,Millville,06-25-2024,306,0.00659872591495514,0.00149129296187311,0.620641529560089,4.975200863555e-4,1.85397958755493,0.0557082891464233,0.164930865168571,1.16479802131653,7.4248790042474e-4,0.058342918753624,0.413665890693665,0.00207873736508191,9.2980556655675e-4,8.0840865848586e-4,0.234079197049141,0.352177977561951,9.778372778157521e-9,0.160013988614082,0.304593771696091,0.304593771696091,-0.151375383138657,2.08726787567139,5.3448270773515e-4,-0.0761263221502304,-0.0761263221502304,7.6631671981886e-4,0.058342918753624,-0.105966329574585,1.41102468967438,0.380992025136948,0.0918697193264961,2.79594540596008,1.7722680058796e-4,0.620641529560089,0.00254158745519817,5274.4,3378.3999999999996,7.52
1361,2024,2024,77,Millville,07-11-2024,306,0.00707911280915141,0.00169744633603841,0.619213163852692,5.8050418738275e-4,2.21069979667664,0.0508071519434452,0.135648891329765,1.22992467880249,8.9503545314073e-4,0.0393399074673653,0.394114464521408,0.00226663984358311,0.00116535869892687,9.4013096531853e-4,0.235167816281319,0.303700804710388,2.23609024629923e-8,0.135235399007797,0.32953417301178,0.32953417301178,-0.204048082232475,1.87232840061188,5.2990845870226e-4,-0.103108696639538,-0.103108696639538,9.2677475186064e-4,0.0393399074673653,-0.142846718430519,1.3009535074234,0.312768131494522,0.131742969155312,2.8203182220459,1.4266946527641e-4,0.619213163852692,0.00251684198155999,5274.4,3378.3999999999996,7.52
1361,2024,2024,77,Millville,07-16-2024,306,0.00631307205185294,0.00221746182069182,0.601611435413361,8.0156576586887e-4,2.62832617759705,0.0456073209643364,0.1130091547966,1.32177889347076,0.00128823681734502,0.0188114959746599,0.359507381916046,0.00281798769719899,0.00173991231713444,0.00132767367176712,0.248742312192917,0.233575105667114,6.1566069575747e-8,0.120943538844585,0.373681455850601,0.373681455850601,-0.271959394216537,1.60951852798462,6.0648471117019e-4,-0.138591542840004,-0.138591542840004,0.00134379637893289,0.0188114959746599,-0.187527939677238,1.1225962638855,0.275166720151901,0.193444862961769,2.79720139503479,9.58037780947052e-5,0.601611435413361,0.00260555278509855,5274.4,3378.3999999999996,7.52
1372,2024,2024,79,Millville,06-05-2024,316,0.0086223166435957,0.00121864990796894,0.492832988500595,2.6566453743726e-4,0.0928162261843681,0.108137436211109,0.45304661989212,0.768509924411774,4.1742797475308e-4,0.227271899580956,0.589888334274292,0.00215431628748775,4.2061053682118e-4,5.725278169848e-4,0.339734613895416,0.669791638851166,-5.7351008386774505e-9,0.292781502008438,0.22118578851223,0.22118578851223,0.257381200790405,5.05678224563599,9.5795129891485e-4,0.130895525217056,0.130895525217056,4.3643507524393e-4,0.227271899580956,0.181251481175423,2.87672114372253,0.827980279922485,-0.108985170722008,2.77676725387573,4.1237447294406e-4,0.492832988500595,0.00425317790359259,10322.4,6646.4,7.99
1372,2024,2024,79,Millville,06-25-2024,316,0.00963022746145725,0.00138360355049372,0.561169981956482,3.6886421730741e-4,2.02668237686157,0.0657979100942612,0.188899546861649,1.21924889087677,6.21207524091e-4,0.0562383979558945,0.50970184803009,0.00204023206606507,8.1477436469867e-4,6.8075669696554e-4,0.281090468168259,0.434239864349365,1.03109689675307e-8,0.194124937057495,0.363089710474014,0.363089710474014,-0.195678561925888,2.53506684303284,6.3132302602753e-4,-0.0987942218780518,-0.0987942218780518,6.4907944761216e-4,0.0562383979558945,-0.132687002420425,2.07915043830872,0.481774240732193,0.109744720160961,3.64649319648743,1.4503038255497e-4,0.561169981956482,0.00295357988215983,10322.4,6646.4,7.99
1372,2024,2024,79,Millville,07-11-2024,316,0.0276354588568211,0.00174784136470407,0.587362587451935,5.1366194384172e-4,2.3447093963623,0.0615391805768013,0.143163353204727,1.27113091945648,8.4388465620577e-4,0.0348365269601345,0.449778407812119,0.00235896767117083,0.00112502777483314,8.9131441200152e-4,0.259951561689377,0.348772406578064,2.33076011824096e-8,0.146894842386246,0.362179398536682,0.362179398536682,-0.235407933592796,2.07112288475037,5.9401174075901e-4,-0.119381472468376,-0.119381472468376,8.8024797150865e-4,0.0348365269601345,-0.16228586435318,1.63489902019501,0.344376891851425,0.142307475209236,3.28535747528076,1.2202031211927e-4,0.587362587451935,0.00297925435006618,10322.4,6646.4,7.99
1372,2024,2024,79,Millville,07-16-2024,316,0.0101462602615356,0.00206149113364518,0.583654224872589,6.9743336644023e-4,2.69181251525879,0.042437769472599,0.117802456021309,1.34868037700653,0.00117933412548155,0.0160387028008699,0.373508512973785,0.00267011229880154,0.00163407053332776,0.00120505644008517,0.262901961803436,0.238422870635986,5.93730753450927e-8,0.12749083340168,0.392962843179703,0.392962843179703,-0.290513157844543,1.62612926959991,5.9106660773977e-4,-0.148458003997803,-0.148458003997803,0.00123959220945835,0.0160387028008699,-0.19809789955616,1.1923816204071,0.292239516973495,0.206495359539986,2.9510133266449,7.48080929042771e-5,0.583654224872589,0.00246347510255873,10322.4,6646.4,7.99
1390,2024,2024,84,Millville,06-05-2024,333,0.00669694365933537,0.00141407537739724,0.644365131855011,5.1240395987406e-4,1.45053601264954,0.0497496537864208,0.177004665136337,1.07851982116699,7.3141488246619e-4,0.0728247836232185,0.377173125743866,0.00206398172304034,8.564107120037e-4,8.360116626136e-4,0.216274872422218,0.343532919883728,4.24263513210121e-9,0.160796523094177,0.243465527892113,0.243465527892113,-0.0754458755254745,2.04661154747009,5.023178528063e-4,-0.0377767756581306,-0.0377767756581306,7.4687541928142e-4,0.0728247836232185,-0.0549692772328854,1.21116530895233,0.383212238550186,0.0506911799311638,2.34033370018005,2.1486231707967e-4,0.644365131855011,0.00220711901783943,5718.4,3894.4,6.69
1390,2024,2024,84,Millville,06-25-2024,333,0.00842298567295074,0.00153824302833527,0.647844910621643,5.6845415383577e-4,1.84439694881439,0.0436943881213665,0.145493522286415,1.14833962917328,8.212539833039e-4,0.0530767478048801,0.363615542650223,0.00203240872360766,0.00100333045702428,8.8874739594757e-4,0.213706448674202,0.298939436674118,1.06583595282927e-8,0.129056796431541,0.2771155834198,0.2771155834198,-0.137441694736481,1.85282075405121,4.4374712160788e-4,-0.0690484941005707,-0.0690484941005707,8.4127124864608e-4,0.0530767478048801,-0.0990495160222054,1.14275431632996,0.296361029148102,0.0919712707400322,2.41956067085266,1.7918062803801e-4,0.647844910621643,0.00205746060237288,5718.4,3894.4,6.69
1390,2024,2024,84,Millville,07-11-2024,333,0.0150365671142936,0.00205060001462698,0.629954993724823,7.4285129085183e-4,2.27936291694641,0.048929501324892,0.123575747013092,1.23606503009796,0.00113818107638508,0.034087672829628,0.35801887512207,0.00261884438805282,0.00147866900078952,0.00119037216063589,0.227027729153633,0.26475390791893,3.53390134932852e-8,0.118984214961529,0.324941724538803,0.324941724538803,-0.208815902471542,1.72017765045166,5.2942254114896e-4,-0.105571620166302,-0.105571620166302,0.00117858767043799,0.034087672829628,-0.146934852004051,1.11535632610321,0.270106911659241,0.141631513834,2.59930062294006,1.5795524814166e-4,0.629954993724823,0.00249962694942951,5718.4,3894.4,6.69
1390,2024,2024,84,Millville,07-16-2024,333,0.00394141208380461,0.00231046252883971,0.602735757827759,8.6131179705262e-4,2.71202421188354,0.0387390032410622,0.106871888041496,1.33884537220001,0.00140039331745356,0.0143264858052135,0.336579531431198,0.0028791488148272,0.00191425939556211,0.00142573670018464,0.247866302728653,0.202992379665375,7.82482061367773e-8,0.110113687813282,0.378406852483749,0.378406852483749,-0.283797711133957,1.50938630104065,5.7005457347258e-4,-0.144877225160599,-0.144877225160599,0.0014644144102931,0.0143264858052135,-0.19538114964962,1.01467955112457,0.247478112578392,0.209915161132812,2.69514203071594,7.99892732175067e-5,0.602735757827759,0.00238984287716448,5718.4,3894.4,6.69
1396,2024,2024,85,Millville,06-05-2024,338,0.015377645380795,0.00174860458355397,0.633795857429504,6.9845665711909e-4,1.34585344791412,0.0671516135334969,0.195883184671402,1.06416857242584,9.9258485715836e-4,0.0817925706505775,0.360948473215103,0.00244580092839897,0.00116404180880636,0.00110186019446701,0.224143162369728,0.336988180875778,6.4688525647227404e-9,0.14777173101902,0.248790413141251,0.248790413141251,-0.062113780528307,2.01653742790222,6.0515286168083e-4,-0.0310869049280882,-0.0310869049280882,0.00101752765476704,0.0817925706505775,-0.0448740758001804,1.12963795661926,0.346789091825485,0.0395295359194279,2.2596333026886,3.0307736597023e-4,0.633795857429504,0.00288526900112629,1914.3999999999999,1186.3999999999999,0.7
1396,2024,2024,85,Millville,06-25-2024,338,0.00866609439253807,0.00177490548230708,0.625042259693146,6.4532301621511e-4,1.43397152423859,0.0695411860942841,0.194484978914261,1.08020448684692,9.3556044157594e-4,0.0792788341641426,0.379601895809174,0.00238820305094123,0.0011133102234453,0.00104485708288848,0.230737239122391,0.353341788053513,7.49802353539053e-9,0.139571756124496,0.262875258922577,0.262875258922577,-0.0769976004958153,2.09282398223877,5.7285150978714e-4,-0.0385560281574726,-0.0385560281574726,9.585281368345e-4,0.0792788341641426,-0.0552461296319962,1.2237366437912,0.324423938989639,0.0465103536844254,2.3615460395813,2.863484842237e-4,0.625042259693146,0.00301220384426415,1914.3999999999999,1186.3999999999999,0.7
1396,2024,2024,85,Millville,07-11-2024,338,0.00740243494510651,0.00241344934329391,0.632485508918762,9.1756257461383e-4,2.32129311561584,0.0566361136734486,0.119848564267159,1.2407511472702,0.00138755945954472,0.032157551497221,0.343794614076614,0.00298566510900855,0.00178994284942746,0.00145160802640021,0.22512574493885,0.24899522960186,5.10943110043627e-8,0.107990473508835,0.322454571723938,0.322454571723938,-0.212432026863098,1.66309893131256,5.6929251877591e-4,-0.107442148029804,-0.107442148029804,0.00143348355777562,0.032157551497221,-0.150138020515442,1.04782629013062,0.242128521203995,0.145213827490807,2.51202535629272,1.7078143719118e-4,0.632485508918762,0.00286185997538269,1914.3999999999999,1186.3999999999999,0.7
1396,2024,2024,85,Millville,07-16-2024,338,0.00523940334096551,0.00263279769569635,0.605124115943909,9.7814574837684e-4,2.63033699989319,0.045224417001009,0.11048736423254,1.31830859184265,0.00157937407493591,0.0184446237981319,0.334056198596954,0.00324648059904575,0.00213842117227614,0.00162354938220233,0.246009573340416,0.206019908189774,9.31583130636682e-8,0.106316827237606,0.370680063962936,0.370680063962936,-0.269523084163666,1.51895487308502,6.1676366021856e-4,-0.137302055954933,-0.137302055954933,0.00164999184198678,0.0184446237981319,-0.186148270964622,1.00325644016266,0.237929582595825,0.197708174586296,2.63507199287415,1.1738517059711e-4,0.605124115943909,0.00272532692179084,1914.3999999999999,1186.3999999999999,0.7
1401,2024,2024,86,Millville,06-05-2024,343,0.0174615792930126,0.00154377124272287,0.584387838840485,5.0877372268587e-4,0.860376536846161,0.0746582075953484,0.27613753080368,0.971572399139404,7.3841266566887e-4,0.124241091310978,0.414816319942474,0.00231718760915101,8.1350293476134e-4,8.8449061149731e-4,0.262317180633545,0.431006461381912,-1.30238864137766e-9,0.17431166768074,0.238969936966896,0.238969936966896,0.0288315191864967,2.51497864723206,6.2496645841747e-4,0.0144187575206161,0.0144187575206161,7.584806298837e-4,0.124241091310978,0.0202416032552719,1.41773056983948,0.422221451997757,-0.0171430520713329,2.31606149673462,3.5667291376739e-4,0.584387838840485,0.0030562411993742,4588.4,2898.3999999999996,12.84
1401,2024,2024,86,Millville,06-25-2024,343,0.0172095820307732,0.00165893300436437,0.594785571098328,5.6351680541411e-4,1.29858410358429,0.0703414082527161,0.228167250752449,1.06061458587646,8.3796679973602e-4,0.0943889617919922,0.394185841083527,0.00229287892580032,9.9210068583488e-4,9.5561728812754e-4,0.254087090492249,0.372827082872391,4.823885291216361e-9,0.151267021894455,0.2815121114254,0.2815121114254,-0.058780722320079803,2.18891310691833,5.7829223806038e-4,-0.0294157918542624,-0.0294157918542624,8.6113036377355e-4,0.0943889617919922,-0.041647844016552,1.30134248733521,0.356453746557236,0.0351710431277752,2.40946125984192,3.188679984305e-4,0.594785571098328,0.00302501884289086,4588.4,2898.3999999999996,12.84
1401,2024,2024,86,Millville,07-11-2024,343,0.0118221277371049,0.00206330139189959,0.602679252624512,7.1396882412955e-4,2.11650800704956,0.0565185621380806,0.152854457497597,1.21957778930664,0.00111948838457465,0.0458364970982075,0.368348717689514,0.0026250968221575,0.00144857354462147,0.00119854602962732,0.247910335659981,0.282891571521759,3.22019353404812e-8,0.119703553617001,0.337248295545578,0.337248295545578,-0.195937886834145,1.78897857666016,5.4723257198929e-4,-0.098927728831768,-0.098927728831768,0.00116080231964588,0.0458364970982075,-0.136484622955322,1.16630399227142,0.27196192741394,0.129649803042412,2.63826727867126,2.0866369595751e-4,0.602679252624512,0.0027718641795218,4588.4,2898.3999999999996,12.84
1401,2024,2024,86,Millville,07-16-2024,343,0.00589981023222208,0.00227027270011604,0.597513794898987,8.2642439519986e-4,2.61393189430237,0.0445535220205784,0.116344124078751,1.32212698459625,0.00134296610485762,0.0196196753531694,0.354393243789673,0.00287157809361815,0.00182142446283251,0.00138118525501341,0.251945376396179,0.227040410041809,6.80659226759417e-8,0.11948336660862,0.375376105308533,0.375376105308533,-0.272203177213669,1.58745741844177,6.0448155272752e-4,-0.138720661401749,-0.138720661401749,0.00140513479709625,0.0196196753531694,-0.187255367636681,1.09786093235016,0.271393775939941,0.196239992976189,2.76419258117676,1.0554151958786e-4,0.597513794898987,0.0025521949864924,4588.4,2898.3999999999996,12.84
1407,2024,2024,87,Millville,06-05-2024,348,0.0155356721952558,0.00141125184018165,0.551847159862518,3.9809980080463e-4,0.269614517688751,0.0946595519781113,0.370347410440445,0.836426794528961,5.7586445473134e-4,0.179875820875168,0.483731955289841,0.00230707135051489,5.9838540619239e-4,7.4184528784826e-4,0.288786739110947,0.547527611255646,-6.580727074378961e-9,0.22379158437252,0.207827255129814,0.207827255129814,0.176740571856499,3.42015933990479,7.872493006289e-4,0.0890714004635811,0.0890714004635811,5.9462228091433e-4,0.179875820875168,0.127993047237396,1.87395668029785,0.576627671718597,-0.0896442905068398,2.29968214035034,4.413801652845e-4,0.551847159862518,0.00377330486662686,5042.4,3238.3999999999996,6.88
1407,2024,2024,87,Millville,06-25-2024,348,0.02376639097929,0.00158920791000128,0.549835085868835,4.4406272354535e-4,1.00089931488037,0.0844681039452553,0.292798399925232,1.00019156932831,6.9063832052052e-4,0.128008648753166,0.464424878358841,0.00225250376388431,8.0893997801467e-4,8.1523397238925e-4,0.290459871292114,0.471713930368423,1.3285215809399899e-11,0.173548221588135,0.28747633099556,0.28747633099556,-1.9155208428856e-4,2.78582763671875,6.3214154215529e-4,-9.57760421442799e-5,-9.57760421442799e-5,7.120135705918e-4,0.128008648753166,-1.3426432269625e-4,1.73430335521698,0.419983893632889,1.0033916623797e-4,2.68077492713928,3.6020315019413e-4,0.549835085868835,0.00347785837948322,5042.4,3238.3999999999996,6.88
1407,2024,2024,87,Millville,07-11-2024,348,0.0210874639451504,0.00198578904382885,0.606048226356506,6.7171960836276e-4,2.17715978622437,0.0541337430477142,0.143850281834602,1.22828125953674,0.00105977803468704,0.0416861027479172,0.384689331054688,0.00253783399239182,0.00138285930734128,0.0011228562798351,0.245292589068413,0.290237933397293,3.06258591820097e-8,0.123603858053684,0.340082705020905,0.340082705020905,-0.202766373753548,1.81784570217133,5.2852981025353e-4,-0.102447248995304,-0.102447248995304,0.00110015727113932,0.0416861027479172,-0.140878692269325,1.25039041042328,0.282073020935059,0.133759394288063,2.7583155632019,1.8295763584319e-4,0.606048226356506,0.00267081917263567,5042.4,3238.3999999999996,6.88
1407,2024,2024,87,Millville,07-16-2024,348,0.00600248808041215,0.00235590268857777,0.606474459171295,8.6316489614546e-4,2.6958110332489,0.0389311909675598,0.10533531755209,1.33286345005035,0.00140277470927685,0.0151363564655185,0.342222303152084,0.00292119663208723,0.00190174242015928,0.00143602804746479,0.244962200522423,0.20880089700222,7.67813475022194e-8,0.109452217817307,0.37527272105217,0.37527272105217,-0.279675126075745,1.52780878543854,5.5642711231485e-4,-0.142684504389763,-0.142684504389763,0.00146588881034404,0.0151363564655185,-0.192571625113487,1.04054081439972,0.245808765292168,0.204323038458824,2.71615695953369,8.58533749124035e-5,0.606474459171295,0.00238349032588303,5042.4,3238.3999999999996,6.88
1420,2024,2024,90,Millville,06-05-2024,360,0.0207246635109186,0.00153320631943643,0.578909933567047,4.7785424976609e-4,0.497564285993576,0.0932455435395241,0.321788191795349,0.893996000289917,6.7863124422729e-4,0.153389185667038,0.466340005397797,0.00249221967533231,7.2227313648909e-4,8.3725072909146e-4,0.266696721315384,0.514451384544373,-5.044396012010571e-9,0.219621539115906,0.219173178076744,0.219173178076744,0.111587353050709,3.1190519332885702,8.241186151281e-4,0.0559684485197067,0.0559684485197067,6.9797044852748e-4,0.153389185667038,0.0802283734083176,1.74770450592041,0.562859058380127,-0.0613361783325672,2.3401939868927,4.1827870882116e-4,0.578909933567047,0.00375309470109642,5786.399999999999,3722.4,5.07
1420,2024,2024,90,Millville,06-25-2024,360,0.0129917999729514,0.00176285940688103,0.613483786582947,5.8997084852308e-4,1.42319750785828,0.0717500820755959,0.20108300447464,1.08241951465607,8.6332159116864e-4,0.0817347466945648,0.412856101989746,0.00245799729600549,0.00102667522151023,9.7125757019966e-4,0.239553868770599,0.381709426641464,6.523028783789191e-9,0.163385063409805,0.273310750722885,0.273310750722885,-0.079033650457859,2.2347252368927,6.2259816331788e-4,-0.0395787283778191,-0.0395787283778191,8.8508072076365e-4,0.0817347466945648,-0.0559216141700745,1.40631997585297,0.390586078166962,0.0463199838995934,2.55751466751099,2.9377822647802e-4,0.613483786582947,0.00310131930746138,5786.399999999999,3722.4,5.07
1420,2024,2024,90,Millville,07-11-2024,360,0.0178563054651022,0.0022680324036628,0.61899322271347,8.0849119694903e-4,2.32114124298096,0.056328821927309,0.128091782331467,1.25023257732391,0.00125021662097424,0.0336072035133839,0.369487851858139,0.00290434737689793,0.00163626298308372,0.0013148415600881,0.235335618257523,0.268914759159088,4.57697240108246e-8,0.122355446219444,0.336925506591797,0.336925506591797,-0.219689294695854,1.73565900325775,6.0437148204073e-4,-0.111202992498875,-0.111202992498875,0.00129591021686792,0.0336072035133839,-0.153699100017548,1.17202460765839,0.278826922178268,0.147830471396446,2.70618510246277,1.7254793783649e-4,0.61899322271347,0.00287499511614442,5786.399999999999,3722.4,5.07
1420,2024,2024,90,Millville,07-16-2024,360,0.00661648344248533,0.00255509628914297,0.607398629188538,9.7123900195583e-4,2.70762133598328,0.0396985821425915,0.104126714169979,1.33391582965851,0.00156258547212929,0.014457787387073,0.329070657491684,0.00314690754748881,0.0021201295312494,0.00159509084187448,0.244246408343315,0.193897053599358,9.47410967455653e-8,0.103257104754448,0.374026596546173,0.374026596546173,-0.280402481555939,1.48107266426086,5.8172893477603e-4,-0.143071055412292,-0.143071055412292,0.00163255317602307,0.014457787387073,-0.19368003308773,0.980939865112305,0.230293676257133,0.207195162773132,2.64298987388611,8.97765276022255e-5,0.607398629188538,0.00250649289228022,5786.399999999999,3722.4,5.07
1428,2024,2024,92,Millville,06-05-2024,367,0.00511562591418624,0.00148637872189283,0.529130935668945,3.9213421405293e-4,0.052060529589653,0.112800590693951,0.414792895317078,0.778670787811279,5.7005957933142e-4,0.207952409982681,0.514034569263458,0.00245654722675681,5.6707201292738e-4,7.6052511576563e-4,0.307932496070862,0.602969527244568,-9.50009759748127e-9,0.242381364107132,0.193032816052437,0.193032816052437,0.245075583457947,4.03739738464355,9.2190504074096e-4,0.124435186386108,0.124435186386108,5.8937125140801e-4,0.207952409982681,0.177349954843521,2.11551904678345,0.639850616455078,-0.116611085832119,2.35646510124207,5.1666179206222e-4,0.529130935668945,0.0043996162712574,6474.4,4310.4000000000005,6.97
1428,2024,2024,92,Millville,06-25-2024,367,0.00309540773741901,0.00164559646509588,0.572422742843628,4.8244191566482e-4,1.18116009235382,0.081557497382164,0.256098210811615,1.03855419158936,7.425473886542e-4,0.108132392168045,0.449831515550613,0.00234152865596116,8.8824506383389e-4,8.6014560656622e-4,0.271922588348389,0.441725581884384,2.6642208439398e-9,0.175904229283333,0.286234468221664,0.286234468221664,-0.0378115251660347,2.58246731758118,6.6381797660142e-4,-0.0189125258475542,-0.0189125258475542,7.6670723501592e-4,0.108132392168045,-0.0263834930956364,1.63524997234344,0.426902413368225,0.0206167455762625,2.6879563331604,3.379886620678e-4,0.572422742843628,0.00344437453895807,6474.4,4310.4000000000005,6.97
1428,2024,2024,92,Millville,07-11-2024,367,0.00882259663194418,0.00205062795430422,0.605089247226715,6.6700938623398e-4,2.32146906852722,0.0584088787436485,0.134423226118088,1.25787448883057,0.00106018106453121,0.0344701446592808,0.401289492845535,0.00269417185336351,0.00140709709376097,0.00111505575478077,0.246036648750305,0.301557540893555,3.48186475207513e-8,0.127668634057045,0.347636997699738,0.347636997699738,-0.225481137633324,1.86351442337036,5.810575094074e-4,-0.114211179316044,-0.114211179316044,0.00110351329203695,0.0344701446592808,-0.156713113188744,1.34051251411438,0.292706727981567,0.144622996449471,2.91889309883118,1.5269829600583e-4,0.605089247226715,0.00290809175930917,6474.4,4310.4000000000005,6.97
1428,2024,2024,92,Millville,07-16-2024,367,0.00366633734665811,0.00233172136358917,0.60123097896575906,8.4802170749753e-4,2.7518162727356,0.0413371287286282,0.104017339646816,1.34810495376587,0.00138211180455983,0.0124204000458121,0.351464986801147,0.00292244902811944,0.00189250917173922,0.00140851875767112,0.249039009213448,0.215202614665031,7.75467157154708e-8,0.113254494965076,0.382236331701279,0.382236331701279,-0.290122359991074,1.54842853546143,5.8894389076158e-4,-0.148249313235283,-0.148249313235283,0.00144781509879977,0.0124204000458121,-0.199589103460312,1.08387362957001,0.255438566207886,0.210323184728622,2.80245137214661,6.87978390487842e-5,0.60123097896575906,0.00251735653728247,6474.4,4310.4000000000005,6.97
1438,2024,2024,94,Millville,06-05-2024,376,0.0208446439355612,0.00144802976865321,0.575444877147675,4.3043281766586e-4,0.4970842897892,0.0926727503538132,0.321273803710938,0.894141793251038,6.2131637241691e-4,0.152876406908035,0.487829923629761,0.00227210647426546,6.6180760040879e-4,7.8311772085726e-4,0.26948270201683,0.532496929168701,-5.18230747204029e-9,0.227335050702095,0.213923051953316,0.213923051953316,0.111426301300526,3.27804708480835,8.0035580322146e-4,0.0558871664106846,0.0558871664106846,6.4007355831563e-4,0.152876406908035,0.0803536623716354,1.9049528837204,0.588443994522095,-0.0593720339238644,2.39349508285522,4.0300560067407e-4,0.575444877147675,0.00373115018010139,5406.4,3514.3999999999996,5.36
1438,2024,2024,94,Millville,06-25-2024,376,0.00896174553781748,0.00157941866200417,0.616446614265442,5.2864395547658e-4,1.67228889465332,0.062983050942421,0.178176268935204,1.12611126899719,7.9898454714566e-4,0.0667296424508095,0.426819205284119,0.00219840044155717,9.841687278822e-4,8.7755633285269e-4,0.237281858921051,0.366308361291885,9.198436679014321e-9,0.167123839259148,0.296348959207535,0.296348959207535,-0.118214942514896,2.15610957145691,5.9278763365e-4,-0.0593154281377792,-0.0593154281377792,8.2439865218475e-4,0.0667296424508095,-0.0844862759113312,1.48930037021637,0.40131738781929,0.0723382830619812,2.79427719116211,2.2336195979733e-4,0.616446614265442,0.00279738381505013,5406.4,3514.3999999999996,5.36
1438,2024,2024,94,Millville,07-11-2024,376,0.0121960854157805,0.00200834032148123,0.623830676078796,6.8697449751198e-4,2.45437574386597,0.0514082536101341,0.114343009889126,1.27061891555786,0.00107462808955461,0.0261055193841457,0.38630935549736,0.00257729389704764,0.00142640981357545,0.00111771759111434,0.231655493378639,0.278053790330887,3.78210103235688e-8,0.126638785004616,0.340973943471909,0.340973943471909,-0.235027328133583,1.77028954029083,5.5736629292368e-4,-0.119182892143726,-0.119182892143726,0.00111775402911007,0.0261055193841457,-0.164819657802582,1.25897097587585,0.29000324010849,0.15622615814209,2.87042474746704,1.1568392801564e-4,0.623830676078796,0.00265311845578253,5406.4,3514.3999999999996,5.36
1438,2024,2024,94,Millville,07-16-2024,376,0.0064411130733788,0.00237077451311052,0.604503154754639,8.7524240370839e-4,2.7609338760376,0.0421222969889641,0.101853892207146,1.34640431404114,0.00141584943048656,0.0117727378383279,0.351370990276337,0.00296516227535903,0.00193061062600464,0.00144274288322777,0.246491804718971,0.214627534151077,7.9217265636089e-8,0.11521703004837,0.380961030721664,0.380961030721664,-0.288965851068497,1.5465624332428,6.0238543665036e-4,-0.147631958127022,-0.147631958127022,0.00148035422898829,0.0117727378383279,-0.198779612779617,1.08342671394348,0.260441333055496,0.209902882575989,2.80421805381775,6.59857687423937e-5,0.604503154754639,0.00254713371396065,5406.4,3514.3999999999996,5.36
1453,2024,2024,98,Millville,06-05-2024,389,0.0102564338594675,0.00148979888763279,0.640340805053711,5.4732110584154e-4,1.44517648220062,0.0540184043347836,0.174521669745445,1.07746994495392,7.9105549957603e-4,0.0712669715285301,0.380378782749176,0.0022614065092057,9.2288188170641e-4,8.8847737060859e-4,0.219258829951286,0.350548297166824,4.5375831980720704e-9,0.163020700216293,0.24159400165081,0.24159400165081,-0.0744774639606476,2.07952189445496,5.743692163378e-4,-0.0372905135154724,-0.0372905135154724,8.1439031055197e-4,0.0712669715285301,-0.0533620230853558,1.22777843475342,0.389545381069183,0.0476336367428303,2.28997230529785,2.2620972595177e-4,0.640340805053711,0.00240361969918013,6082.4,3770.4,5.04
1453,2024,2024,98,Millville,06-25-2024,389,0.0057156695984304,0.00174678349867463,0.650229752063751,7.2113506030291e-4,2.02274656295776,0.0509367734193802,0.129813134670258,1.17902338504791,0.00103300658520311,0.0436257980763912,0.349313676357269,0.0023917299695313,0.00127983931452036,0.00108889222610742,0.211952477693558,0.271109819412231,2.05355945581687e-8,0.133666634559631,0.293407499790192,0.293407499790192,-0.16321362555027,1.7438976764679,5.2762689301744e-4,-0.0821576565504074,-0.0821576565504074,0.00105950946453959,0.0436257980763912,-0.11679745465517,1.07367753982544,0.308580160140991,0.11132837086916,2.46708822250366,1.8572866974864e-4,0.650229752063751,0.00244862562976778,6082.4,3770.4,5.04
1453,2024,2024,98,Millville,07-11-2024,389,0.00978945102542639,0.00204574200324714,0.632207810878754,7.6631281990557e-4,2.36401915550232,0.0500060990452766,0.119199678301811,1.24890232086182,0.00115554872900248,0.0305346231907606,0.352927356958389,0.00264064548537135,0.00150727736763656,0.00119869457557797,0.225334137678146,0.254458159208298,3.680858284838e-8,0.11935169249773,0.324239641427994,0.324239641427994,-0.218675926327705,1.68261277675629,5.4957240354269e-4,-0.110677286982536,-0.110677286982536,0.00119627884123474,0.0305346231907606,-0.154226750135422,1.0908430814743,0.271054118871689,0.147289156913757,2.62594223022461,1.4086985902395e-4,0.632207810878754,0.00260629109106958,6082.4,3770.4,5.04
1453,2024,2024,98,Millville,07-16-2024,389,0.00443917047232389,0.00232765171676874,0.596844851970673,8.6464948253706e-4,2.56218194961548,0.0451644212007523,0.120453111827374,1.31169235706329,0.00139822042547166,0.0222887769341469,0.340144425630569,0.00293601071462035,0.00187842722516507,0.00144478539004922,0.252469837665558,0.217986196279526,7.136600999047e-8,0.11512778699398,0.372691214084625,0.372691214084625,-0.264851033687592,1.55749952793121,6.0746102826669e-4,-0.134833008050919,-0.134833008050919,0.00145929248537868,0.0222887769341469,-0.182008028030396,1.03096628189087,0.26021334528923,0.193136155605316,2.65743207931519,1.2618243636097e-4,0.596844851970673,0.00261497520841658,6082.4,3770.4,5.04
1463,2024,2024,100,Millville,06-05-2024,398,0.00330270291306078,0.00156276114284992,0.611961483955383,5.2893062820658e-4,1.24765145778656,0.0731165409088135,0.217830970883369,1.0477156639099101,7.6597783481702e-4,0.0924894660711288,0.434308081865311,0.00232786289416254,8.8681397028267e-4,8.8048103498294e-4,0.240724444389343,0.417106062173843,2.8841029564574703e-9,0.184948727488518,0.257086902856827,0.257086902856827,-0.0465785413980484,2.43115592002869,6.6240958403796e-4,-0.0233019143342972,-0.0233019143342972,7.8372831922024e-4,0.0924894660711288,-0.0331719070672989,1.53549385070801,0.453833311796188,0.0269554108381271,2.5128378868103,2.7192907873541e-4,0.611961483955383,0.00306029617786407,2874.3999999999996,1834.3999999999999,3.86
1463,2024,2024,100,Millville,06-25-2024,398,0.00457624951377511,0.00170926994178444,0.640552759170532,6.3889927696436e-4,2.13364744186401,0.0486922077834606,0.132816359400749,1.20224940776825,9.5544033683836e-4,0.0405825264751911,0.370577275753021,0.00229083397425711,0.00121823302470148,0.00100982678122818,0.219101309776306,0.286563903093338,2.11877804190408e-8,0.139824911952019,0.309712469577789,0.309712469577789,-0.182139113545418,1.8033344745636,5.2595674060285e-4,-0.091837652027607,-0.091837652027607,9.8677561618387e-4,0.0405825264751911,-0.12956291437149,1.17751479148865,0.325108021497726,0.122988127171993,2.62517309188843,1.5714818437118e-4,0.640552759170532,0.00235269241966307,2874.3999999999996,1834.3999999999999,3.86
1463,2024,2024,100,Millville,07-11-2024,398,0.0035199720878154,0.00203239917755127,0.636964201927185,7.8352261334657e-4,2.40556478500366,0.0429705157876015,0.111340671777725,1.25457298755646,0.00119392375927418,0.0276011694222689,0.342895895242691,0.00255731237120926,0.00156532693654299,0.0012314016930759,0.2217738032341,0.236437618732452,4.24036699087083e-8,0.113989986479282,0.326209783554077,0.326209783554077,-0.222985178232193,1.61930131912231,5.0628843018785e-4,-0.112914070487022,-0.112914070487022,0.00123724818695337,0.0276011694222689,-0.157304286956787,1.0436577796936,0.257310837507248,0.157565802335739,2.57494020462036,1.2932396202813e-4,0.636964201927185,0.00231039966456592,2874.3999999999996,1834.3999999999999,3.86
1463,2024,2024,100,Millville,07-16-2024,398,0.00294088548980653,0.00221371930092573,0.601516306400299,8.3041260950267e-4,2.72012376785278,0.0324995294213295,0.106621533632278,1.33872079849243,0.00135441066231579,0.0140391914173961,0.327327251434326,0.00271888123825192,0.00184946518857032,0.00138342380523682,0.248816534876823,0.189135760068893,7.33096854332871e-8,0.103658720850945,0.380844056606293,0.380844056606293,-0.283712089061737,1.46650409698486,5.0995504716411e-4,-0.144831657409668,-0.144831657409668,0.00141727703157812,0.0140391914173961,-0.195406451821327,0.973213911056519,0.231292977929115,0.213510945439339,2.63872027397156,7.79408874223009e-5,0.601516306400299,0.00212191371247172,2874.3999999999996,1834.3999999999999,3.86
1466,2024,2024,101,Millville,06-05-2024,401,0.0165857579559088,0.00120613712351769,0.582469344139099,3.4995152964256e-4,0.589591383934021,0.0705555006861687,0.302673369646072,0.915030002593994,5.1008589798584e-4,0.142589181661606,0.481330037117004,0.00184366351459175,5.4218783043324e-4,6.5276835812255e-4,0.263847589492798,0.513996958732605,-2.45999198789093e-9,0.225049689412117,0.221292912960052,0.221292912960052,0.0885659456253052,3.11520051956177,6.2115339096635e-4,0.0443700850009918,0.0443700850009918,0.00052793498616665005,0.142589181661606,0.0635964497923851,1.85601663589478,0.580810606479645,-0.0468775704503059,2.47662997245789,3.0235387384891e-4,0.582469344139099,0.00285126431845129,7090.4,4510.4,3.18
1466,2024,2024,101,Millville,06-25-2024,401,0.0172950830310583,0.00133786234073341,0.620730996131897,4.585009010043e-4,1.49497318267822,0.0529842860996723,0.188614502549171,1.09356153011322,6.7148962989449e-4,0.0760489478707314,0.410881251096725,0.00189035455696285,7.8459654469043e-4,7.5801787897944e-4,0.234011083841324,0.376225501298904,4.36855440710815e-9,0.168216034770012,0.273896187543869,0.273896187543869,-0.0892020612955093,2.20628690719604,4.868020187132e-4,-0.0446901060640812,-0.0446901060640812,6.8854191340506e-4,0.0760489478707314,-0.0634396895766258,1.39490127563477,0.404470473527908,0.0533227808773518,2.57903790473938,2.1219739574007e-4,0.620730996131897,0.00231636548414826,7090.4,4510.4,3.18
1466,2024,2024,101,Millville,07-11-2024,401,0.0141714969649911,0.00173576513770968,0.618226885795593,5.9560127556324e-4,2.1347451210022,0.0499469302594662,0.143681302666664,1.21579968929291,9.2118442989885e-4,0.0431166552007198,0.377428114414215,0.00228488724678755,0.00119004480075091,9.8080944735556e-4,0.235920608043671,0.303445637226105,2.17844373651133e-8,0.134981691837311,0.323867708444595,0.323867708444595,-0.192952558398247,1.8712762594223,5.1846407586708e-4,-0.0973913669586182,-0.0973913669586182,9.5554231666028e-4,0.0431166552007198,-0.135440289974213,1.21248042583466,0.312089800834656,0.126441448926926,2.61956787109375,1.6381741443183e-4,0.618226885795593,0.00245492602698505,7090.4,4510.4,3.18
1466,2024,2024,101,Millville,07-16-2024,401,0.00843617040663958,0.00220572436228395,0.602472543716431,8.2255731103941e-4,2.671062707901,0.0406673885881901,0.109614916145802,1.32973396778107,0.00132662197574973,0.0165414642542601,0.346091836690903,0.00276650208979845,0.0017962692072615,0.00135448004584759,0.248071298003197,0.215776517987251,6.72587745498276e-8,0.112095303833485,0.375765293836594,0.375765293836594,-0.27750688791275,1.55029344558716,5.5600638734176e-4,-0.141532883048058,-0.141532883048058,0.00138547923415899,0.0165414642542601,-0.191389560699463,1.0585333108902,0.252494007349014,0.202084004878998,2.73087954521179,8.9200992078986e-5,0.602472543716431,0.00241195852868259,7090.4,4510.4,3.18
1479,2024,2024,104,Millville,06-05-2024,413,0.00891438126564026,0.00128978095017374,0.563208937644958,3.8390984991565e-4,0.443055868148804,0.0775133073329926,0.332346528768539,0.881097197532654,5.5249797878786e-4,0.159852057695389,0.458470731973648,0.00201579974964261,5.9700134443119e-4,6.9541047560051e-4,0.279419511556625,0.509877145290375,-4.5980095286779504e-9,0.204220592975616,0.213240295648575,0.213240295648575,0.125915497541428,3.08061146736145,6.1172101413831e-4,0.0632093027234077,0.0632093027234077,5.6854414287954e-4,0.159852057695389,0.0904544815421104,1.69324457645416,0.513259291648865,-0.0669974684715271,2.28432321548462,3.7577870534732e-4,0.563208937644958,0.00307385181076825,5602.4,3574.3999999999996,5.36
1479,2024,2024,104,Millville,06-25-2024,413,0.00688916398212314,0.00135757331736386,0.635731399059296,4.5963385491631e-4,1.74313807487488,0.0470211766660213,0.161873608827591,1.1357833147049,6.7700474755838e-4,0.061151459813118,0.393380612134933,0.00182527117431164,8.2890171324834e-4,7.4005516944453e-4,0.222694590687752,0.338417857885361,6.761924353781981e-9,0.141319647431374,0.279575228691101,0.279575228691101,-0.126638978719711,2.02305626869202,4.3059984454885e-4,-0.06357541680336,-0.06357541680336,6.9660611916333e-4,0.061151459813118,-0.0901984125375748,1.29696023464203,0.329155385494232,0.0765402540564537,2.61638855934143,1.6986799892038e-4,0.635731399059296,0.00216800300404429,5602.4,3574.3999999999996,5.36
1479,2024,2024,104,Millville,07-11-2024,413,0.0119594251736999,0.00183145329356194,0.62692391872406,6.3818995840847e-4,2.24367260932922,0.0503205433487892,0.12984836101532,1.23297166824341,9.8427257034927e-4,0.0363981686532497,0.377976685762405,0.00239894585683942,0.00127672497183084,0.00104517652653158,0.229313775897026,0.28869441151619,2.60662176287951e-8,0.129910483956337,0.324901193380356,0.324901193380356,-0.206418231129646,1.81173157691956,5.2638805937022e-4,-0.104332581162453,-0.104332581162453,0.00102041964419186,0.0363981686532497,-0.145086228847504,1.21531355381012,0.298614054918289,0.135095626115799,2.71198749542236,1.4457036741077e-4,0.62692391872406,0.0025020963512361,5602.4,3574.3999999999996,5.36
1479,2024,2024,104,Millville,07-16-2024,413,0.00399105623364449,0.00224304106086493,0.607135236263275,8.3646667189896e-4,2.68460249900818,0.0447926558554173,0.105633929371834,1.32834911346436,0.00133882579393685,0.0156332906335592,0.356751292943954,0.00287540350109339,0.00181202159728855,0.00136785325594246,0.244450360536575,0.227626249194145,6.74943834155783e-8,0.123475320637226,0.372277408838272,0.372277408838272,-0.276544839143753,1.58941996097565,6.2225147848948e-4,-0.141022279858589,-0.141022279858589,0.00139795581344515,0.0156332906335592,-0.191118791699409,1.10921716690063,0.28173840045929,0.200747177004814,2.80565309524536,8.26062168926001e-5,0.607135236263275,0.0026117255911231,5602.4,3574.3999999999996,5.36
1485,2024,2024,105,Millville,06-05-2024,418,0.00587085634469986,0.00166852143593132,0.614686012268066,6.3823041273281e-4,1.12095212936401,0.0818031802773476,0.222313791513443,1.01823997497559,9.1172673273831e-4,0.0964124947786331,0.370238602161407,0.00246854615397751,0.00104750145692378,0.0010263966396451,0.238630905747414,0.352965712547302,2.37340258557595e-9,0.154004946351051,0.239693850278854,0.239693850278854,-0.0180736761540174,2.09102654457092,6.8499846383929e-4,-0.00903757661581039,-0.00903757661581039,9.3367870431393e-4,0.0964124947786331,-0.0138972336426377,1.17580580711365,0.364080011844635,0.0122460778802633,2.26359057426453,3.677686327137e-4,0.614686012268066,0.00341037148609757,2266.3999999999996,1410.3999999999999,0.8
1485,2024,2024,105,Millville,06-25-2024,418,0.00995676498860121,0.00174742634408176,0.631636023521423,6.4623885555192e-4,1.60900771617889,0.0675056502223015,0.17505344748497,1.11061537265778,9.236357291229e-4,0.0680839419364929,0.395576387643814,0.00242369365878403,0.00111846288200468,0.00102154072374105,0.225763544440269,0.354841023683548,9.77495595577693e-9,0.15224215388298,0.273962646722794,0.273962646722794,-0.104530967772007,2.10001111030579,6.1117875156924e-4,-0.0524090453982353,-0.0524090453982353,9.4754877500236e-4,0.0680839419364929,-0.0749248266220093,1.30893766880035,0.359164208173752,0.0644089132547379,2.52071905136108,2.439076633891e-4,0.631636023521423,0.0030084727331996,2266.3999999999996,1410.3999999999999,0.8
1485,2024,2024,105,Millville,07-11-2024,418,0.00684521300718188,0.00218751677311957,0.633921921253204,8.4950093878433e-4,2.3496425151825,0.0509994700551033,0.11684238910675,1.24662601947784,0.00127843942027539,0.0305938459932804,0.341894000768661,0.00278752949088812,0.00165431085042655,0.00132533826399595,0.22404870390892,0.23995603621006,4.5485556654512e-8,0.111010134220123,0.325876444578171,0.325876444578171,-0.216938093304634,1.63142669200897,5.4768880363553e-4,-0.109776183962822,-0.109776183962822,0.00131959305144846,0.0305938459932804,-0.152827680110931,1.03902411460876,0.249744445085526,0.148776739835739,2.55361032485962,1.5684583922848e-4,0.633921921253204,0.00265280646272004,2266.3999999999996,1410.3999999999999,0.8
1485,2024,2024,105,Millville,07-16-2024,418,0.0087199779227376,0.00253186281770468,0.605447113513947,9.4114273088052e-4,2.57152986526489,0.0498341917991638,0.115001626312733,1.30778443813324,0.00150915211997926,0.0213754624128342,0.348325937986374,0.00317772058770061,0.00202832208015025,0.00155628344509751,0.245758861303329,0.223872929811478,8.19644441207856e-8,0.116095133125782,0.368266195058823,0.368266195058823,-0.262074321508408,1.57689762115479,6.5524218371138e-4,-0.133367925882339,-0.133367925882339,0.00157336669508368,0.0213754624128342,-0.180820360779762,1.06901884078979,0.262686938047409,0.189223513007164,2.70508742332458,1.2883686576969e-4,0.605447113513947,0.00283692730590701,2266.3999999999996,1410.3999999999999,0.8
1487,2024,2024,105,Millville,06-05-2024,420,0.0204465575516224,0.00144555466249585,0.545360803604126,3.9234035648405e-4,0.19541347026825,0.102663777768612,0.387092590332031,0.816107571125031,5.7182909222319e-4,0.191989526152611,0.514265656471252,0.00233156629838049,5.8514019474387e-4,7.4316246900707e-4,0.294196158647537,0.595401585102081,-6.3593681431939306e-9,0.236139744520187,0.205762192606926,0.205762192606926,0.200457438826561,3.94317412376404,8.5465935990214e-4,0.101256348192692,0.101256348192692,5.9010460972785e-4,0.191989526152611,0.144486144185066,2.11747717857361,0.618279993534088,-0.0930822864174843,2.45969295501709,4.3186376569792e-4,0.545360803604126,0.00406169472262263,6446.4,4286.4,14.43
1487,2024,2024,105,Millville,06-25-2024,420,0.0183040648698807,0.00157339661382139,0.555751204490662,4.5453928760252e-4,1.12580573558807,0.080451674759388,0.269253998994827,1.02738726139069,7.0681510260328e-4,0.114510387182236,0.461627095937729,0.00222648493945599,8.3413522224873e-4,8.4013200830668e-4,0.285552620887756,0.455128520727158,1.51053936026102e-9,0.18140010535717,0.290392577648163,0.290392577648163,-0.0270123071968555,2.6705904006958,6.6545099252834e-4,-0.0135086178779602,-0.0135086178779602,7.2930543683469e-4,0.114510387182236,-0.018646378070116,1.71489727497101,0.443195998668671,0.0145130176097155,2.72197914123535,3.3364037517458e-4,0.555751204490662,0.00337295583449304,6446.4,4286.4,14.43
1487,2024,2024,105,Millville,07-11-2024,420,0.019610183313489,0.00213069538585842,0.597435057163239,7.0663227234035e-4,2.13196420669556,0.0615523010492325,0.152876302599907,1.22408366203308,0.00113050325307995,0.0452002435922623,0.390539556741714,0.0027197094168514,0.00147747248411179,0.00120740907732397,0.252007067203522,0.30414018034935,3.46394308792242e-8,0.126202583312988,0.34257310628891,0.34257310628891,-0.199481502175331,1.8741420507431,5.9311836957931e-4,-0.100753240287304,-0.100753240287304,0.00117577647324651,0.0452002435922623,-0.138652965426445,1.2815910577774,0.28886005282402,0.129396587610245,2.77190375328064,2.0438876526895e-4,0.597435057163239,0.00299958465620875,6446.4,4286.4,14.43
1487,2024,2024,105,Millville,07-16-2024,420,0.00936843734234571,0.00258779572322965,0.596471786499023,9.4600534066557e-4,2.58327269554138,0.0499034784734249,0.117806330323219,1.31687617301941,0.00153164612129331,0.0211983155459166,0.347141295671463,0.00324857304804027,0.00206808908842504,0.00157744344323874,0.252762496471405,0.222385913133621,8.56046042940761e-8,0.113552801311016,0.377240896224976,0.377240896224976,-0.268514692783356,1.57196986675262,6.5674714278429e-4,-0.136768728494644,-0.136768728494644,0.00159998028539121,0.0211983155459166,-0.184278830885887,1.06345009803772,0.256197571754456,0.193444132804871,2.71483564376831,1.2937064457219e-4,0.596471786499023,0.0028869470115751,6446.4,4286.4,14.43
1501,2024,2024,109,Millville,06-05-2024,433,0.0293942578136921,0.0012982024345547,0.530093967914581,3.4924884676002e-4,0.366375148296356,0.087867259979248,0.376683264970779,0.849481046199799,5.2640086505562e-4,0.181427106261253,0.489420920610428,0.00206002965569496,5.5556331062689e-4,6.7431555362418e-4,0.307109296321869,0.550085246562958,-5.3299888946867205e-9,0.224595218896866,0.236960142850876,0.236960142850876,0.161697819828987,3.4452862739563,7.1252044290304e-4,0.0813844129443169,0.0813844129443169,5.4456864017993e-4,0.181427106261253,0.114216431975365,1.91712117195129,0.579297959804535,-0.0808992832899094,2.39687919616699,4.087854467798e-4,0.530093967914581,0.0034637579228729,6238.4000000000005,4070.4,2.77
1501,2024,2024,109,Millville,06-25-2024,433,0.0307146739214659,0.00142775406129658,0.609808325767517,4.6436124830506e-4,1.60335147380829,0.0645325481891632,0.191525518894196,1.11790072917938,7.0378655800595e-4,0.0735827162861824,0.446048080921173,0.00200746650807559,8.6865673074498e-4,7.7351229265332e-4,0.242383927106857,0.408490419387817,6.7441168205562e-9,0.175322920084,0.28548875451088,0.28548875451088,-0.110993303358555,2.38117933273315,5.6871224660426e-4,-0.0556686259806156,-0.0556686259806156,7.2509021265432e-4,0.0735827162861824,-0.0782332867383957,1.61042153835297,0.425191670656204,0.0637997686862946,2.81985473632812,2.0877244242001e-4,0.609808325767517,0.00279822177253664,6238.4000000000005,4070.4,2.77
1501,2024,2024,109,Millville,07-11-2024,433,0.0184999387711287,0.00188924034591764,0.607042789459229,6.1851611826568e-4,2.28044462203979,0.0572050809860229,0.137256368994713,1.25035846233368,9.9114153999835e-4,0.0363684147596359,0.406636714935303,0.00249017123132944,0.00131419242825359,0.00104043702594936,0.244521915912628,0.311647206544876,3.1051186510922e-8,0.136124804615974,0.343070954084396,0.343070954084396,-0.219785079360008,1.9054868221283,5.7324644876644e-4,-0.111252702772617,-0.111252702772617,0.00103287270758301,0.0363684147596359,-0.152491942048073,1.37061643600464,0.315149217844009,0.141674384474754,2.91524147987366,1.4745497901458e-4,0.607042789459229,0.00281038135290146,6238.4000000000005,4070.4,2.77
1501,2024,2024,109,Millville,07-16-2024,433,0.00980885326862335,0.0021434014197439,0.605042695999146,7.8388553811237e-4,2.75119280815125,0.0416742824018002,0.102499090135098,1.34475409984589,0.00126594619359821,0.0123571120202541,0.363350331783295,0.00272697093896568,0.0017266987124458,0.00128575100097805,0.2460727840662,0.227643921971321,6.39143564740152e-8,0.11975971609354,0.379317879676819,0.379317879676819,-0.287841528654099,1.58947908878326,5.8270094450563e-4,-0.147032096982002,-0.147032096982002,0.00132320390548557,0.0123571120202541,-0.198724672198296,1.14144504070282,0.272106885910034,0.206220224499702,2.87613654136658,6.07528818363789e-5,0.605042695999146,0.00246358965523541,6238.4000000000005,4070.4,2.77
1518,2024,2024,112,Millville,06-05-2024,448,0.0254034586250782,0.00152070948388427,0.547486543655396,4.3299913522787e-4,0.0916839689016342,0.103302240371704,0.393018364906311,0.797134578227997,6.2796467682346e-4,0.19588840007782,0.488152027130127,0.0024267875123769,6.2610663007944e-4,8.2246959209442e-4,0.292418301105499,0.571494877338409,-8.162531983657571e-9,0.231390282511711,0.190969839692116,0.190969839692116,0.222924813628197,3.66738843917847,8.6005101911723e-4,0.112882718443871,0.112882718443871,6.4944807672873e-4,0.19588840007782,0.162710055708885,1.90741038322449,0.602100849151611,-0.111801497638226,2.33020353317261,4.837333690375e-4,0.547486543655396,0.00405382970348001,5262.4000000000005,3330.4,4.37
1518,2024,2024,112,Millville,06-25-2024,448,0.0190188623964787,0.00171401794068515,0.589571475982666,5.3065625252202e-4,1.1787885427475,0.0812510922551155,0.241181284189224,1.03662168979645,7.9468794865533e-4,0.102319814264774,0.427786648273468,0.00245848507620394,9.3214510707184e-4,9.2545145889744e-4,0.258200734853745,0.426181763410568,2.54354870499185e-9,0.174394935369492,0.270699828863144,0.270699828863144,-0.0359515286982059,2.48542428016663,6.6874508047476e-4,-0.0179815776646137,-0.0179815776646137,8.1686902558431e-4,0.102319814264774,-0.0254312232136726,1.49519979953766,0.422465771436691,0.0206422675400972,2.52888512611389,3.5613556974567e-4,0.589571475982666,0.00340308295562863,5262.4000000000005,3330.4,4.37
1518,2024,2024,112,Millville,07-11-2024,448,0.0183199308812618,0.00212012650445104,0.609707415103912,7.2668440407142e-4,2.15139651298523,0.059497632086277,0.144609093666077,1.22195887565613,0.00113267614506185,0.042701568454504,0.385679632425308,0.00276148552075028,0.00147080514580011,0.00120577483903617,0.242461815476418,0.29987958073616,3.32520748713705e-8,0.128584355115891,0.332604587078094,0.332604587078094,-0.197812587022781,1.85665142536163,5.7428330183029e-4,-0.0998932644724846,-0.0998932644724846,0.00117523421067744,0.042701568454504,-0.138080194592476,1.25563025474548,0.295116037130356,0.128227844834328,2.74075269699097,1.9123655511066e-4,0.609707415103912,0.00291296141222119,5262.4000000000005,3330.4,4.37
1518,2024,2024,112,Millville,07-16-2024,448,0.00666477950289845,0.00252763298340142,0.599454045295715,9.1363402316346e-4,2.55760407447815,0.0505784377455711,0.118915513157845,1.30814385414124,0.00147084321361035,0.0225018858909607,0.35644856095314,0.00319179613143206,0.00197463273070753,0.00152146094478667,0.250426650047302,0.234090566635132,7.68830403785614e-8,0.118523567914963,0.370655298233032,0.370655298233032,-0.262330204248428,1.61127483844757,6.5451295813545e-4,-0.13350285589695,-0.13350285589695,0.00153618771582842,0.0225018858909607,-0.180668920278549,1.10775482654572,0.268920540809631,0.186813279986382,2.76044774055481,1.3061800564173e-4,0.599454045295715,0.00286775524728,5262.4000000000005,3330.4,4.37
1542,2024,2024,118,Millville,06-05-2024,470,0.0202114190906286,0.00147273077163845,0.54198545217514,3.927279904019e-4,0.120434641838074,0.0950004234910011,0.406387776136398,0.790334701538086,5.7973968796432e-4,0.201446503400803,0.516791880130768,0.00237991521134973,5.7603337336331e-4,7.6748809078708e-4,0.297029137611389,0.602014124393463,-5.9041274091953305e-9,0.239875793457031,0.208248451352119,0.208248451352119,0.231050491333008,4.02530431747437,8.0463197082281e-4,0.117109701037407,0.117109701037407,6.0185312759131e-4,0.201446503400803,0.164982855319977,2.13900351524353,0.631148934364319,-0.107401430606842,2.31776189804077,4.1259557474404e-4,0.54198545217514,0.00374306947924197,5754.4000000000005,3678.3999999999996,2.05
1542,2024,2024,118,Millville,06-25-2024,470,0.00718675833195448,0.00166611408349127,0.627054274082184,5.8348302263766e-4,1.81333136558533,0.0584677718579769,0.160488575696945,1.15288388729095,8.7011948926374e-4,0.0580289550125599,0.406077176332474,0.00234685442410409,0.00107805675361305,9.4678165623918e-4,0.229215294122696,0.342630326747894,1.31937714087371e-8,0.160516247153282,0.292564392089844,0.292564392089844,-0.141314551234245,2.0424280166626,5.8007298503071e-4,-0.0710135921835899,-0.0710135921835899,8.9659105287864e-4,0.0580289550125599,-0.100308984518051,1.36744093894958,0.382416605949402,0.0887309312820435,2.6929976940155,2.1354148339014e-4,0.627054274082184,0.00266542076133192,5754.4000000000005,3678.3999999999996,2.05
1542,2024,2024,118,Millville,07-11-2024,470,0.0104795359075069,0.00198545679450035,0.623480439186096,7.2276865830645e-4,2.27439117431641,0.0529195256531239,0.127537608146667,1.23852050304413,0.00111305445898324,0.0353313498198986,0.377553194761276,0.00258252071216702,0.00144982396159321,0.00116525613702834,0.23192124068737,0.280042231082916,3.51036852919151e-8,0.12805400788784,0.327918410301208,0.327918410301208,-0.210713073611259,1.77794063091278,5.5198220070451e-4,-0.106552705168724,-0.106552705168724,0.0011543930741027,0.0353313498198986,-0.148268610239029,1.21312594413757,0.293720036745071,0.141635254025459,2.72776031494141,1.5921967860776e-4,0.623480439186096,0.00262503116391599,5754.4000000000005,3678.3999999999996,2.05
1542,2024,2024,118,Millville,07-16-2024,470,0.00298233400098979,0.00240892660804093,0.606044113636017,9.1460591647774e-4,2.64261174201965,0.0408404991030693,0.10859152674675,1.31864511966705,0.00146567332558334,0.0175266228616238,0.332407653331757,0.00302432174794376,0.00197752332314849,0.00150399783160537,0.245295807719231,0.204183205962181,8.05091318056839e-8,0.113023683428764,0.369910359382629,0.369910359382629,-0.269759774208069,1.51314127445221,6.0208549257367e-4,-0.137427255511284,-0.137427255511284,0.00153017591219395,0.0175266228616238,-0.186491787433624,0.99584025144577,0.254851639270782,0.200822964310646,2.62976622581482,1.0541280789766e-4,0.606044113636017,0.00250414852052927,5754.4000000000005,3678.3999999999996,2.05
1543,2024,2024,118,Millville,06-05-2024,471,0.0287066530436277,0.00145920738577843,0.496322751045227,3.2886714325286e-4,1.8245227693114e-4,0.11337136477232,0.463125944137573,0.749038517475128,5.0362909678369e-4,0.23497848212719,0.542220950126648,0.00240328488871455,5.0237926188856e-4,7.0066581247374e-4,0.336610049009323,0.645061314105988,-8.21119172655926e-9,0.250648587942123,0.207716688513756,0.207716688513756,0.281181812286377,4.63477659225464,9.2084187781438e-4,0.14348541200161,0.14348541200161,5.2726897411048e-4,0.23497848212719,0.200153306126595,2.36892008781433,0.668974757194519,-0.123607285320759,2.42578601837158,4.8768176930025e-4,0.496322751045227,0.00443363701924682,7086.399999999999,4602.4,4.93
1543,2024,2024,118,Millville,06-25-2024,471,0.0143779385834932,0.00156996189616621,0.574976682662964,4.3926297803409e-4,1.64345479011536,0.0705019533634186,0.210275903344154,1.13722324371338,7.0805952418595e-4,0.0773912817239761,0.476385056972504,0.00225478131324053,8.8355952175334e-4,7.9490954522043e-4,0.269860118627548,0.431136220693588,7.647809496802441e-9,0.184741348028183,0.322571933269501,0.322571933269501,-0.127885416150093,2.515780210495,6.4101797761395e-4,-0.0642063096165657,-0.0642063096165657,7.3415588121861e-4,0.0773912817239761,-0.0873372554779053,1.8196005821228,0.453209161758423,0.0711389183998108,3.12257957458496,2.2333467495627e-4,0.574976682662964,0.00309291831217706,7086.399999999999,4602.4,4.93
1543,2024,2024,118,Millville,07-11-2024,471,0.0205847639590502,0.0019231578335166,0.604190111160278,6.1769649619236e-4,2.24990057945251,0.0587215200066566,0.140070557594299,1.2416455745697,9.7645400092005e-4,0.0380075424909592,0.417414903640747,0.0025276355445385,0.00127951614558697,0.00104003795422614,0.246735006570816,0.324915111064911,2.74306177772132e-8,0.140353128314018,0.343023389577866,0.343023389577866,-0.213120058178902,1.96259045600891,5.8736826758831e-4,-0.107798300683498,-0.107798300683498,0.00101405242457986,0.0380075424909592,-0.148696616292,1.43297505378723,0.326536685228348,0.134787932038307,2.99202823638916,1.5236230683513e-4,0.604190111160278,0.00284655066207051,7086.399999999999,4602.4,4.93
1543,2024,2024,118,Millville,07-16-2024,471,0.00540748238563538,0.00232024514116347,0.60763818025589,8.8311819126829e-4,2.71266603469849,0.0386112481355667,0.104024365544319,1.33696663379669,0.0014208541251719,0.0142697216942906,0.336413532495499,0.00290281372144818,0.00192775612231344,0.00144660077057779,0.244061037898064,0.201597079634666,7.74780417600596e-8,0.110680021345615,0.375508278608322,0.375508278608322,-0.282505989074707,1.50500082969666,5.7049933820962e-4,-0.144189760088921,-0.144189760088921,0.00148384657222778,0.0142697216942906,-0.194538459181786,1.0139251947403,0.248909339308739,0.208271130919456,2.69733643531799,8.10259734862484e-5,0.60763818025589,0.00238120113499463,7086.399999999999,4602.4,4.93
1544,2024,2024,118,Millville,06-05-2024,472,0.0224789492785931,0.0016755242832005,0.621781229972839,6.4701895462349e-4,1.21148467063904,0.0801376104354858,0.217759251594543,1.03985524177551,9.2684163246303e-4,0.0926140323281288,0.398320436477661,0.00247965659946203,0.00108248414471745,0.00103367690462619,0.23321196436882,0.384320437908173,3.769747625170791e-9,0.171384736895561,0.248054280877113,0.248054280877113,-0.0390615351498127,2.24844312667847,7.169758901e-4,-0.0195382256060839,-0.0195382256060839,9.4953237567096e-4,0.0926140323281288,-0.0286275204271078,1.32402920722961,0.413665413856506,0.0244187079370022,2.32205581665039,3.4345957101322e-4,0.621781229972839,0.00339444959536195,2462.4,1582.4,2.13
1544,2024,2024,118,Millville,06-25-2024,472,0.0183846950531006,0.00180848024319857,0.608721315860748,6.5434328280389e-4,1.58107423782349,0.0694199129939079,0.19433119893074,1.11533284187317,9.7243255004286e-4,0.0754429548978806,0.385644465684891,0.00243412377312779,0.00120024383068085,0.00106105476152152,0.243223369121552,0.342115640640259,1.26536541245059e-8,0.141890317201614,0.295594781637192,0.295594781637192,-0.108721442520618,2.04004812240601,6.0186948394402e-4,-0.0545223169028759,-0.0545223169028759,9.9890702404081e-4,0.0754429548978806,-0.0763218551874161,1.25544381141663,0.330704361200333,0.0671948939561844,2.50857973098755,2.9175097006373e-4,0.608721315860748,0.00308262440375984,2462.4,1582.4,2.13
1544,2024,2024,118,Millville,07-11-2024,472,0.0161960758268833,0.00216776551678777,0.633050620555878,8.3614414324984e-4,2.33498167991638,0.0518783740699291,0.119239963591099,1.24441361427307,0.00125151721294969,0.0316138863563538,0.343535184860229,0.00271766865625978,0.00162160315085202,0.00130613415967673,0.224701747298241,0.24572765827179,4.39139711261305e-8,0.111697822809219,0.325876235961914,0.325876235961914,-0.215244680643082,1.65156221389771,5.4771796567365e-4,-0.108898617327213,-0.108898617327213,0.00129297620151192,0.0316138863563538,-0.151697874069214,1.04662179946899,0.251486122608185,0.1479172706604,2.56139850616455,1.5655423339922e-4,0.633050620555878,0.00266586127690971,2462.4,1582.4,2.13
1544,2024,2024,118,Millville,07-16-2024,472,0.0063736829906702,0.00233198748901486,0.624237537384033,9.4117264961823e-4,2.58215093612671,0.0364325009286404,0.10494614392519,1.29580724239349,0.00146339973434806,0.0199570320546627,0.309478014707565,0.0028721874114126,0.00194862962234765,0.00150241900701076,0.231346979737282,0.189151972532272,7.34901490773154e-8,0.104382194578648,0.349293828010559,0.349293828010559,-0.253485202789307,1.46655356884003,5.3761043818667e-4,-0.128846704959869,-0.128846704959869,0.00152188830543309,0.0199570320546627,-0.177037000656128,0.89635956287384,0.233095407485962,0.192124515771866,2.4510235786438,1.1800025822594e-4,0.624237537384033,0.00225615873932838,2462.4,1582.4,2.13
1589,2024,2024,128,Millville,06-05-2024,512,0.0274269189685583,0.00133725919295102,0.473634570837021,3.1151474104262e-4,-0.0348083786666393,0.113438688218594,0.483410358428955,0.728656232357025,4.8717946629039e-4,0.246840178966522,0.543739080429077,0.00231621321290731,4.8005787539295e-4,6.6608708584681e-4,0.357188552618027,0.648989081382751,-8.90118112550908e-9,0.254580080509186,0.212189078330994,0.212189078330994,0.306386977434158,4.69782876968384,9.2738983221352e-4,0.156968057155609,0.156968057155609,5.0912000006064e-4,0.246840178966522,0.216763749718666,2.38345670700073,0.683051586151123,-0.134142503142357,2.48781752586365,5.1078450633212e-4,0.473634570837021,0.00444513373076916,10662.4,6826.4,10.99
1589,2024,2024,128,Millville,06-25-2024,512,0.0271696262061596,0.00145486579276621,0.545838832855225,3.8821683847345e-4,1.04300451278687,0.0855538919568062,0.287331849336624,1.0088495016098,6.0832093004137e-4,0.123753108084202,0.499832451343536,0.00219731475226581,7.1498664328828e-4,7.2068301960825e-4,0.29379591345787,0.500753283500671,3.47245454612732e-10,0.204019859433174,0.295045167207718,0.295045167207718,-0.00881036557257175,3.00603556632996,7.2963960701599e-4,-0.00440526846796274,-0.00440526846796274,6.2850554240867e-4,0.123753108084202,-0.00635164510458708,1.99866008758545,0.512625515460968,0.00458875764161348,2.95762515068054,3.1152044539339e-4,0.545838832855225,0.00356754497624934,10662.4,6826.4,10.99
1589,2024,2024,128,Millville,07-11-2024,512,0.0240827035158873,0.00186631246469915,0.580456912517548,5.693802377209e-4,2.05570340156555,0.0662577524781227,0.169794946908951,1.21881747245789,9.2367973411455e-4,0.0515933185815811,0.430254250764847,0.00250673852860928,0.00120316923130304,9.9168624728918e-4,0.265456825494766,0.342710882425308,2.22597371646316e-8,0.144046723842621,0.352435767650604,0.352435767650604,-0.195338129997253,2.04280114173889,6.1834359075874e-4,-0.0986189693212509,-0.0986189693212509,9.6166832372546e-4,0.0515933185815811,-0.133730679750443,1.51033794879913,0.336576133966446,0.11722756177187,3.06801867485046,1.9236492516938e-4,0.580456912517548,0.00313178659416735,10662.4,6826.4,10.99
1589,2024,2024,128,Millville,07-16-2024,512,0.0137046407908201,0.00233275280334055,0.588754177093506,8.1797898747026e-4,2.56891632080078,0.048155415803194,0.123923428356647,1.3197295665741,0.00134452059864998,0.0224505588412285,0.365417420864105,0.00293163675814867,0.0018244837410748,0.0013833591947332,0.25884798169136,0.241664424538612,6.82111220839943e-8,0.117556214332581,0.382202595472336,0.382202595472336,-0.270521879196167,1.63735485076904,6.0748361283913e-4,-0.137830540537834,-0.137830540537834,0.00140471791382879,0.0224505588412285,-0.184699848294258,1.15167808532715,0.266433328390121,0.190145969390869,2.82114672660828,1.1931316112168e-4,0.588754177093506,0.00272183725610375,10662.4,6826.4,10.99
1656,2024,2024,144,Millville,06-05-2024,573,0.00765194976702332,0.00147613370791078,0.642901360988617,5.7930988259613e-4,1.20871829986572,0.0574302785098553,0.200283750891685,1.03689730167389,8.0648495350033e-4,0.0866422429680824,0.371225476264954,0.00215473910793662,9.2410092474892e-4,9.1244635405018e-4,0.21735854446888,0.354251950979233,2.50651854827311e-9,0.161058008670807,0.237879112362862,0.237879112362862,-0.0362170413136482,2.0971839427948,5.2024476462975e-4,-0.0181144624948502,-0.0181144624948502,8.2256575115025e-4,0.0866422429680824,-0.0264111086726189,1.18079042434692,0.383955061435699,0.0236098747700453,2.14502620697021,2.7896420215256e-4,0.642901360988617,0.00243378151208162,4430.4000000000005,2862.3999999999996,3.25
1656,2024,2024,144,Millville,06-25-2024,573,0.00657618837431073,0.00149498321115971,0.634981572628021,5.8966421056538e-4,1.6102433204650899,0.0509852766990662,0.171979859471321,1.1097708940506,8.4767281077802e-4,0.0668774917721748,0.363750398159027,0.00205799285322428,0.00102066970430315,9.2484010383486e-4,0.22325536608696,0.317544013261795,8.315343080766981e-9,0.144480109214783,0.26664125919342,0.26664125919342,-0.103778645396233,1.93059194087982,4.9766903975978e-4,-0.0520297959446907,-0.0520297959446907,8.679021266289e-4,0.0668774917721748,-0.0741461887955666,1.14342033863068,0.337759792804718,0.070046491920948,2.36414575576782,2.2665821597911e-4,0.634981572628021,0.00229567987844348,4430.4000000000005,2862.3999999999996,3.25
1656,2024,2024,144,Millville,07-11-2024,573,0.00978029984980822,0.00207101134583354,0.635036826133728,8.0347346374765e-4,2.19585371017456,0.047780018299818,0.12922839820385,1.21836853027344,0.00120154325850308,0.0383461527526379,0.335131198167801,0.00260252691805363,0.00153787038289011,0.00126257061492652,0.223214030265808,0.247885793447495,3.56749758623209e-8,0.106796331703663,0.314256191253662,0.314256191253662,-0.194983795285225,1.65917062759399,4.918486229144e-4,-0.098436564207077,-0.098436564207077,0.00123841874301434,0.0383461527526379,-0.13782899081707,1.00811207294464,0.239130973815918,0.135048672556877,2.4254412651062,1.911922590807e-4,0.635036826133728,0.00244970433413982,4430.4000000000005,2862.3999999999996,3.25
1656,2024,2024,144,Millville,07-16-2024,573,0.00384135497733951,0.00249946769326925,0.608773767948151,9.6932024462148e-4,2.57923698425293,0.0419859290122986,0.113473139703274,1.30825138092041,0.0015405808808282,0.0209197402000427,0.323614925146103,0.00307909259572625,0.00206576171331108,0.00158524245489389,0.243182867765427,0.198763281106949,8.47406127491013e-8,0.105994120240211,0.364343613386154,0.364343613386154,-0.262406706809998,1.49614131450653,5.9590232558548e-4,-0.133543208241463,-0.133543208241463,0.00160475063603371,0.0209197402000427,-0.181572094559669,0.956895589828491,0.237121760845184,0.195733815431595,2.55678009986877,1.2956919090356e-4,0.608773767948151,0.00254333857446909,4430.4000000000005,2862.3999999999996,3.25
1657,2024,2024,144,Millville,06-05-2024,574,0.0109240552410483,0.00145890971180052,0.591641664505005,4.9658905481919e-4,0.773729979991913,0.0769904479384422,0.280162483453751,0.953084290027618,7.1662123082205e-4,0.129056364297867,0.429550558328629,0.00228394870646298,8.0008601071313e-4,8.4749178495258e-4,0.256564319133759,0.448886662721634,-2.20603224576621e-9,0.198696538805962,0.239158168435097,0.239158168435097,0.0480150021612644,2.62901759147644,6.7427032627165e-4,0.024021353572607,0.024021353572607,7.3317188071087e-4,0.129056364297867,0.0341597720980644,1.50600755214691,0.495933294296265,-0.0283089410513639,2.28201651573181,3.5629273043014e-4,0.591641664505005,0.00313974963501096,4982.4,3286.3999999999996,4.94
1657,2024,2024,144,Millville,06-25-2024,574,0.00419882871210575,0.0015029648784548,0.586763858795166,4.7414284199476e-4,1.24999952316284,0.0691633373498917,0.236373409628868,1.05192458629608,7.0948776556178e-4,0.0983861014246941,0.43362957239151,0.00216768006794155,8.3524809451773e-4,8.2012289203703e-4,0.260426968336105,0.41394829750061,3.1505802411402303e-9,0.175257563591003,0.277503222227097,0.277503222227097,-0.0505782142281532,2.41266822814941,6.0690910322591e-4,-0.025305300951004,-0.025305300951004,7.2779098991304e-4,0.0983861014246941,-0.0357314012944698,1.53125774860382,0.424999535083771,0.0287637785077095,2.57396030426025,2.900208637584e-4,0.586763858795166,0.00296941096894443,4982.4,3286.3999999999996,4.94
1657,2024,2024,144,Millville,07-11-2024,574,0.0131308455020189,0.00207298225723207,0.623172402381897,7.6349411392584e-4,2.21469497680664,0.0526621341705322,0.13346591591835,1.22532224655151,0.00116579327732325,0.0385230779647827,0.356699883937836,0.00265242648310959,0.00150624103844166,0.00122638372704387,0.232154965400696,0.265182852745056,3.54917908396146e-8,0.112503454089165,0.325277090072632,0.325277090072632,-0.200452476739883,1.72176563739777,5.2257045172154e-4,-0.101253792643547,-0.101253792643547,0.00120520731434226,0.0385230779647827,-0.141273811459541,1.1089688539505,0.253529906272888,0.136354729533195,2.58633947372437,1.8764717970043e-4,0.623172402381897,0.00265071913599968,4982.4,3286.3999999999996,4.94
1657,2024,2024,144,Millville,07-16-2024,574,0.00275498582050204,0.0023744641803205,0.610580921173096,9.0462312800809e-4,2.60753870010376,0.0414717979729176,0.111110977828503,1.31557536125183,0.00144930323585868,0.0195340979844332,0.334075003862381,0.00295499293133616,0.00195235793944448,0.00148436217568815,0.241787984967232,0.205658957362175,7.64219691973267e-8,0.108169510960579,0.365738898515701,0.365738898515701,-0.267597377300262,1.51781022548676,5.7181797455996e-4,-0.136283755302429,-0.136283755302429,0.00151222944259644,0.0195340979844332,-0.185094580054283,1.00334119796753,0.242578625679016,0.196328461170197,2.63565850257874,1.1049832392018e-4,0.610580921173096,0.00247670896351337,4982.4,3286.3999999999996,4.94
1667,2024,2024,146,Millville,06-05-2024,583,0.01934764534235,0.00142495159525424,0.563317835330963,4.2683110223151e-4,0.345679640769958,0.0996653214097023,0.349599450826645,0.855818450450897,6.0821144143119e-4,0.169996932148933,0.496600061655045,0.00232544634491205,6.383039872162e-4,7.691771024838e-4,0.279330372810364,0.55555123090744,-6.4457306159226805e-9,0.238420307636261,0.208668559789658,0.208668559789658,0.154450982809067,3.49995636940002,8.4269192302599e-4,0.0776916220784187,0.0776916220784187,6.2564981635659e-4,0.169996932148933,0.110638536512852,1.97298431396484,0.626120448112488,-0.0775741338729858,2.41073560714722,4.3465849012136e-4,0.563317835330963,0.00395791698247194,4190.4,2714.4,3.52
1667,2024,2024,146,Millville,06-25-2024,583,0.0193694029003382,0.00171607930678874,0.529159486293793,4.3977409950457e-4,0.728305995464325,0.10133657604455901,0.333893120288849,0.937747538089752,6.9308176171034e-4,0.152475923299789,0.475938558578491,0.00249488931149244,7.8743620542809e-4,8.7119330419227e-4,0.307908087968826,0.509992361068726,-4.1065328915124205e-9,0.182676956057549,0.281227380037308,0.281227380037308,0.0641861706972122,3.08156895637512,7.5169134652242e-4,0.03212621062994,0.03212621062994,7.1860657772049e-4,0.152475923299789,0.0445532314479351,1.81634628772736,0.44701287150383,-0.0326027907431126,2.45261836051941,4.6719101374037e-4,0.529159486293793,0.00411354564130306,4190.4,2714.4,3.52
1667,2024,2024,146,Millville,07-11-2024,583,0.00878347549587488,0.00197552237659693,0.597548961639404,6.6059839446097e-4,2.10586357116699,0.0588712729513645,0.156076937913895,1.22273850440979,0.0010417508892715,0.0468482039868832,0.386568784713745,0.00258372724056244,0.00136658304836601,0.00110453879460692,0.251917868852615,0.298570454120636,3.01312965689249e-8,0.125820890069008,0.344002813100815,0.344002813100815,-0.198425501585007,1.85131990909576,5.6354497792199e-4,-0.100209027528763,-0.100209027528763,0.00108291476499289,0.0468482039868832,-0.137067049741745,1.26034915447235,0.287860661745071,0.126985177397728,2.76934099197388,2.0277420117054e-4,0.597548961639404,0.00286291958764195,4190.4,2714.4,3.52
1667,2024,2024,146,Millville,07-16-2024,583,8.1100082024931e-4,0.00237203133292496,0.593185067176819,8.3029299275949e-4,2.54530477523804,0.0491275414824486,0.123734548687935,1.31520807743073,0.00136353890411556,0.0235165245831013,0.362013578414917,0.00297835096716881,0.00185024249367416,0.0014006559504196,0.255346953868866,0.235914185643196,7.08878076238761e-8,0.114855609834194,0.3780857026577,0.3780857026577,-0.267338126897812,1.617506980896,6.0154777020216e-4,-0.136146739125252,-0.136146739125252,0.00142579956445843,0.0235165245831013,-0.182915702462196,1.13486289978027,0.259518355131149,0.186524793505669,2.80221772193909,1.2549746315926e-4,0.593185067176819,0.00275209173560143,4190.4,2714.4,3.52
1696,2024,2024,152,Millville,06-05-2024,608,0.0141401998698711,0.00175903714261949,0.629807114601135,6.6546315792948e-4,1.31510937213898,0.0652451068162918,0.201628386974335,1.06008064746857,9.5646490808576e-4,0.083413265645504,0.373034179210663,0.0024033784866333,0.00112701358739287,0.00108180835377425,0.227139085531235,0.352041304111481,5.52313839108365e-9,0.157939150929451,0.248072534799576,0.248072534799576,-0.0582789517939091,2.08661651611328,5.9079838683828e-4,-0.0291642621159554,-0.0291642621159554,9.790415642783e-4,0.083413265645504,-0.041679784655571,1.18996667861938,0.375125259160995,0.0365380942821503,2.18827223777771,3.0786384013481e-4,0.629807114601135,0.00281054782681167,2094.3999999999996,1318.4,1.49
1696,2024,2024,152,Millville,06-25-2024,608,0.010200104676187,0.00181003496982157,0.627996146678925,6.6080735996365e-4,1.62027847766876,0.0658367872238159,0.176865339279175,1.11298847198486,9.6105114789679e-4,0.0684540942311287,0.37823486328125,0.00246176728978753,0.00116069591604173,0.00107404566369951,0.228504121303558,0.342432975769043,1.0396615124364e-8,0.145255148410797,0.26991793513298,0.26991793513298,-0.106641717255116,2.04151511192322,5.9208052698522e-4,-0.0534733235836029,-0.0534733235836029,9.8689517471939e-4,0.0684540942311287,-0.0765787288546562,1.21664869785309,0.339879512786865,0.0672080889344215,2.34785890579224,2.4867750471457e-4,0.627996146678925,0.00292490259744227,2094.3999999999996,1318.4,1.49
1696,2024,2024,152,Millville,07-11-2024,608,0.00812795199453831,0.00228137499652803,0.629650294780731,8.9663598919287e-4,2.23069143295288,0.0501526668667793,0.127396866679192,1.22332680225372,0.00135106034576893,0.0366525016725063,0.325834333896637,0.00280693150125444,0.00173610751517117,0.00142596662044525,0.227257147431374,0.236598193645477,4.63603271327884e-8,0.102572865784168,0.316803604364395,0.316803604364395,-0.198887571692467,1.61985230445862,5.125121679157e-4,-0.10044714063406,-0.10044714063406,0.00139560352545232,0.0366525016725063,-0.14111003279686,0.966629981994629,0.228593215346336,0.139985784888268,2.39057111740112,1.9458774477243e-4,0.629650294780731,0.00259162043221295,2094.3999999999996,1318.4,1.49
1696,2024,2024,152,Millville,07-16-2024,608,0.00394326774403453,0.00245921174064279,0.609529912471771,9.6559472149238e-4,2.48555660247803,0.0399044677615166,0.120037987828255,1.28709530830383,0.00153225543908775,0.0255885329097509,0.312327325344086,0.00300885643810034,0.00203962996602058,0.00158819823991507,0.242598846554756,0.194780245423317,7.73870425518908e-8,0.102089390158653,0.3573057949543,0.3573057949543,-0.247162118554115,1.48379397392273,5.5215647444129e-4,-0.125528365373611,-0.125528365373611,0.00159702554810792,0.0255885329097509,-0.171692967414856,0.908360421657562,0.227393224835396,0.184762924909592,2.45525550842285,1.5623403305653e-4,0.609529912471771,0.00238573341630399,2094.3999999999996,1318.4,1.49
1705,2024,2024,154,Millville,06-05-2024,616,0.0220666024833918,0.00139089778531343,0.540911912918091,3.8750984822399e-4,0.470360070466995,0.089195728302002,0.358759462833405,0.878485500812531,5.7871820172295e-4,0.170239210128784,0.484055489301682,0.00219589611515403,6.2454963335767e-4,7.3493260424584e-4,0.297932744026184,0.545056641101837,-5.01056307555814e-9,0.217083960771561,0.235105156898499,0.235105156898499,0.128835871815681,3.39615201950073,7.2797847678884e-4,0.0646874904632568,0.0646874904632568,5.9723958838731e-4,0.170239210128784,0.0914755687117577,1.87638580799103,0.554552376270294,-0.0643967017531395,2.4030864238739,4.0525774238631e-4,0.540911912918091,0.0035579102113843,6622.4000000000005,4342.4,2.64
1705,2024,2024,154,Millville,06-25-2024,616,0.00904917996376753,0.00163153966423124,0.566313683986664,4.7972094034776e-4,1.22191965579987,0.0771331340074539,0.254699230194092,1.04767191410065,7.4954773299396e-4,0.105923503637314,0.439263015985489,0.00227965111844242,9.0371898841112e-4,8.6758803809061e-4,0.276883453130722,0.422823488712311,3.1401434785749403e-9,0.167092621326447,0.292647778987885,0.292647778987885,-0.0465368330478668,2.46514463424683,6.1762490076944e-4,-0.0232810284942389,-0.0232810284942389,7.7662232797592e-4,0.105923503637314,-0.0324718579649925,1.56673467159271,0.401227384805679,0.0257235635071993,2.60086226463318,3.3434492070227e-4,0.566313683986664,0.00324592739343643,6622.4000000000005,4342.4,2.64
1705,2024,2024,154,Millville,07-11-2024,616,0.0104722594842315,0.00199154135771096,0.604687690734863,6.4149562967941e-4,2.32565069198608,0.0577106066048145,0.134331464767456,1.2571234703064,0.00102572876494378,0.0340863019227982,0.402394622564316,0.00259759044274688,0.00136310956440866,0.00107903673779219,0.246348410844803,0.302880734205246,3.341482823771e-8,0.131927043199539,0.349087536334991,0.349087536334991,-0.22491417825222,1.86894965171814,5.8206269750371e-4,-0.11391644179821,-0.11391644179821,0.001068041077815,0.0340863019227982,-0.156753659248352,1.34669005870819,0.303953796625137,0.145932093262672,2.92359662055969,1.4765511150471e-4,0.604687690734863,0.002844417700544,6622.4000000000005,4342.4,2.64
1705,2024,2024,154,Millville,07-16-2024,616,0.00413213949650526,0.00235688942484558,0.603737056255341,8.8047352619469e-4,2.64436602592468,0.0417936742305756,0.111228413879871,1.32475578784943,0.0014168934430927,0.0179657600820065,0.338240653276443,0.00292771449312568,0.00191891728900373,0.00145378871820867,0.247087210416794,0.209950134158134,7.49537463207162e-8,0.109163485467434,0.373005479574203,0.373005479574203,-0.274041324853897,1.53148579597473,5.787622067146e-4,-0.139694571495056,-0.139694571495056,0.00148163305129856,0.0179657600820065,-0.188927680253983,1.02224671840668,0.245080858469009,0.199346467852592,2.67623424530029,1.0158065560972e-4,0.603737056255341,0.00249289115890861,6622.4000000000005,4342.4,2.64
1730,2024,2024,160,Millville,06-05-2024,639,0.0180323570966721,0.00145893334411085,0.517529845237732,3.7584346137009e-4,0.128557145595551,0.111386850476265,0.421221494674683,0.787669479846954,5.5938377045095e-4,0.210076227784157,0.528110563755035,0.0024074933025986,5.648594815284e-4,7.4060837505385e-4,0.317931264638901,0.620163798332214,-7.50367945556718e-9,0.248337209224701,0.211035504937172,0.211035504937172,0.234245464205742,4.26542806625366,9.3086215201765e-4,0.118775047361851,0.118775047361851,5.8004830498248e-4,0.210076227784157,0.167457327246666,2.23828101158142,0.660767734050751,-0.104587838053703,2.53214406967163,4.7142000403255e-4,0.517529845237732,0.00439741974696517,3978.3999999999996,2654.4,1.73
1730,2024,2024,160,Millville,06-25-2024,639,0.0116795841604471,0.00162091967649758,0.584015727043152,5.0780602032318e-4,1.52699017524719,0.0726492181420326,0.217371746897697,1.11139464378357,7.8194413799792e-4,0.0839146375656128,0.445527315139771,0.00229125050827861,9.5975253498181e-4,8.7553291814401e-4,0.26261368393898,0.411181181669235,7.575798655068411e-9,0.170801594853401,0.310174465179443,0.310174465179443,-0.105224721133709,2.39663076400757,6.4856093376874e-4,-0.0527588054537773,-0.0527588054537773,8.0666498979553e-4,0.0839146375656128,-0.072739489376545,1.6070305109024,0.41196796298027,0.0596797503530979,2.83003711700439,2.6464855181984e-4,0.584015727043152,0.00316779315471649,3978.3999999999996,2654.4,1.73
1730,2024,2024,160,Millville,07-11-2024,639,0.0070777558721602,0.00193139107432216,0.606664955615997,6.3797982875257e-4,2.24619555473328,0.0603638663887978,0.139853492379189,1.24461960792542,0.00100473547354341,0.0382546447217464,0.409970670938492,0.00257135299034417,0.00131729023996741,0.00105922180227935,0.244814604520798,0.313098818063736,2.98743678683877e-8,0.139237463474274,0.34408050775528,0.34408050775528,-0.215402588248253,1.91162693500519,6.1571056721732e-4,-0.108980424702168,-0.108980424702168,0.00104341155383736,0.0382546447217464,-0.149541050195694,1.38966202735901,0.323521196842194,0.137361407279968,2.95829463005066,1.5531765529885e-4,0.606664955615997,0.00294562033377588,3978.3999999999996,2654.4,1.73
1730,2024,2024,160,Millville,07-16-2024,639,0.00423638988286257,0.00224738218821585,0.582058966159821,7.7426072675734e-4,2.46564364433289,0.0477709360420704,0.135146275162697,1.30386710166931,0.00127934291958809,0.0285419672727585,0.363444834947586,0.00283450144343078,0.0017283302731812,0.00133044528774917,0.26417538523674,0.243106335401535,5.84026160765916e-8,0.118176326155663,0.382636934518814,0.382636934518814,-0.259278327226639,1.64237904548645,5.8764108689501e-4,-0.131894379854202,-0.131894379854202,0.00133790040854365,0.0285419672727585,-0.176781624555588,1.14191162586212,0.268027096986771,0.181230694055557,2.78741931915283,1.4339224435389e-4,0.582058966159821,0.00265724048949778,3978.3999999999996,2654.4,1.73
1752,2024,2024,165,Millville,06-05-2024,659,0.0171030759811401,0.00142171606421471,0.611127853393555,5.0499232020229e-4,0.960482954978943,0.0738156363368034,0.248158857226372,0.992298066616058,7.2263123001903e-4,0.111210033297539,0.42516702413559,0.00215516495518386,8.2732364535331e-4,8.385878172703e-4,0.241366386413574,0.43230527639389,-5.56779622407078e-10,0.195179104804993,0.242441058158875,0.242441058158875,0.00773159554228187,2.52302050590515,6.624671514146e-4,0.0038658557459712,0.0038658557459712,7.413339917548e-4,0.111210033297539,0.00555013865232468,1.47927165031433,0.485024929046631,-0.00465580215677619,2.42077565193176,3.28369991621e-4,0.611127853393555,0.00304410560056567,3098.399999999999,2102.4,2.99
1752,2024,2024,165,Millville,06-25-2024,659,0.0136754605919123,0.00164247921202332,0.608397245407104,5.6242640130221e-4,1.55211639404297,0.0678167939186096,0.196832224726677,1.10681259632111,8.3702697884291e-4,0.0772596970200539,0.414244115352631,0.00230475841090083,0.00102656218223274,9.2164002126082e-4,0.243473902344704,0.371936947107315,8.918362048859761e-9,0.16013215482235,0.291749328374863,0.291749328374863,-0.10113737732172,2.18439388275146,6.0886237770319e-4,-0.0506986677646637,-0.0506986677646637,8.5949787171557e-4,0.0772596970200539,-0.0715418681502342,1.41439151763916,0.38132706284523,0.0612554736435413,2.67299938201904,2.6318480377085e-4,0.608397245407104,0.00299283466301858,3098.399999999999,2102.4,2.99
1752,2024,2024,165,Millville,07-11-2024,659,0.0178584437817335,0.00210429029539227,0.621879994869232,7.7100953785702e-4,2.25463175773621,0.0533605925738811,0.130400106310844,1.2373263835907,0.00118203612510115,0.0364979766309261,0.357947438955307,0.00267129088751972,0.0015357187949121,0.00124557095114142,0.233136847615242,0.2609523832798,3.77378164273523e-8,0.114535786211491,0.330625087022781,0.330625087022781,-0.209791168570518,1.70618546009064,5.4538430413231e-4,-0.106075875461102,-0.106075875461102,0.00122288416605443,0.0364979766309261,-0.146760269999504,1.11500978469849,0.258702248334885,0.141288578510284,2.60787439346313,1.8092012032866e-4,0.621879994869232,0.0027539252769202,3098.399999999999,2102.4,2.99
1752,2024,2024,165,Millville,07-16-2024,659,0.008039022795856,0.00243875035084784,0.604499280452728,8.7560666725039e-4,2.62619209289551,0.0437302552163601,0.111924581229687,1.32207536697388,0.00142362841870636,0.0188110526651144,0.345726996660233,0.00305726192891598,0.00193904689513147,0.00146389112342149,0.246494770050049,0.217306271195412,7.79628592795234e-8,0.111685544252396,0.372536659240723,0.372536659240723,-0.272167086601257,1.55527794361115,5.9261516435071e-4,-0.138701528310776,-0.138701528310776,0.00148819491732866,0.0188110526651144,-0.18725112080574,1.05682802200317,0.25145497918129,0.196605056524277,2.71466541290283,1.070288271876e-4,0.604499280452728,0.00260247639380395,3098.399999999999,2102.4,2.99
1767,2024,2024,169,Millville,06-05-2024,673,0.0112471738830209,0.00129865540657192,0.591891586780548,4.2107485933229e-4,0.560291349887848,0.0643245875835419,0.302092701196671,0.910925447940826,5.9577386127784e-4,0.142713859677315,0.40443143248558,0.00189125479664654,6.429583299905e-4,7.4082944775e-4,0.256366938352585,0.450137376785278,-3.58745078088418e-9,0.17301107943058,0.21909099817276,0.21909099817276,0.093024455010891,2.63727211952209,5.1338539924472e-4,0.0466132909059525,0.0466132909059525,6.1121059115976e-4,0.142713859677315,0.0678547471761703,1.35813570022583,0.418412089347839,-0.053204320371151,2.12865877151489,3.5070499870926e-4,0.591891586780548,0.00256551778875291,8074.4,5178.4000000000005,16.85
1767,2024,2024,169,Millville,06-25-2024,673,0.00466610258445144,0.00151185353752226,0.614634931087494,5.0502381054684e-4,1.62788438796997,0.0535534769296646,0.180284306406975,1.11977648735046,7.51135754399e-4,0.0687944293022156,0.391801953315735,0.00205498491413891,9.2644430696964e-4,8.384546963498e-4,0.238670110702515,0.347600370645523,8.221931580010281e-9,0.149109870195389,0.286568224430084,0.286568224430084,-0.112648971378803,2.06560564041138,4.8886553850024e-4,-0.0565043166279793,-0.0565043166279793,7.7296915696933e-4,0.0687944293022156,-0.0798080638051033,1.28840267658234,0.35047972202301,0.0695669054985046,2.48079800605774,2.2394969710148e-4,0.614634931087494,0.00240989960730076,8074.4,5178.4000000000005,16.85
1767,2024,2024,169,Millville,07-11-2024,673,0.00893587805330753,0.00181925075594336,0.602966666221619,6.1364023713395e-4,2.16626310348511,0.0499924346804619,0.149002864956856,1.22985756397247,9.728858130984e-4,0.0429039634764194,0.37187260389328,0.00234471168369055,0.00126837485004216,0.00103705225046724,0.247686564922333,0.28655156493187,2.63840433945006e-8,0.123983800411224,0.337711095809937,0.337711095809937,-0.203995779156685,1.80328607559204,5.0868903053924e-4,-0.103081710636616,-0.103081710636616,0.0010098391212523,0.0429039634764194,-0.141129836440086,1.18406736850739,0.283062815666199,0.133986905217171,2.63493824005127,1.7185744945891e-4,0.602966666221619,0.00248198746703565,8074.4,5178.4000000000005,16.85
1767,2024,2024,169,Millville,07-16-2024,673,0.00478351162746549,0.00238450290635228,0.61224889755249,9.1849960153922e-4,2.66037178039551,0.0404085628688335,0.105661250650883,1.32044780254364,0.00145799526944757,0.0167969353497028,0.329477846622467,0.00295186298899353,0.00196405895985663,0.001495570410043,0.240503266453743,0.201470568776131,7.77562192411096e-8,0.107246771454811,0.366018563508987,0.366018563508987,-0.271026045084,1.50460398197174,5.7345582172274e-4,-0.138097375631332,-0.138097375631332,0.0015189447440207,0.0167969353497028,-0.187614306807518,0.982749998569489,0.240260735154152,0.200008884072304,2.62115931510925,9.69410466495901e-5,0.61224889755249,0.00245736353099346,8074.4,5178.4000000000005,16.85
1768,2024,2024,169,Millville,06-05-2024,674,0.0152349807322025,0.00133878516498953,0.545013964176178,3.8178073009476e-4,0.376697093248367,0.0898362770676613,0.356916159391403,0.863280355930328,5.5638770572841e-4,0.171418011188507,0.482721835374832,0.0021603477653116,5.8618391631171e-4,7.1062747156247e-4,0.294486701488495,0.540541887283325,-5.331777241934791e-9,0.220630675554276,0.22075018286705,0.22075018286705,0.145965650677681,3.35295462608337,7.3468871414661e-4,0.0733757615089417,0.0733757615089417,5.7396001648157e-4,0.171418011188507,0.104326717555523,1.86639165878296,0.566177487373352,-0.0741190686821938,2.35248875617981,4.149638407398e-4,0.545013964176178,0.00356419733725488,6778.4,4734.4,3.85
1768,2024,2024,169,Millville,06-25-2024,674,0.00402633473277092,0.00151531049050391,0.588146150112152,4.5747213880531e-4,1.32073628902435,0.0722710862755775,0.229033425450325,1.06674802303314,6.9740368053317e-4,0.0941592305898666,0.446485549211502,0.00217769318260252,8.3079730393365e-4,8.0476223956793e-4,0.259329915046692,0.427186518907547,3.57896645653e-9,0.17727866768837,0.290304601192474,0.290304601192474,-0.0645249933004379,2.49153780937195,6.2244734726846e-4,-0.032296147197485,-0.032296147197485,7.1732111973688e-4,0.0941592305898666,-0.0448420010507107,1.61327517032623,0.430956810712814,0.0355655513703823,2.69382500648499,2.86020047497e-4,0.588146150112152,0.00308598601259291,6778.4,4734.4,3.85
1768,2024,2024,169,Millville,07-11-2024,674,0.0114039620384574,0.00185036938637495,0.597666561603546,5.8924715267494e-4,2.30694699287415,0.0559819601476192,0.141012817621231,1.26076817512512,9.4459939282387e-4,0.0363116711378098,0.408186256885529,0.00243323715403676,0.00124862499069422,9.9368917290121e-4,0.25182569026947,0.308796167373657,2.82707670606896e-8,0.1331497579813,0.355602562427521,0.355602562427521,-0.227661073207855,1.89350259304047,5.5538536980748e-4,-0.115344986319542,-0.115344986319542,9.8362611606717e-4,0.0363116711378098,-0.157533496618271,1.37944161891937,0.307203590869904,0.144214168190956,2.94578862190247,1.3847586524207e-4,0.597666561603546,0.00276932143606246,6778.4,4734.4,3.85
1768,2024,2024,169,Millville,07-16-2024,674,0.00611099321395159,0.00225714989937842,0.616525709629059,8.6352793732658e-4,2.71570420265198,0.0396706163883209,0.100737012922764,1.32863223552704,0.00137134676333517,0.0139618813991547,0.33738785982132,0.00282276095822453,0.00185277685523033,0.00139771471731365,0.237221270799637,0.206816896796227,7.09509180296664e-8,0.111741088330746,0.36492046713829,0.36492046713829,-0.276741653680801,1.52148580551147,5.6820479221642e-4,-0.141126707196236,-0.141126707196236,0.00143036723602563,0.0139618813991547,-0.192087695002556,1.01835703849792,0.251595765352249,0.202907770872116,2.68080735206604,7.33817505533807e-5,0.616525709629059,0.00239163753576577,6778.4,4734.4,3.85
1773,2024,2024,170,Millville,06-05-2024,678,0.0270791798830032,0.0014525210717693,0.56091171503067,4.2436190415173e-4,0.385066777467728,0.0931218937039375,0.344047129154205,0.869584083557129,6.1410700436681e-4,0.165975987911224,0.490860491991043,0.00231069512665272,6.4058270072564e-4,7.9095480032265e-4,0.28130242228508,0.546834230422974,-5.93343107979649e-9,0.231897875666618,0.212958067655563,0.212958067655563,0.138837710022926,3.41339612007141,7.9459440894424e-4,0.0697566494345665,0.0697566494345665,6.3087244052439e-4,0.165975987911224,0.0999663472175598,1.92819678783417,0.603820443153381,-0.0731928199529648,2.395103931427,4.3515564175322e-4,0.56091171503067,0.00370488502085209,3342.3999999999996,2266.3999999999996,3.06
1773,2024,2024,170,Millville,06-25-2024,678,0.0168677400797606,0.00160375167615712,0.593075752258301,5.1472935592755e-4,1.2772136926651,0.0737028419971466,0.226642236113548,1.05398964881897,7.7309773769229e-4,0.093872606754303,0.437387436628342,0.00227737310342491,9.2042633332312e-4,8.9145958190783e-4,0.255433052778244,0.420230239629745,3.5973908296682604e-9,0.174700900912285,0.276463568210602,0.276463568210602,-0.0525341965258121,2.44964528083801,6.362167187035e-4,-0.0262852441519499,-0.0262852441519499,7.9368718434125e-4,0.093872606754303,-0.0375528521835804,1.55484414100647,0.423363864421844,0.0315093547105789,2.54996728897095,2.9742476181127e-4,0.593075752258301,0.00315717956982553,3342.3999999999996,2266.3999999999996,3.06
1773,2024,2024,170,Millville,07-11-2024,678,0.0208859741687775,0.00200021918863058,0.608088195323944,6.8912148708477e-4,2.24483680725098,0.0554874427616596,0.13911896944046,1.24003279209137,0.00108023697976023,0.0384749881923199,0.382412821054459,0.00259216292761266,0.00141020177397877,0.00114297354593873,0.243712902069092,0.289640963077545,3.21015711790551e-8,0.12649168074131,0.340650260448456,0.340650260448456,-0.21187898516655,1.81547772884369,5.6776171550154e-4,-0.107155933976173,-0.107155933976173,0.00112078955862671,0.0384749881923199,-0.147446021437645,1.23840928077698,0.289617568254471,0.139898151159286,2.76026916503906,1.6793378745205e-4,0.608088195323944,0.00274461600929499,3342.3999999999996,2266.3999999999996,3.06
1773,2024,2024,170,Millville,07-16-2024,678,0.00522692874073982,0.00242436141707003,0.600694000720978,8.8066374883055e-4,2.63407611846924,0.0453214049339294,0.112504854798317,1.32374250888824,0.00142808200325817,0.0182733871042728,0.351149916648865,0.00303503056056798,0.001931416336447,0.00146521057467908,0.249458014965057,0.221541538834572,7.57891314151493e-8,0.113110646605492,0.375900357961655,0.375900357961655,-0.273333489894867,1.56918013095856,6.1336491489782e-4,-0.139319434762001,-0.139319434762001,0.00148913322482258,0.0182733871042728,-0.18815204501152,1.08237600326538,0.255072742700577,0.196287125349045,2.75853061676025,1.0261880379403e-4,0.600694000720978,0.00265950779430568,3342.3999999999996,2266.3999999999996,3.06
1774,2024,2024,170,Millville,06-05-2024,679,0.0155142275616527,0.00138026406057179,0.58562707901001,4.3577214819379e-4,0.534296274185181,0.0853237062692642,0.304265916347504,0.906566739082336,6.2095304019749e-4,0.144200801849365,0.473762303590775,0.00220669293776155,6.654494209215e-4,7.6764408731833e-4,0.261330664157867,0.510789096355438,-4.24168256074609e-9,0.220521196722984,0.211931556463242,0.211931556463242,0.0977772325277328,3.08821678161621,7.468675612472e-4,0.0490060299634933,0.0490060299634933,6.3753768336027e-4,0.144200801849365,0.0712201297283173,1.80056416988373,0.56581723690033,-0.0530255734920502,2.41731405258179,3.7305630394257e-4,0.58562707901001,0.00344670563936234,5998.4000000000005,3986.3999999999996,2
1774,2024,2024,170,Millville,06-25-2024,679,0.0102012399584055,0.00162727001588792,0.603176593780518,5.4112437646836e-4,1.32141304016113,0.0728502720594406,0.218042820692062,1.06378591060638,8.0438464647159e-4,0.0905961841344833,0.419260799884796,0.00228733592666686,9.5893425168469e-4,9.1603357577696e-4,0.247523218393326,0.39819923043251,4.7911057343696906e-9,0.166262581944466,0.271413058042526,0.271413058042526,-0.0617554411292076,2.32335901260376,6.2494911253452e-4,-0.0309072155505419,-0.0309072155505419,8.266806253232e-4,0.0905961841344833,-0.0436587296426296,1.44388675689697,0.398836821317673,0.0358876064419746,2.54200005531311,2.93818913633e-4,0.603176593780518,0.00310879340395331,5998.4000000000005,3986.3999999999996,2
1774,2024,2024,170,Millville,07-11-2024,679,0.0126190148293972,0.00194968795403838,0.614225506782532,6.784310680814e-4,2.27217721939087,0.0565876886248589,0.133506014943123,1.24109733104706,0.00105983857065439,0.0359431616961956,0.388129681348801,0.00257065263576806,0.00138094543945044,0.00111327110789716,0.238984256982803,0.29192841053009,3.20125970176832e-8,0.130476251244545,0.337177872657776,0.337177872657776,-0.212698429822922,1.82457315921783,5.7739845942705e-4,-0.107580043375492,-0.107580043375492,0.00109847169369459,0.0359431616961956,-0.148465946316719,1.26866662502289,0.300109684467316,0.141748905181885,2.81140494346619,1.6369990771636e-4,0.614225506782532,0.00279706902801991,5998.4000000000005,3986.3999999999996,2
1774,2024,2024,170,Millville,07-16-2024,679,0.00319536263123155,0.00237849005497992,0.610991299152374,9.0786284999921e-4,2.6571216583252,0.0403868965804577,0.106806024909019,1.32223796844482,0.00144697807263583,0.0168006159365177,0.333280682563782,0.00293294037692249,0.00194369477685541,0.00147430261131376,0.241471648216248,0.203346461057663,7.64584626722353e-8,0.105308175086975,0.368169903755188,0.368169903755188,-0.272280931472778,1.51050174236298,5.6428526295349e-4,-0.138761818408966,-0.138761818408966,0.00150699750520289,0.0168006159365177,-0.188270926475525,0.999763250350952,0.235406577587128,0.199177265167236,2.64618849754333,9.64492792263627e-5,0.610991299152374,0.00244564563035965,5998.4000000000005,3986.3999999999996,2
1791,2024,2024,174,Millville,06-05-2024,694,0.00689537404105067,0.00132026639766991,0.594249129295349,4.3027175706811e-4,0.820089042186737,0.0725379586219788,0.270768940448761,0.963736772537231,6.1415188247337e-4,0.1235042065382,0.449732184410095,0.00203588651493192,6.9140963023528e-4,7.2868703864514e-4,0.254509091377258,0.464646756649017,-1.5523639040893e-9,0.201176092028618,0.235124543309212,0.235124543309212,0.036920253187418,2.73585104942322,6.4108410151675e-4,0.0184664223343134,0.0184664223343134,6.2904565129429e-4,0.1235042065382,0.0264368932694197,1.63459372520447,0.50368070602417,-0.0210088007152081,2.47136068344116,3.2513661426492e-4,0.594249129295349,0.00299403257668018,6950.4,4606.4,7.21
1791,2024,2024,174,Millville,06-25-2024,694,0.00565600534901023,0.00158633687533438,0.629119515419006,5.4630875820294e-4,1.72362208366394,0.0586249306797981,0.167114585638046,1.13422203063965,8.0749567132443e-4,0.0623958110809326,0.403826296329498,0.00219617644324899,9.8953605629503e-4,8.9243339607492e-4,0.22765702009201,0.353747636079788,9.91902737723649e-9,0.156402692198753,0.286402374505997,0.286402374505997,-0.125285297632217,2.09476661682129,5.6020630290731e-4,-0.0628904178738594,-0.0628904178738594,8.3154177991673e-4,0.0623958110809326,-0.0889999344944954,1.35472702980042,0.370799422264099,0.0774039849638939,2.59660959243774,2.2310319764073e-4,0.629119515419006,0.00266251433640718,6950.4,4606.4,7.21
1791,2024,2024,174,Millville,07-11-2024,694,0.0100023876875639,0.00193936692085117,0.634276151657104,7.0557300932705e-4,2.45188283920288,0.0503467619419098,0.109614931046963,1.26687622070312,0.00107606104575098,0.0258097797632217,0.374550998210907,0.00252781272865832,0.00140596565324813,0.00111694447696209,0.22378334403038,0.270697623491287,3.53949793918673e-8,0.122766047716141,0.332908689975739,0.332908689975739,-0.23223839700222,1.74234676361084,5.5248470744118e-4,-0.117728620767593,-0.117728620767593,0.00111446634400636,0.0258097797632217,-0.162966296076775,1.19770264625549,0.279893517494202,0.155148044228554,2.77473449707031,1.1177449778188e-4,0.634276151657104,0.00262491102330387,6950.4,4606.4,7.21
1791,2024,2024,174,Millville,07-16-2024,694,0.00584497535601258,0.00242514233104885,0.608396351337433,8.9815381215885e-4,2.71026873588562,0.0434419885277748,0.104334518313408,1.33403921127319,0.00144616642501205,0.0143786733970046,0.347334504127502,0.00302250473760068,0.00196184613741934,0.00147628947161138,0.24347460269928,0.214766919612885,8.03580704200613e-8,0.112204343080521,0.37268477678299,0.37268477678299,-0.280487656593323,1.54701435565948,0.00060697790468111005,-0.143116354942322,-0.143116354942322,0.00151040928903967,0.0143786733970046,-0.193486258387566,1.06435704231262,0.252770662307739,0.203174740076065,2.75002336502075,8.1689766375348e-5,0.608396351337433,0.00260867946781218,6950.4,4606.4,7.21
1807,2024,2024,177,Millville,06-05-2024,708,0.00527473306283355,0.00136534753255546,0.519502937793732,3.4543193760328e-4,0.191421821713448,0.101694546639919,0.41228175163269,0.804726719856262,5.204735789448e-4,0.20413014292717,0.522151708602905,0.00232678791508079,5.3240510169416e-4,6.8696477683261e-4,0.316219866275787,0.603073596954346,-6.25662321951381e-9,0.24925372004509,0.220758870244026,0.220758870244026,0.213897809386253,4.03871774673462,8.6473824921995e-4,0.108201004564762,0.108201004564762,5.3924997337162e-4,0.20413014292717,0.151058673858643,2.1854293346405,0.664015889167786,-0.0996556952595711,2.503577709198,4.4253192027099e-4,0.519502937793732,0.00404549948871136,7810.4,4858.4,7.57
1807,2024,2024,177,Millville,06-25-2024,708,0.00272575067356229,0.00156392029020935,0.596973598003387,5.1444891141727e-4,1.50600147247314,0.0690341517329216,0.208543300628662,1.10224938392639,7.6601636828854e-4,0.0814112201333046,0.432026088237762,0.00222886051051319,9.2767551541328e-4,8.6319353431463e-4,0.252368867397308,0.403542697429657,6.868208224375391e-9,0.171194136142731,0.292219519615173,0.292219519615173,-0.0970466211438179,2.35313200950623,6.2601256649941e-4,-0.0486380979418755,-0.0486380979418755,7.8710104571655e-4,0.0814112201333046,-0.0676611736416817,1.52128851413727,0.413110345602036,0.0565292611718178,2.67414021492004,2.599507861305e-4,0.596973598003387,0.00301258079707623,7810.4,4858.4,7.57
1807,2024,2024,177,Millville,07-11-2024,708,0.00349086034111679,0.00195814692415297,0.610583543777466,6.6456286003813e-4,2.1086437702179,0.0608752928674221,0.148844391107559,1.2144730091095,0.00102300674188882,0.0457067117094994,0.390136778354645,0.00264658429659903,0.00131751713342965,0.00108617939986289,0.241785958409309,0.304015338420868,2.69159361465654e-8,0.134243667125702,0.331171303987503,0.331171303987503,-0.191901206970215,1.8736264705658,6.0584768652916e-4,-0.0968506261706352,-0.0968506261706352,0.00105967232957482,0.0457067117094994,-0.133676081895828,1.27942395210266,0.310118824243546,0.123548492789268,2.76124978065491,1.9670736219268e-4,0.610583543777466,0.00294633535668254,7810.4,4858.4,7.57
1807,2024,2024,177,Millville,07-16-2024,708,0.00184918229933828,0.00246097333729267,0.609227299690247,9.258582140319e-4,2.61626100540161,0.0430426523089409,0.11075784265995,1.31456923484802,0.00147876865230501,0.0190635584294796,0.337504327297211,0.00305313710123301,0.00199586129747331,0.00152037641964853,0.242832511663437,0.211155951023102,7.91251082432609e-8,0.10865892469883,0.365991145372391,0.365991145372391,-0.266886979341507,1.53535544872284,5.8613659348338e-4,-0.135908335447311,-0.135908335447311,0.00154441699851304,0.0190635584294796,-0.184338569641113,1.01888751983643,0.243809968233109,0.193368956446648,2.65230107307434,1.0857047891477e-4,0.609227299690247,0.00254050479270518,7810.4,4858.4,7.57
1815,2024,2024,179,Millville,06-05-2024,715,0.0426329560577869,0.00154988770373166,0.483047723770142,3.5637323162518e-4,-0.00571826286613941,0.12509149312973,0.475595057010651,0.739991545677185,5.5703311227262e-4,0.241485700011253,0.552101314067841,0.00260773533955216,5.3100369405001e-4,7.6976214768365e-4,0.348574280738831,0.652416110038757,-9.920980481581411e-9,0.26496410369873,0.21610327064991,0.21610327064991,0.292333990335464,4.75400638580322,0.00105437973979861,0.149430841207504,0.149430841207504,5.8393186191096e-4,0.241485700011253,0.20655257999897,2.46529579162598,0.720955550670624,-0.127504155039787,2.48751831054688,5.4658140288665e-4,0.483047723770142,0.00488786166533828,4002.3999999999996,2754.4,1.42
1815,2024,2024,179,Millville,06-25-2024,715,0.033658929169178,0.00162998167797923,0.547254264354706,4.6864186879247e-4,1.13767337799072,0.0848367735743523,0.278067946434021,1.03075301647186,7.4164714897051e-4,0.116873234510422,0.465914666652679,0.00235135201364756,8.8922149734571e-4,8.6198444478213e-4,0.292612344026566,0.455214560031891,2.1598698385361104e-9,0.183720991015434,0.305946499109268,0.305946499109268,-0.0302803032100201,2.6711702346801798,7.0184079231694e-4,-0.0151436235755682,-0.0151436235755682,7.6776597416028e-4,0.116873234510422,-0.0207678154110909,1.74471998214722,0.450142651796341,0.0162561722099781,2.81096625328064,3.4237717045471e-4,0.547254264354706,0.00357394502498209,4002.3999999999996,2754.4,1.42
1815,2024,2024,179,Millville,07-11-2024,715,0.0269394721835852,0.00207828870043159,0.608420670032501,6.9534982321783e-4,2.36830854415894,0.0593743994832039,0.130596831440926,1.26761186122894,0.0011049386812374,0.032302089035511,0.401973277330399,0.00273888069204986,0.00146863935515285,0.00114880071487278,0.243455827236176,0.297077208757401,3.96027743931882e-8,0.133848920464516,0.35161504149437,0.35161504149437,-0.232787549495697,1.84526264667511,6.2516995240002e-4,-0.118014849722385,-0.118014849722385,0.00115142622962594,0.032302089035511,-0.161563634872437,1.34433221817017,0.309066027402878,0.150397434830666,2.9862813949585,1.4124020526651e-4,0.608420670032501,0.00298712169751525,4002.3999999999996,2754.4,1.42
1815,2024,2024,179,Millville,07-16-2024,715,0.00854097958654165,0.00237108860164881,0.584911942481995,8.1915355985984e-4,2.60253977775574,0.0481353662908077,0.122985482215881,1.32858538627625,0.00136908446438611,0.0208794549107552,0.369922190904617,0.00303254160098732,0.00186594272963703,0.00141346838790923,0.261899769306183,0.241015136241913,7.21605033504602e-8,0.124980583786964,0.388576418161392,0.388576418161392,-0.276709049940109,1.635098695755,6.4813334029167e-4,-0.141109421849251,-0.141109421849251,0.00143250683322549,0.0208794549107552,-0.18910750746727,1.17421114444733,0.285663545131683,0.196998253464699,2.88316655158997,1.1304307554382e-4,0.584911942481995,0.00275663449428976,4002.3999999999996,2754.4,1.42
1816,2024,2024,179,Millville,06-05-2024,716,0.0340981334447861,0.00142411468550563,0.476420789957047,3.1966797541827e-4,0.00667556468397379,0.119132719933987,0.483799546957016,0.737094044685364,4.9077864969149e-4,0.245545625686646,0.571260273456573,0.00248487945646048,4.8230800894089e-4,6.7202403442934e-4,0.354627370834351,0.66919070482254,-7.9002244746107e-9,0.266874670982361,0.218304097652435,0.218304097652435,0.295917928218842,5.04577970504761,0.00101362762507051,0.151348143815994,0.151348143815994,5.1285699009895e-4,0.245545625686646,0.208111986517906,2.66483473777771,0.728046536445618,-0.121541805565357,2.6714882850647,4.8282570787705e-4,0.476420789957047,0.00469898665323853,8010.4,5238.4000000000005,5.8
1816,2024,2024,179,Millville,06-25-2024,716,0.0347864367067814,0.00150629889685661,0.557328045368195,4.173602501396e-4,1.38241791725159,0.0761863514780998,0.245119601488113,1.08420026302338,6.703893886879e-4,0.0976720824837685,0.476814925670624,0.00221933634020388,0.00081976811634376005,7.7891809633001e-4,0.284250944852829,0.446531146764755,4.84617768137241e-9,0.18945175409317,0.321821987628937,0.321821987628937,-0.0806669667363167,2.61357307434082,6.7898601992055e-4,-0.0403993092477322,-0.0403993092477322,6.9488160079345e-4,0.0976720824837685,-0.0553397089242935,1.82273900508881,0.467465698719025,0.0444529168307781,3.00050258636475,2.7880279230885e-4,0.557328045368195,0.00328808068297803,8010.4,5238.4000000000005,5.8
1816,2024,2024,179,Millville,07-11-2024,716,0.033602852374315297,0.00193129386752844,0.593061506748199,5.9062836226075e-4,2.35267281532288,0.0647545531392097,0.136707648634911,1.26838088035583,9.6275674877688e-4,0.0337114445865154,0.436210721731186,0.00268779369071126,0.00129166385158896,0.00100854365155101,0.255444318056107,0.33258718252182,3.09487333538527e-8,0.15221643447876,0.364151269197464,0.364151269197464,-0.233361095190048,1.99664604663849,6.8365328479558e-4,-0.118313863873482,-0.118313863873482,0.00100416562054306,0.0337114445865154,-0.160850882530212,1.54742479324341,0.359092652797699,0.148508071899414,3.22271990776062,1.3796356506645e-4,0.593061506748199,0.00317431311123073,8010.4,5238.4000000000005,5.8
1816,2024,2024,179,Millville,07-16-2024,716,0.0106108719483018,0.00215115468017757,0.593436360359192,7.5921241659671e-4,2.74299430847168,0.0437575802206993,0.108637079596519,1.35350739955902,0.00125670060515404,0.0132747944444418,0.367745488882065,0.00276884529739618,0.00173040083609521,0.00127909216098487,0.255148947238922,0.230368688702583,6.59859722418332e-8,0.12569834291935,0.388854265213013,0.388854265213013,-0.293780893087387,1.59864687919617,6.153070135042e-4,-0.150204494595528,-0.150204494595528,0.00132108270190656,0.0132747944444418,-0.200543001294136,1.16328310966492,0.28753998875618,0.20946416258812,2.92885851860046,6.61535887047648e-5,0.593436360359192,0.00256176386028528,8010.4,5238.4000000000005,5.8
1827,2024,2024,182,Millville,06-05-2024,726,0.00922645721584558,0.00140657857991755,0.5765460729599,4.4908019481226e-4,0.663367927074432,0.0867931991815567,0.304332822561264,0.928960680961609,6.4400263363495e-4,0.141598030924797,0.470991849899292,0.00223997398279607,7.0331338793039e-4,7.8201736323535e-4,0.268595963716507,0.499859631061554,-3.1017921564569e-9,0.218923300504684,0.234555020928383,0.234555020928383,0.0735557526350021,2.99887728691101,7.605796563439e-4,0.0368277579545975,0.0368277579545975,6.5933988662436e-4,0.141598030924797,0.0525829792022705,1.7806601524353,0.560568034648895,-0.0407225266098976,2.50786375999451,3.691588062793e-4,0.5765460729599,0.00353059568442404,5826.399999999999,3894.4,3.48
1827,2024,2024,182,Millville,06-25-2024,726,0.00274661718867719,0.00148347916547209,0.600167989730835,4.7578406520187e-4,1.20428788661957,0.0756927132606506,0.232486113905907,1.04040396213531,6.9478928344324e-4,0.0987531691789627,0.456893593072891,0.00220909342169762,8.0888281809166e-4,8.0778333358466e-4,0.249868765473366,0.44142210483551,2.0891492980013e-9,0.199931755661964,0.268050223588943,0.268050223588943,-0.0395884327590466,2.58052134513855,7.0067722117528e-4,-0.0198019780218601,-0.0198019780218601,7.1243580896407e-4,0.0987531691789627,-0.0280369631946087,1.68251967430115,0.499786794185638,0.0225416049361229,2.74882364273071,2.8332372312434e-4,0.600167989730835,0.00322088180109859,5826.399999999999,3894.4,3.48
1827,2024,2024,182,Millville,07-11-2024,726,0.00699708936735988,0.00199660821817815,0.610162556171417,6.7846366437152e-4,2.22600221633911,0.0599014759063721,0.139041841030121,1.2348119020462,0.00106313696596771,0.0389986634254456,0.39309823513031,0.00261898478493094,0.00137138844002038,0.00113218754995614,0.24211061000824,0.300310134887695,2.99794535862929e-8,0.135091096162796,0.333590924739838,0.333590924739838,-0.207845613360405,1.85840928554535,6.1425910098478e-4,-0.105070091784,-0.105070091784,0.00110164587385952,0.0389986634254456,-0.145389229059219,1.29542624950409,0.312382251024246,0.136404931545258,2.78587985038757,1.6105848771985e-4,0.610162556171417,0.0029295317362994,5826.399999999999,3894.4,3.48
1827,2024,2024,182,Millville,07-16-2024,726,0.00166027608793229,0.00232213735580444,0.593052923679352,8.1391882849857e-4,2.64848470687866,0.04352792724967,0.115728512406349,1.33303213119507,0.00134051183704287,0.0180723890662193,0.35815691947937,0.00291955191642046,0.00181886705104262,0.00138109631370753,0.255451053380966,0.229277446866035,6.89758721250655e-8,0.117452926933765,0.383227229118347,0.383227229118347,-0.27979177236557,1.59496748447418,5.9666862944141e-4,-0.142746463418007,-0.142746463418007,0.00140052253846079,0.0180723890662193,-0.19162580370903,1.11602640151978,0.266168087720871,0.199544116854668,2.81346940994263,9.5751260232646e-5,0.593052923679352,0.00257167569361627,5826.399999999999,3894.4,3.48
1830,2024,2024,183,Millville,06-05-2024,729,0.010230140760541,0.00113331119064242,0.59419184923172,3.4958781907334e-4,0.503801226615906,0.0597806833684444,0.303615629673004,0.898663640022278,5.0437380559742e-4,0.145567804574966,0.450702905654907,0.00169668102171272,5.2526610670611e-4,6.2913622241467e-4,0.254554122686386,0.497417211532593,-2.56531929032633e-9,0.205020695924759,0.209930315613747,0.209930315613747,0.10644169151783,2.97944402694702,5.121094873175e-4,0.0533724538981915,0.0533724538981915,5.195596604608e-4,0.145567804574966,0.0776218101382256,1.64101696014404,0.515788733959198,-0.0567766577005386,2.37340569496155,2.9236491536721e-4,0.59419184923172,0.00240927003324032,9398.4,6282.4,3.42
1830,2024,2024,183,Millville,06-25-2024,729,0.00745156221091747,0.00126231787726283,0.596710801124573,3.8281164597719e-4,1.2248215675354,0.0642947480082512,0.231466993689537,1.04594039916992,5.7313882280141e-4,0.0977041348814964,0.487774610519409,0.00189500360284001,6.769333849661e-4,6.595846498385e-4,0.252575010061264,0.470730066299438,1.6109991118895602e-9,0.208837449550629,0.276468545198441,0.276468545198441,-0.0448862500488758,2.77878999710083,5.7059247046709e-4,-0.0224544405937195,-0.0224544405937195,5.8869447093457e-4,0.0977041348814964,-0.031350776553154,1.90453124046326,0.527925550937653,0.0239641331136227,3.01976132392883,2.3022839741315e-4,0.596710801124573,0.00273417425341904,9398.4,6282.4,3.42
1830,2024,2024,183,Millville,07-11-2024,729,0.00978565495461226,0.00163150450680405,0.63337641954422,5.7174527319148e-4,2.2665102481842,0.0471180081367493,0.125638723373413,1.23619616031647,8.7982538389042e-4,0.0353577397763729,0.389541745185852,0.0021653410512954,0.00114068610128015,9.2786469031125e-4,0.224457502365112,0.306217342615128,2.08419947966831e-8,0.138922870159149,0.319722652435303,0.319722652435303,-0.208917334675789,1.88274717330933,5.0606060540303e-4,-0.105624057352543,-0.105624057352543,9.1061234707012e-4,0.0353577397763729,-0.147306323051453,1.27622735500336,0.322672337293625,0.136354014277458,2.73468351364136,1.2382866407278e-4,0.63337641954422,0.00234477478079498,9398.4,6282.4,3.42
1830,2024,2024,183,Millville,07-16-2024,729,0.00501988269388676,0.00223724078387022,0.610094428062439,8.4723136387765e-4,2.77076363563538,0.0379054881632328,0.0985777303576469,1.34153747558594,0.00136007368564606,0.0111411130055785,0.338592767715454,0.00278741726651788,0.00184815120883286,0.00138524058274925,0.24216316640377,0.204329460859299,7.14352310637878e-8,0.112377032637596,0.373049646615982,0.373049646615982,-0.285643517971039,1.51360321044922,5.635943962261e-4,-0.145860329270363,-0.145860329270363,0.00141924270428717,0.0111411130055785,-0.197861194610596,1.02385568618774,0.253208935260773,0.211474716663361,2.70982956886292,6.01725878368597e-5,0.610094428062439,0.00234791287221014,9398.4,6282.4,3.42
1851,2024,2024,187,Millville,06-05-2024,748,0.0225298125296831,0.00132653454784304,0.563585638999939,3.8633507210761e-4,0.561030447483063,0.0810065641999245,0.327485740184784,0.903267681598663,5.6656938977539e-4,0.155385285615921,0.484866738319397,0.00207097269594669,6.0989899793639e-4,7.0431898348033e-4,0.279111236333847,0.525829017162323,-3.3318134917692503e-9,0.219970747828484,0.234686210751534,0.234686210751534,0.101386815309525,3.21788787841797,6.9260771851986e-4,0.0508243516087532,0.0508243516087532,5.8289110893383e-4,0.155385285615921,0.0716705694794655,1.88249087333679,0.564006447792053,-0.0518358424305916,2.55598568916321,3.5847307299263e-4,0.563585638999939,0.00328612676821649,8290.4,5410.4,6.52
1851,2024,2024,187,Millville,06-25-2024,748,0.0177113674581051,0.00151937326882035,0.602478504180908,4.661439161282e-4,1.38339114189148,0.0730748921632767,0.214304596185684,1.07488143444061,6.9966132286936e-4,0.0875087827444077,0.469027400016785,0.00225007277913392,8.3176838234067e-4,8.0073851859197e-4,0.248066678643227,0.440055251121521,3.932293157760111e-9,0.193810507655144,0.281781941652298,0.281781941652298,-0.0720851644873619,2.57178115844727,6.8757677217945e-4,-0.0360895246267319,-0.0360895246267319,7.2064989944919e-4,0.0875087827444077,-0.0511443838477135,1.76667284965515,0.480806320905685,0.0410690307617188,2.89380788803101,2.5708941393531e-4,0.602478504180908,0.00316672981716692,8290.4,5410.4,6.52
1851,2024,2024,187,Millville,07-11-2024,748,0.0134520195424557,0.00186016014777124,0.602785110473633,6.314962520264e-4,2.17507886886597,0.0568754598498344,0.147796332836151,1.232377409935,9.9470908753573e-4,0.0428141169250011,0.395728170871735,0.0024713643360883,0.00130181270651519,0.00105154828634113,0.247827932238579,0.305622667074203,2.77937903803149e-8,0.13668192923069,0.340720057487488,0.340720057487488,-0.205956622958183,1.88027834892273,5.717427120544e-4,-0.10409414768219,-0.10409414768219,0.00103302160277963,0.0428141169250011,-0.142775401473045,1.30976867675781,0.316643208265305,0.132671743631363,2.819176197052,1.7065339488908e-4,0.602785110473633,0.00277148792520165,8290.4,5410.4,6.52
1851,2024,2024,187,Millville,07-16-2024,748,0.00539290858432651,0.00232922844588757,0.601200580596924,8.6985056987032e-4,2.70013833045959,0.0383299291133881,0.107319854199886,1.33570349216461,0.00141047837678343,0.0149715216830373,0.339637756347656,0.00288572628051043,0.00191826897207648,0.00144254334736615,0.249062702059746,0.207051619887352,7.65003633773631e-8,0.10982858389616,0.37793704867363,0.37793704867363,-0.281635940074921,1.52223229408264,5.6309590581804e-4,-0.143726900219917,-0.143726900219917,0.00147322716657072,0.0149715216830373,-0.19397360086441,1.02864062786102,0.246758282184601,0.207071885466576,2.70018339157104,8.17349282442592e-5,0.601200580596924,0.00235887011513114,8290.4,5410.4,6.52
1853,2024,2024,188,Millville,06-05-2024,750,0.00945761054754257,0.00140696950256824,0.585237443447113,4.7677889233455e-4,0.913421332836151,0.0804910138249397,0.268618881702423,0.981571197509766,6.9583498407155e-4,0.120620630681515,0.455864548683167,0.00219140131957829,7.9153117258101e-4,8.1566435983404e-4,0.261640638113022,0.465529888868332,-9.01884289472576e-10,0.207775175571442,0.250308960676193,0.250308960676193,0.0185986049473286,2.74202442169189,7.2006572736427e-4,0.00930010713636875,0.00930010713636875,7.1409554220736e-4,0.120620630681515,0.0130242044106126,1.6755553483963,0.524535894393921,-0.0106055894866586,2.56917595863342,3.3165313652716e-4,0.585237443447113,0.00333224749192595,3426.3999999999996,2282.4,2.69
1853,2024,2024,188,Millville,06-25-2024,750,0.00438260519877076,0.00155140168499202,0.600047051906586,5.0276878755539e-4,1.31787657737732,0.0748203545808792,0.219134867191315,1.06356310844421,7.44896591641e-4,0.0911116078495979,0.447584480047226,0.00227870536036789,8.8951986981555e-4,8.4112572949379e-4,0.249963253736496,0.425053536891937,3.88130860784486e-9,0.18640610575676,0.276329040527344,0.276329040527344,-0.0615468397736549,2.47858476638794,6.7516934359446e-4,-0.0308026168495417,-0.0308026168495417,7.6396908843889e-4,0.0911116078495979,-0.0432674363255501,1.62046313285828,0.45822885632515,0.0351918898522854,2.75082945823669,2.8461942565627e-4,0.600047051906586,0.00321212131530046,3426.3999999999996,2282.4,2.69
1853,2024,2024,188,Millville,07-11-2024,750,0.00592706864699721,0.00189669779501855,0.623570322990417,6.8781914887949e-4,2.4349901676178,0.0490282587707043,0.11577757447958,1.26880514621735,0.00106353987939656,0.0271088890731335,0.376534640789032,0.00245994213037193,0.00139265123289078,0.00110239314381033,0.231853008270264,0.270394265651703,3.43119737067354e-8,0.123364619910717,0.341183453798294,0.341183453798294,-0.23367728292942,1.74120652675629,5.3016387391835e-4,-0.118478737771511,-0.118478737771511,0.00110090046655387,0.0271088890731335,-0.16342830657959,1.2078765630722,0.281450271606445,0.157258912920952,2.78339338302612,1.1751326383091e-4,0.623570322990417,0.00252840458415449,3426.3999999999996,2282.4,2.69
1853,2024,2024,188,Millville,07-16-2024,750,0.0064987055957317404,0.00229839188978076,0.598313450813293,8.145187748596e-4,2.6968822479248,0.0434345901012421,0.10956533998251,1.33877551555634,0.00133735802955925,0.0154443792998791,0.357964187860489,0.0029243235476315,0.00182643264997751,0.00136766559444368,0.251319020986557,0.222300440073013,7.17611285949715e-8,0.11752837896347,0.383041173219681,0.383041173219681,-0.283749669790268,1.5716872215271,6.1480730073526e-4,-0.144851639866829,-0.144851639866829,0.00139979191590101,0.0154443792998791,-0.194653183221817,1.11509108543396,0.266361862421036,0.204620957374573,2.84044671058655,8.54903482832015e-5,0.598313450813293,0.00260011479258537,3426.3999999999996,2282.4,2.69
1868,2024,2024,191,Millville,06-05-2024,764,0.00946769956499338,0.0018190776463598,0.66570919752121,8.1433524610474e-4,1.86100614070892,0.0491450466215611,0.131979495286942,1.13966333866119,0.00114397890865803,0.0489873178303242,0.31281441450119,0.00237080780789256,0.00140029052272439,0.00121533859055489,0.200689747929573,0.253279685974121,2.08891961506197e-8,0.129515886306763,0.256412237882614,0.256412237882614,-0.12999315559864,1.67837941646576,5.2980228792876e-4,-0.0652735009789467,-0.0652735009789467,0.00117048062384129,0.0489873178303242,-0.0957004725933075,0.910421907901764,0.297572106122971,0.0962799042463303,2.17941665649414,2.340838254895e-4,0.66570919752121,0.00230950955301523,1630.3999999999999,1146.4,1.31
1868,2024,2024,191,Millville,06-25-2024,764,0.0101293260231614,0.00192477728705853,0.670769453048706,8.6058711167424e-4,1.94710540771484,0.049845214933157,0.125804901123047,1.15463590621948,0.0012019295245409,0.0451573543250561,0.312959522008896,0.00245761312544346,0.00146658555604517,0.0012727651046589,0.197053223848343,0.250306993722916,2.40008102281308e-8,0.116332851350307,0.263420104980469,0.263420104980469,-0.142802387475967,1.66775858402252,4.9741967814043e-4,-0.0717689692974091,-0.0717689692974091,0.00122939399443567,0.0451573543250561,-0.10434702783823,0.911036670207977,0.263295650482178,0.100746281445026,2.20858359336853,2.0767778914887e-4,0.670769453048706,0.00235807849094272,1630.3999999999999,1146.4,1.31
1868,2024,2024,191,Millville,07-11-2024,764,0.00764446705579758,0.0023127153981477,0.64741450548172,9.7556674154475e-4,2.44446921348572,0.0404416956007481,0.10272379219532,1.25414431095123,0.00145341840106994,0.025010259822011,0.304830223321915,0.0027931893710047,0.00188330165110528,0.00149569124914706,0.214023545384407,0.197100460529327,5.9799951657169e-8,0.0981149151921272,0.320097178220749,0.320097178220749,-0.222660407423973,1.49097168445587,4.9736152868717e-4,-0.112745381891727,-0.112745381891727,0.00149891001638025,0.025010259822011,-0.158047094941139,0.876995086669922,0.217577412724495,0.1627087444067,2.37500262260437,1.3933396257925e-4,0.64741450548172,0.00230755913071334,1630.3999999999999,1146.4,1.31
1868,2024,2024,191,Millville,07-16-2024,764,0.00200208951719105,0.0023801582865417,0.617449879646301,9.3269429635256e-4,2.6344199180603,0.0337497852742672,0.103981763124466,1.3113112449646,0.00147616548929363,0.0176850706338882,0.311123937368393,0.00290951249189675,0.00198320718482137,0.00151429115794599,0.23651434481144,0.182876229286194,7.90465293221132e-8,0.0980889722704887,0.36031112074852,0.36031112074852,-0.264580726623535,1.44760966300964,5.1249685930088e-4,-0.134690314531326,-0.134690314531326,0.00153776165097952,0.0176850706338882,-0.183682337403297,0.903279900550842,0.217513635754585,0.200003698468208,2.49648571014404,1.0701954306569e-4,0.617449879646301,0.00217870366759598,1630.3999999999999,1146.4,1.31
1870,2024,2024,192,Millville,06-05-2024,765,0.00967968814074993,0.00142365542706102,0.650792896747589,5.2776932716369e-4,1.22667098045349,0.0497165769338608,0.194436490535736,1.0407075881958,7.4065470835194e-4,0.0841534733772278,0.359315276145935,0.00200496334582567,8.4385310765355e-4,8.5793773178011e-4,0.211539000272751,0.347704112529755,1.9540917772786803e-9,0.157783776521683,0.233888670802116,0.233888670802116,-0.0398797132074833,2.06609320640564,4.7732522943988e-4,-0.0199477914720774,-0.0199477914720774,7.5652636587619e-4,0.0841534733772278,-0.0290182940661907,1.12166023254395,0.374687075614929,0.0260803513228893,2.15056824684143,2.4303681857418e-4,0.650792896747589,0.00215677917003632,3922.4,2726.3999999999996,1.99
1870,2024,2024,192,Millville,06-25-2024,765,0.00631731981411576,0.00153453520033509,0.654150366783142,6.112121627666e-4,1.73328518867493,0.0498747415840626,0.154534488916397,1.12634086608887,8.7041081860661e-4,0.0588032864034176,0.356658577919006,0.00206995825283229,0.0010596812935546,9.3881960492581e-4,0.209079921245575,0.306319683790207,1.05966746488662e-8,0.133264109492302,0.266436606645584,0.266436606645584,-0.118416048586369,1.88317239284515,4.570297896862e-4,-0.059417050331831,-0.059417050331831,8.8904536096379e-4,0.0588032864034176,-0.0864016935229301,1.1087691783905,0.307508051395416,0.0777932927012444,2.34530138969421,2.0163955923635e-4,0.654150366783142,0.00225715152919292,3922.4,2726.3999999999996,1.99
1870,2024,2024,192,Millville,07-11-2024,765,0.00792314112186432,0.00188284902833402,0.640060424804688,7.3472247458994e-4,2.36889004707336,0.0417154915630817,0.113020941615105,1.24799823760986,0.00111072964500636,0.0293187368661165,0.339218825101852,0.00238316133618355,0.00143911433406174,0.00115532567724586,0.219467252492905,0.237670108675957,3.47003634715293e-8,0.114111565053463,0.321868479251862,0.321868479251862,-0.217986166477203,1.62353622913361,4.8359576612711e-4,-0.110319569706917,-0.110319569706917,0.00114922516513616,0.0293187368661165,-0.15385277569294,1.02672064304352,0.257620602846146,0.152689263224602,2.54120898246765,1.2813702051062e-4,0.640060424804688,0.00222953432239592,3922.4,2726.3999999999996,1.99
1870,2024,2024,192,Millville,07-16-2024,765,0.00254535931162536,0.00231528957374394,0.618220508098602,9.0946163982152e-4,2.66785430908203,0.0371074974536896,0.102232456207275,1.31686174869537,0.00143409392330796,0.0161158870905638,0.321443319320679,0.00285967625677586,0.00192775740288198,0.00146404886618257,0.23592551052570301,0.193738773465157,7.54617772713573e-8,0.10612865537405,0.360017478466034,0.360017478466034,-0.268504559993744,1.48058569431305,5.5150431580841e-4,-0.136763364076614,-0.136763364076614,0.0014932599151507,0.0161158870905638,-0.18696616590023,0.947432577610016,0.237458452582359,0.201033040881157,2.55705666542053,9.12989635253325e-5,0.618220508098602,0.0023084138520062,3922.4,2726.3999999999996,1.99
1871,2024,2024,192,Millville,06-05-2024,766,0.0150749981403351,0.00152084720321,0.593218088150024,5.1030813483521e-4,0.814044535160065,0.0731539279222488,0.274609804153442,0.962748885154724,7.3444662848487e-4,0.125307247042656,0.429769188165665,0.00224738381803036,8.0768292536959e-4,8.9080684119835e-4,0.255320906639099,0.451620191335678,-1.7094982096566e-9,0.195131078362465,0.237142965197563,0.237142965197563,0.0379444062709808,2.64710760116577,6.5571663435548e-4,0.0189790371805429,0.0189790371805429,7.5511599425226e-4,0.125307247042656,0.0270485430955887,1.50735175609589,0.484876662492752,-0.022021122276783,2.2919979095459,3.4436277928762e-4,0.593218088150024,0.00300429528579116,3018.3999999999996,2138.4,1.15
1871,2024,2024,192,Millville,06-25-2024,766,0.0110097648575902,0.0016162246465683,0.631077229976654,5.9490272542461e-4,1.50200951099396,0.0617841184139252,0.183408692479134,1.09264945983887,8.5754954488948e-4,0.0741029530763626,0.391220241785049,0.00219803908839822,0.00102822750341147,9.515099809505e-4,0.226183548569679,0.357065230607986,7.276559799151981e-9,0.15299329161644,0.269520461559296,0.269520461559296,-0.0883742347359657,2.11073565483093,5.4633180843666e-4,-0.0442737303674221,-0.0442737303674221,8.7914295727387e-4,0.0741029530763626,-0.0633234977722168,1.28526043891907,0.361256390810013,0.0546488575637341,2.46458435058594,2.5083898799493e-4,0.631077229976654,0.00272280653007329,3018.3999999999996,2138.4,1.15
1871,2024,2024,192,Millville,07-11-2024,766,0.0127581292763352,0.00199363217689097,0.632993638515472,7.4615533230826e-4,2.39461398124695,0.0461246445775032,0.113358937203884,1.25486481189728,0.00113936665002257,0.0283758994191885,0.354966849088669,0.00252390629611909,0.00148762518074363,0.00118419260252267,0.224744498729706,0.250523775815964,3.86190954770882e-8,0.11305483430624,0.329974889755249,0.329974889755249,-0.223206147551537,1.66853034496307,5.0398672465235e-4,-0.113028854131699,-0.113028854131699,0.00117802526801825,0.0283758994191885,-0.157057702541351,1.10061573982239,0.254930824041367,0.153925508260727,2.6307373046875,1.349752274109e-4,0.632993638515472,0.0024275747127831,3018.3999999999996,2138.4,1.15
1871,2024,2024,192,Millville,07-16-2024,766,0.00154997478239238,0.00228707701899111,0.621568977832794,9.0683437883853e-4,2.72485423088074,0.0351729094982147,0.0967396125197411,1.32481157779694,0.00142566347494721,0.0132348267361522,0.31942081451416,0.00282301218248904,0.00192186050117016,0.00145139102824032,0.233373373746872,0.189566403627396,7.56963558501411e-8,0.104295715689659,0.36088353395462,0.36088353395462,-0.27408030629158,1.46781480312347,5.3450412815436e-4,-0.139715239405632,-0.139715239405632,0.00148443621583283,0.0132348267361522,-0.190983951091766,0.938673436641693,0.232879802584648,0.205945655703545,2.57066321372986,7.45690340409055e-5,0.621568977832794,0.00223850621841848,3018.3999999999996,2138.4,1.15
1872,2024,2024,192,Millville,06-05-2024,767,0.0200601443648338,0.00126773188821971,0.539065003395081,3.2285606721416e-4,0.18520775437355,0.0918520390987396,0.400886237621307,0.806453168392181,4.765199846588e-4,0.199340060353279,0.507373571395874,0.00215444387868047,4.8522444558329e-4,6.4692093292251e-4,0.29949027299881,0.583486616611481,-5.823987514474991e-9,0.242844119668007,0.210650682449341,0.210650682449341,0.211851879954338,3.80176877975464,7.568685687147e-4,0.107141904532909,0.107141904532909,4.9733079504221e-4,0.199340060353279,0.151902079582214,2.05987143516541,0.641463994979858,-0.100446276366711,2.42516541481018,4.0996412280947e-4,0.539065003395081,0.00362036330625415,9506.4,6406.4,6.17
1872,2024,2024,192,Millville,06-25-2024,767,0.017275795340538,0.00138126162346452,0.60290515422821,4.2844627751037e-4,1.27472007274628,0.0674685835838318,0.222671061754227,1.05484139919281,6.4406270394101e-4,0.0933664813637733,0.456404447555542,0.00202754116617143,7.5870292494073e-4,7.3843222344294e-4,0.247732445597649,0.437140166759491,2.63140398359951e-9,0.189678356051445,0.272830277681351,0.272830277681351,-0.0533398054540157,2.55328249931335,5.9071491705253e-4,-0.026688864454627,-0.026688864454627,6.6261895699426e-4,0.0933664813637733,-0.0375060997903347,1.67920696735382,0.468155741691589,0.0295929461717606,2.74834418296814,2.5629490846768e-4,0.60290515422821,0.00289277010597289,9506.4,6406.4,6.17
1872,2024,2024,192,Millville,07-11-2024,767,0.0196294970810413,0.00179156882222742,0.613298058509827,5.7420710800215e-4,2.18024659156799,0.0585483759641647,0.140880808234215,1.22691655158997,8.9855206897482e-4,0.0408119447529316,0.415134459733963,0.00237510120496154,0.00116929726209491,9.5534982392564e-4,0.239696502685547,0.32928404211998,2.13843041052542e-8,0.139132991433144,0.331112414598465,0.331112414598465,-0.201700180768967,1.98188829421997,5.6195992510765e-4,-0.101897224783897,-0.101897224783897,9.3235308304429e-4,0.0408119447529316,-0.140746116638184,1.41958951950073,0.323239266872406,0.124684728682041,2.90041255950928,1.5697430353611e-4,0.613298058509827,0.00277888122946024,9506.4,6406.4,6.17
1872,2024,2024,192,Millville,07-16-2024,767,0.00335513614118099,0.00213055079802871,0.618818998336792,8.2527962513268e-4,2.7726106643676798,0.0345349982380867,0.0935319066047668,1.33596658706665,0.00130563345737755,0.0109047843143344,0.334541410207748,0.00265008886344731,0.00176687422208488,0.00132533686701208,0.235468566417694,0.200141385197639,6.65614408035253e-8,0.108613558113575,0.366155922412872,0.366155922412872,-0.281817257404327,1.50044190883636,5.2270101150497e-4,-0.143823340535164,-0.143823340535164,0.00136219838168472,0.0109047843143344,-0.195801138877869,1.00544619560242,0.24369578063488,0.209380432963371,2.67781352996826,5.52911733393557e-5,0.618818998336792,0.00219068606384099,9506.4,6406.4,6.17
1876,2024,2024,193,Millville,06-05-2024,771,0.0180843193084002,0.0014977875398472,0.562274277210236,4.4179946416989e-4,0.6899773478508,0.0841928124427795,0.311222493648529,0.932610094547272,6.5173237817362e-4,0.144318088889122,0.451961398124695,0.00222363066859543,7.287387852557e-4,8.1060081720352e-4,0.280184954404831,0.483663558959961,-3.5911535967159104e-9,0.189238429069519,0.247662216424942,0.247662216424942,0.0696551129221916,2.87344360351562,6.6942238481715e-4,0.0348699055612087,0.0348699055612087,6.6937424708157e-4,0.144318088889122,0.0491228885948658,1.64937818050385,0.466816484928131,-0.0373643077909946,2.35106015205383,3.913449763786e-4,0.562274277210236,0.00341094401665032,5834.4000000000005,4066.3999999999996,2.45
1876,2024,2024,193,Millville,06-25-2024,771,0.0111914565786719,0.00166842585895211,0.533464014530182,4.5792333548888e-4,0.734831392765045,0.0877339914441109,0.333092361688614,0.937917232513428,7.1710144402459e-4,0.151288971304893,0.44497549533844,0.0023632540833205,8.1366224912926e-4,8.8844733545556e-4,0.304236680269241,0.469319760799408,-4.1057250932397e-9,0.172756671905518,0.272539913654327,0.272539913654327,0.0640059262514114,2.76874804496765,6.587469833903e-4,0.032035805284977,0.032035805284977,7.422975031659e-4,0.151288971304893,0.044028677046299,1.60344481468201,0.41766831278801,-0.0341296903789043,2.33971834182739,4.7388859093189e-4,0.533464014530182,0.00357276666909456,5834.4000000000005,4066.3999999999996,2.45
1876,2024,2024,193,Millville,07-11-2024,771,0.0168192703276873,0.00207340228371322,0.607466876506805,6.9407088449224e-4,2.24429392814636,0.0571931712329388,0.139511495828629,1.24459409713745,0.00108730676583946,0.0383985787630081,0.385166496038437,0.00267864461056888,0.0014173083472997,0.00115092261694372,0.244193613529205,0.293081045150757,3.28953184691727e-8,0.123688437044621,0.34042689204216,0.34042689204216,-0.215383023023605,1.82917857170105,5.6846981169655e-4,-0.108970299363136,-0.108970299363136,0.00112728355452418,0.0383985787630081,-0.149480640888214,1.25291323661804,0.282293319702148,0.138874143362045,2.78038263320923,1.6505521489307e-4,0.607466876506805,0.00284968386404216,5834.4000000000005,4066.3999999999996,2.45
1876,2024,2024,193,Millville,07-16-2024,771,0.00788606517016888,0.00228985608555377,0.59584778547287,8.1583502469584e-4,2.59123158454895,0.0430862754583359,0.117229774594307,1.31693279743195,0.00133260758593678,0.0207647122442722,0.351213216781616,0.00286706443876028,0.00179772032424808,0.00137906102463603,0.253252327442169,0.224120184779167,6.52103722131869e-8,0.114455014467239,0.375673979520798,0.375673979520798,-0.26855456829071,1.5777188539505,5.7708797976374e-4,-0.136789813637733,-0.136789813637733,0.00139232433866709,0.0207647122442722,-0.184893280267715,1.0826770067215,0.258496224880219,0.194106832146645,2.73138165473938,1.0981212108163e-4,0.59584778547287,0.00253043184056878,5834.4000000000005,4066.3999999999996,2.45
1900,2024,2024,198,Millville,06-05-2024,792,0.0217505302280188,0.00161660788580775,0.491851836442947,3.5997471422888e-4,-0.0433694235980511,0.123321436345577,0.471970766782761,0.736147105693817,5.4696766892448e-4,0.241672277450562,0.543033361434937,0.00273897079750896,5.1009526941925e-4,7.7334663365036e-4,0.340615719556808,0.64940333366394,-9.944962187091731e-9,0.253339439630508,0.200337484478951,0.200337484478951,0.297090381383896,4.70456075668335,0.00100956670939922,0.151976093649864,0.151976093649864,5.7537609245628e-4,0.241672277450562,0.211478903889656,2.37668704986572,0.678593337535858,-0.128994420170784,2.40417242050171,5.4348452249541e-4,0.491851836442947,0.00484029436483979,10394.400000000001,6690.4,3.71
1900,2024,2024,198,Millville,06-25-2024,792,0.0257110428065062,0.0017135317903012,0.562892496585846,4.866502713412e-4,1.24742245674133,0.0806254222989082,0.252715587615967,1.05311393737793,7.6563609763979e-4,0.105074197053909,0.445757240056992,0.00249436660669744,9.1112498193979e-4,9.0206641471013e-4,0.279678523540497,0.436889976263046,3.9271075280566906e-9,0.174930945038795,0.300425827503204,0.300425827503204,-0.051705289632082,2.55170392990112,6.9180224090814e-4,-0.0258699469268322,-0.0258699469268322,7.9098442802205e-4,0.105074197053909,-0.0358240008354187,1.60852694511414,0.424039512872696,0.0289592612534761,2.66410660743713,3.4157236223109e-4,0.562892496585846,0.00346232880838215,10394.400000000001,6690.4,3.71
1900,2024,2024,198,Millville,07-11-2024,792,0.0206415597349405,0.00212213676422834,0.597380220890045,6.6530174808576e-4,2.14472842216492,0.0679330229759216,0.153888806700706,1.22815275192261,0.00105416483711451,0.0448953919112682,0.414250582456589,0.00288394978269935,0.00137716776225716,0.00112876179628074,0.252050042152405,0.332046687602997,3.02572793486888e-8,0.141581401228905,0.337702691555023,0.337702691555023,-0.202666029334068,1.99422073364258,6.6196959232911e-4,-0.102395474910736,-0.102395474910736,0.00109450845047832,0.0448953919112682,-0.140743538737297,1.41442930698395,0.329865634441376,0.125597387552261,2.89504027366638,1.9653428171295e-4,0.597380220890045,0.00324793020263314,10394.400000000001,6690.4,3.71
1900,2024,2024,198,Millville,07-16-2024,792,0.0123049421235919,0.00242853839881718,0.589811265468597,8.4262678865343e-4,2.63542199134827,0.046392098069191,0.116038873791695,1.32822060585022,0.00139169755857438,0.0185315143316984,0.362400203943253,0.0030674715526402,0.00189664692152292,0.0014397146878764,0.25801095366478,0.233614832162857,7.45712256389197e-8,0.120063103735447,0.384321957826614,0.384321957826614,-0.276455521583557,1.60965383052826,6.3500780379399e-4,-0.140974879264832,-0.140974879264832,0.00145919737406075,0.0185315143316984,-0.189986646175385,1.13676404953003,0.27289026975631703,0.198471680283546,2.83035707473755,1.0634435602696e-4,0.589811265468597,0.00271546840667725,10394.400000000001,6690.4,3.71
1917,2024,2024,202,Millville,06-05-2024,807,0.0189594868570566,0.00140984228346497,0.601021289825439,4.8589002108201e-4,0.830250144004822,0.0792334154248238,0.263421386480331,0.968676388263702,7.0197583409026e-4,0.121194556355476,0.434482902288437,0.00215892633423209,8.0018735025078e-4,8.0838840221986e-4,0.249202623963356,0.445281803607941,-1.8532732015685803e-9,0.197759464383125,0.238685175776482,0.238685175776482,0.0318139903247356,2.60543465614319,7.0066773332655e-4,0.0159110222011805,0.0159110222011805,7.1845937054604e-4,0.121194556355476,0.0232302863150835,1.53658616542816,0.493017882108688,-0.0183227155357599,2.38392972946167,3.3884233562275e-4,0.601021289825439,0.00323854177258909,4042.3999999999996,2658.3999999999996,1.69
1917,2024,2024,202,Millville,06-25-2024,807,0.0099584124982357,0.0016108057461679,0.592426419258118,5.4063682910054e-4,1.2790344953537,0.0746206417679787,0.234722197055817,1.05632376670837,8.0727267777547e-4,0.0967951491475105,0.42904207110405,0.00228412728756666,9.5405167667195e-4,9.1402255930006e-4,0.25594499707222,0.410628497600555,3.84970677558272e-9,0.175686731934547,0.273616641759872,0.273616641759872,-0.0547399744391441,2.39344549179077,6.4998294692486e-4,-0.027390519157052,-0.027390519157052,8.2873133942484e-4,0.0967951491475105,-0.0387270599603653,1.50288498401642,0.426262050867081,0.031950157135725,2.57876586914062,3.0571906245313e-4,0.592426419258118,0.00317797297611833,4042.3999999999996,2658.3999999999996,1.69
1917,2024,2024,202,Millville,07-11-2024,807,0.0208460278809071,0.00193004216998816,0.616611540317535,6.9293339038267e-4,2.31820607185364,0.0517227165400982,0.127543911337852,1.25041699409485,0.00107934547122568,0.0332744978368282,0.378326892852783,0.00250622280873358,0.00140846567228436,0.00112842884846032,0.237155601382256,0.278074949979782,3.3985873670872e-8,0.129705473780632,0.33925074338913,0.33925074338913,-0.219829678535461,1.77037072181702,5.5848859483376e-4,-0.111275836825371,-0.111275836825371,0.0011191014200449,0.0332744978368282,-0.153759300708771,1.21712481975555,0.29807260632515,0.147445440292358,2.77658271789551,1.4670404198113e-4,0.616611540317535,0.00263798166997731,4042.3999999999996,2658.3999999999996,1.69
1917,2024,2024,202,Millville,07-16-2024,807,0.00459898076951504,0.00252330442890525,0.606296062469482,9.471767116338e-4,2.66843771934509,0.0429130271077156,0.107388690114021,1.32744967937469,0.00152819254435599,0.0164734721183777,0.333614975214005,0.00314445490948856,0.00206722412258387,0.00156186951790005,0.245100453495979,0.203212544322014,8.84887541019452e-8,0.10915657132864,0.372942060232162,0.372942060232162,-0.275919198989868,1.51007974147797,6.1594002181664e-4,-0.140690341591835,-0.140690341591835,0.00159603345673531,0.0164734721183777,-0.190204977989197,1.0012679100036601,0.245063424110413,0.203509926795959,2.66155958175659,1.0050075798062e-4,0.606296062469482,0.0026273971889168,4042.3999999999996,2658.3999999999996,1.69
1918,2024,2024,202,Millville,06-05-2024,808,0.0320838466286659,0.00130198523402214,0.489108681678772,3.0325149418786e-4,-0.266473382711411,0.124451510608196,0.507081508636475,0.672705948352814,4.4768600491806e-4,0.266367465257645,0.577174663543701,0.00246689468622208,4.227080498822e-4,6.2537327175959e-4,0.343085318803787,0.698578000068665,-8.73389716105066e-9,0.294270396232605,0.164241701364517,0.164241701364517,0.376904904842377,5.63521814346313,0.00107496930286288,0.195667490363121,0.195667490363121,4.6823499724268e-4,0.266367465257645,0.275439620018005,2.73008561134338,0.833946466445923,-0.156626358628273,2.48170852661133,5.0743290921673e-4,0.489108681678772,0.00483218813315034,9978.4,6586.4,13.19
1918,2024,2024,202,Millville,06-25-2024,808,0.0175024066120386,0.00153839506674558,0.553987085819244,4.1803429485298e-4,0.961806833744049,0.0921353027224541,0.286996752023697,0.991522192955017,0.00064367929007857995,0.126120924949646,0.496566265821457,0.00242179958149791,7.4965780368074e-4,7.6511956285685e-4,0.287011981010437,0.501055538654327,-4.48355907956e-10,0.214597716927528,0.276569575071335,0.276569575071335,0.00851379055529833,3.00846242904663,8.0456642899662e-4,0.00425697257742286,0.00425697257742286,6.6509674070403e-4,0.126120924949646,0.00591548020020127,1.97271740436554,0.546465754508972,-0.00440228497609496,2.89244556427002,3.5195468808524e-4,0.553987085819244,0.00379414879716933,9978.4,6586.4,13.19
1918,2024,2024,202,Millville,07-11-2024,808,0.0269665978848934,0.00193342287093401,0.581190586090088,5.5757141672074e-4,2.03072547912598,0.0717717260122299,0.17322313785553,1.21496844291687,9.0289633953943e-4,0.0537507273256779,0.447662472724915,0.00268043950200081,0.00118313205894083,9.7366783302277e-4,0.264869719743729,0.367734521627426,2.19777760435136e-8,0.153007656335831,0.34721827507019,0.34721827507019,-0.19229394197464,2.16322827339172,6.6644191974774e-4,-0.0970526039600372,-0.0970526039600372,9.4169419026002e-4,0.0537507273256779,-0.131903663277626,1.62097442150116,0.361296415328979,0.113013476133347,3.13074016571045,2.0516321819741e-4,0.581190586090088,0.00332917855121195,9978.4,6586.4,13.19
1918,2024,2024,202,Millville,07-16-2024,808,0.00533032091334462,0.00243131187744439,0.601634860038757,8.9971703710034e-4,2.75906729698181,0.0441881865262985,0.104549840092659,1.3485164642334,0.00145738280843943,0.012253631837666,0.351149529218674,0.00305841863155365,0.00199208478443325,0.00148500618524849,0.248724043369293,0.214155256748199,8.44509955300055e-8,0.116222776472569,0.382737159729004,0.382737159729004,-0.290401846170425,1.54503190517426,6.2713032821193e-4,-0.1483985632658,-0.1483985632658,0.00152595341205597,0.012253631837666,-0.199698984622955,1.08237433433533,0.26301372051239,0.210759505629539,2.80996537208557,6.88282379996963e-5,0.601634860038757,0.00265462370589375,9978.4,6586.4,13.19
1927,2024,2024,204,Millville,06-05-2024,816,0.0143118100240827,0.00142035086173564,0.578362047672272,4.4462596997618e-4,0.610426306724548,0.0866751149296761,0.303631246089935,0.918325364589691,6.4109376398846e-4,0.142706394195557,0.468135207891464,0.00220870529301465,6.9911463651806e-4,7.8631844371557e-4,0.26713639497757,0.500523626804352,-3.82029563539277e-9,0.212304383516312,0.225776463747025,0.225776463747025,0.0849979445338249,3.00419354438782,7.3813600465655e-4,0.0425760112702847,0.0425760112702847,6.5800006268546e-4,0.142706394195557,0.0607404597103596,1.76035416126251,0.539051830768585,-0.044961366802454,2.48123049736023,3.8094574119895e-4,0.578362047672272,0.00349988928064704,5510.4,3742.4,5.48
1927,2024,2024,204,Millville,06-25-2024,816,0.00552097149193287,0.00152891897596419,0.581639587879181,4.7435786109417e-4,1.142409324646,0.079110324382782,0.250435680150986,1.0292546749115,7.1031501283869e-4,0.106260299682617,0.459449261426926,0.00227501685731113,8.3733233623206e-4,8.2140433369204e-4,0.264510571956635,0.451920628547668,1.68662273036801e-9,0.19128629565239,0.275647431612015,0.275647431612015,-0.0288268830627203,2.64910674095154,7.0296943886205e-4,-0.0144164375960827,-0.0144164375960827,7.2991073830053e-4,0.106260299682617,-0.0205330867320299,1.69993007183075,0.473063081502914,0.0161508861929178,2.732266664505,3.1476785079576e-4,0.581639587879181,0.00334743433631957,5510.4,3742.4,5.48
1927,2024,2024,204,Millville,07-11-2024,816,0.0160632114857435,0.00188944721594453,0.617090702056885,6.629399722442e-4,2.24126291275024,0.0538938120007515,0.134957030415535,1.23763918876648,0.00102851039264351,0.037715245038271,0.389133542776108,0.00247026770375669,0.0013336957199499,0.00108159519731998,0.236789003014565,0.297295659780502,2.86340267052765e-8,0.130979225039482,0.331930786371231,0.331930786371231,-0.210032805800438,1.84614729881287,5.4976699175313e-4,-0.106200844049454,-0.106200844049454,0.00106498808600008,0.037715245038271,-0.146438866853714,1.27403807640076,0.301440954208374,0.136076807975769,2.78790473937988,1.5517375140916e-4,0.617090702056885,0.00265153753571212,5510.4,3742.4,5.48
1927,2024,2024,204,Millville,07-16-2024,816,0.00267003336921334,0.00232660654000938,0.602540493011475,8.3826860645785e-4,2.66878700256348,0.0467881895601749,0.109898813068867,1.32826578617096,0.00135327561292797,0.0166873205453157,0.362732082605362,0.00295235449448228,0.00184330740012228,0.00138611881993711,0.248018383979797,0.234506249427795,7.1038755322661e-8,0.12134256958961499,0.374912232160568,0.374912232160568,-0.276486933231354,1.61269283294678,6.2702380819246e-4,-0.140991568565369,-0.140991568565369,0.00141697213985026,0.0166873205453157,-0.190547823905945,1.13839733600616,0.276199966669083,0.1977219581604,2.83473634719849,8.9294437202625e-5,0.602540493011475,0.00267771910876036,5510.4,3742.4,5.48
1937,2024,2024,207,Millville,06-05-2024,825,0.00635182019323111,0.00147177616599947,0.656231760978699,5.8283435646444e-4,1.68664836883545,0.049082063138485,0.146640062332153,1.11146426200867,8.1565813161432e-4,0.0569650158286095,0.357320845127106,0.00213210680522025,9.796938393265e-4,8.9534476865083e-4,0.207560449838638,0.306047350168228,7.74693020844097e-9,0.144881367683411,0.245645001530647,0.245645001530647,-0.105286657810211,1.88204121589661,5.0702394219115e-4,-0.0527900345623493,-0.0527900345623493,8.3378108683973e-4,0.0569650158286095,-0.0770532339811325,1.11197280883789,0.338856756687164,0.0714215636253357,2.22142219543457,2.1571450633928e-4,0.656231760978699,0.00226543680764735,4486.4,3018.3999999999996,7.33
1937,2024,2024,207,Millville,06-25-2024,825,0.00658728508278728,0.0015595912700519,0.663475871086121,6.3315773149952e-4,2.08403277397156,0.0411549918353558,0.120727702975273,1.18191075325012,9.0570957399904e-4,0.0401429757475853,0.333589613437653,0.00208026845939457,0.00113125354982913,9.620432392694e-4,0.202301785349846,0.25888380408287,1.58546544781757e-8,0.117284514009953,0.282474488019943,0.282474488019943,-0.165593445301056,1.6986323595047,4.3527834350243e-4,-0.0833722278475761,-0.0833722278475761,9.2895294073969e-4,0.0401429757475853,-0.119928292930126,1.00115370750427,0.26573571562767,0.113838747143745,2.37609481811523,1.4975141675677e-4,0.663475871086121,0.0020309065002948,4486.4,3018.3999999999996,7.33
1937,2024,2024,207,Millville,07-11-2024,825,0.0109910136088729,0.00199129618704319,0.628851473331451,7.6229503611102e-4,2.29009747505188,0.0435994639992714,0.123558290302753,1.24047899246216,0.00115836609620601,0.03399558365345,0.334021359682083,0.00251500750891864,0.00149852654431015,0.0012156548909843,0.227859035134315,0.23747344315052,3.72023940542476e-8,0.111084260046482,0.326950013637543,0.326950013637543,-0.212222561240196,1.62285947799683,4.8889231402427e-4,-0.107333742082119,-0.107333742082119,0.00119767454452813,0.03399558365345,-0.149127453565598,1.00309932231903,0.249932035803795,0.148393124341965,2.48980140686035,1.5734150656499e-4,0.628851473331451,0.00234572216868401,4486.4,3018.3999999999996,7.33
1937,2024,2024,207,Millville,07-16-2024,825,0.00248938333243132,0.00222542136907578,0.610367119312286,8.7392615387216e-4,2.63151335716248,0.0346380956470966,0.108269080519676,1.31672811508179,0.00138934119604528,0.0181468557566404,0.317362517118454,0.00274232914671302,0.00187228806316853,0.00142213853541762,0.241952836513519,0.189090698957443,7.09582081981353e-8,0.105363167822361,0.365199238061905,0.365199238061905,-0.268410414457321,1.46636700630188,5.2284385310486e-4,-0.136713579297066,-0.136713579297066,0.00144912756513804,0.0181468557566404,-0.185909286141396,0.929812788963318,0.235543981194496,0.202627569437027,2.53957319259644,1.0095327161252e-4,0.610367119312286,0.00217180303297937,4486.4,3018.3999999999996,7.33
1944,2024,2024,208,Millville,06-05-2024,832,0.0206317696720362,0.00133974582422525,0.54655385017395,3.9339630166068e-4,0.0822551250457764,0.0968252643942833,0.396892696619034,0.794776976108551,5.6481914361938e-4,0.196787267923355,0.467787206172943,0.00227890815585852,5.902269622311e-4,7.1622582618147e-4,0.293197780847549,0.552369117736816,-7.0762391501944e-9,0.225559592247009,0.194417834281921,0.194417834281921,0.225737646222115,3.46797060966492,7.8338058665394e-4,0.114344552159309,0.114344552159309,5.8619922492653e-4,0.196787267923355,0.165631160140038,1.7578958272934,0.582509934902191,-0.116893976926804,2.21999549865723,4.682989383582e-4,0.54655385017395,0.00377706484869123,6314.4,4286.4,11.69
1944,2024,2024,208,Millville,06-25-2024,832,0.0112816486507654,0.00154967093840241,0.611615300178528,4.9377762479707e-4,1.51475560665131,0.0662782713770866,0.194476112723351,1.09751057624817,7.4113858863711e-4,0.0772771611809731,0.410073310136795,0.00223691435530782,8.9202495291829e-4,8.4101065294817e-4,0.240990951657295,0.374880492687225,5.587124984884891e-9,0.159366250038147,0.279648751020432,0.279648751020432,-0.0927770063281059,2.19938826560974,5.8002711739391e-4,-0.0464887581765652,-0.0464887581765652,7.6373829506337e-4,0.0772771611809731,-0.0659844428300858,1.39025187492371,0.379157483577728,0.0561496578156948,2.54386830329895,2.5947421090677e-4,0.611615300178528,0.0029270902741700398,6314.4,4286.4,11.69
1944,2024,2024,208,Millville,07-11-2024,832,0.0143620260059834,0.00198576296679676,0.611736476421356,6.8694318179041e-4,2.17537093162537,0.0491416491568089,0.142027959227562,1.22903883457184,0.00107684405520558,0.0415632762014866,0.362177133560181,0.002537737833336,0.00139252038206905,0.00113866932224482,0.240897625684738,0.26900252699852,3.19224078282332e-8,0.117357149720192,0.331391721963882,0.331391721963882,-0.203357473015785,1.73598742485046,5.0322740571573e-4,-0.102752268314362,-0.102752268314362,0.00111594866029918,0.0415632762014866,-0.141713187098503,1.135666847229,0.26592218875885,0.134291797876358,2.58612108230591,1.7536674567963e-4,0.611736476421356,0.00254302355460823,6314.4,4286.4,11.69
1944,2024,2024,208,Millville,07-16-2024,832,0.00709559861570597,0.00243444344960153,0.609561324119568,9.2917308211326e-4,2.63317179679871,0.0404978841543198,0.108103334903717,1.31596565246582,0.00148345634806901,0.0179535616189241,0.331844210624695,0.00300713628530502,0.00199137581512332,0.00152272498235106,0.242574572563171,0.203629657626152,7.87157645731895e-8,0.108054630458355,0.367237120866776,0.367237120866776,-0.267872780561447,1.51139450073242,5.7812902377918e-4,-0.136429339647293,-0.136429339647293,0.0015457704430446,0.0179535616189241,-0.185626626014709,0.993313908576965,0.242289796471596,0.197876155376434,2.62260770797729,1.0484796803211e-4,0.609561324119568,0.00246707047335804,6314.4,4286.4,11.69
1963,2024,2024,213,Millville,06-05-2024,849,0.0041569652967155,0.00138467259239405,0.594841957092285,4.6587170800194e-4,0.360559314489365,0.0836228504776955,0.315337419509888,0.871091485023499,6.4958346774801e-4,0.153182700276375,0.436488747596741,0.00217684847302735,6.8726431345567e-4,7.935466710478e-4,0.254042744636536,0.490970999002457,-5.86482951092648e-9,0.203085571527481,0.191769599914551,0.191769599914551,0.137138485908508,2.92904925346375,6.9552817149087e-4,0.0688947141170502,0.0688947141170502,6.653435411863e-4,0.153182700276375,0.100549899041653,1.5491749048233,0.509679734706879,-0.0764743462204933,2.13525319099426,4.1864166269078e-4,0.594841957092285,0.0033067474141717,4282.4,2694.4,2.46
1963,2024,2024,213,Millville,06-25-2024,849,0.00230379030108452,0.00147715443745255,0.660299777984619,5.9424701612442e-4,1.71476948261261,0.0483929924666882,0.149096637964249,1.1213321685791,8.3373161032795e-4,0.0578932017087936,0.357892662286758,0.00201435433700681,0.00100519659463316,9.0114830527454e-4,0.204601749777794,0.31230691075325,8.813462848422661e-9,0.140601471066475,0.258707135915756,0.258707135915756,-0.114019483327866,1.90827405452728,4.5003759441897e-4,-0.057196244597435,-0.057196244597435,8.5092155495658e-4,0.0578932017087936,-0.0828610584139824,1.11474406719208,0.327208995819092,0.0745610520243645,2.34476733207703,1.9877881277352e-4,0.660299777984619,0.00218005594797432,4282.4,2694.4,2.46
1963,2024,2024,213,Millville,07-11-2024,849,0.00360670336522162,0.00190244219265878,0.645820915699005,7.2957639349624e-4,2.36401295661926,0.0445118248462677,0.111988209187984,1.24385130405426,0.00109267479274422,0.0291352216154337,0.342915296554565,0.00244866032153368,0.00141804001759738,0.00113204063382,0.215199053287506,0.248219281435013,3.37407435324621e-8,0.115626931190491,0.315169394016266,0.315169394016266,-0.214813634753227,1.66035032272339,4.9057352589443e-4,-0.108675330877304,-0.108675330877304,0.00112925795838237,0.0291352216154337,-0.152460157871246,1.04374754428864,0.261489033699036,0.147889986634254,2.52699947357178,1.3201848196331e-4,0.645820915699005,0.00233119027689099,4282.4,2694.4,2.46
1963,2024,2024,213,Millville,07-16-2024,849,0.00303917936980724,0.0023103547282517,0.614019453525543,9.0147997252643e-4,2.66240525245667,0.0366570577025414,0.10419100522995,1.31837475299835,0.00143239670433104,0.0164335053414106,0.322031617164612,0.00284880632534623,0.0019259627442807,0.00146505003795028,0.239142447710037,0.193261802196503,7.50075273003858e-8,0.105235382914543,0.364443600177765,0.364443600177765,-0.269580572843552,1.47911894321442,5.3595768986269e-4,-0.137332454323769,-0.137332454323769,0.00149168085772544,0.0164335053414106,-0.186983048915863,0.949990153312683,0.235224738717079,0.202217400074005,2.57172250747681,9.41532998695038e-5,0.614019453525543,0.0022843589540571,4282.4,2694.4,2.46
1966,2024,2024,213,Millville,06-05-2024,852,0.0164225492626429,0.00138657446950674,0.543812036514282,4.0453654946759e-4,0.314225524663925,0.0876367837190628,0.377654105424881,0.840932369232178,6.048412178643e-4,0.183600932359695,0.455751955509186,0.00209819711744785,6.282806280069e-4,7.7251676702871e-4,0.295494496822357,0.530265986919403,-6.8313559253852e-9,0.207833424210548,0.216940730810165,0.216940730810165,0.171531349420547,3.25772929191589,7.0111459353938e-4,0.0864059925079346,0.0864059925079346,6.2607717700302e-4,0.183600932359695,0.122634865343571,1.67479515075684,0.524721562862396,-0.090300090610981,2.20104169845581,4.5068556210026e-4,0.543812036514282,0.0034566898830235,5094.4,3358.3999999999996,1.26
1966,2024,2024,213,Millville,06-25-2024,852,0.0114988256245852,0.0014889141311869,0.633133113384247,5.3340918384492e-4,1.62397599220276,0.0541409067809582,0.169159978628159,1.1114593744278,7.7517301542684e-4,0.0658174753189087,0.396189391613007,0.00203225528821349,9.273363975808e-4,8.680960163474e-4,0.224639892578125,0.352714896202087,6.9533316882086605e-9,0.155814126133919,0.267527639865875,0.267527639865875,-0.10528226941824,2.08982849121094,4.9549376126378e-4,-0.052787821739912,-0.052787821739912,7.9602416371926e-4,0.0658174753189087,-0.0753088966012001,1.31229674816132,0.36914649605751,0.0670548304915428,2.46381783485413,2.2376168635673e-4,0.633133113384247,0.00246251048520207,5094.4,3358.3999999999996,1.26
1966,2024,2024,213,Millville,07-11-2024,852,0.00890375860035419,0.00190742907579988,0.6406210064888,6.9293566048145e-4,2.41339540481567,0.0431947223842144,0.109045967459679,1.2521733045578,0.00105894031003118,0.0267823822796345,0.354998767375946,0.00241959164850414,0.00138916855212301,0.00110285135451704,0.219050571322441,0.254529714584351,3.32548140136169e-8,0.11387425661087,0.32142162322998,0.32142162322998,-0.22116494178772,1.68287014961243,4.7681297292001e-4,-0.111968845129013,-0.111968845129013,0.00109807727858424,0.0267823822796345,-0.156474962830544,1.10076916217804,0.257016032934189,0.152372494339943,2.60128021240234,1.1664437624858e-4,0.6406210064888,0.00229529640637338,5094.4,3358.3999999999996,1.26
1966,2024,2024,213,Millville,07-16-2024,852,0.00487820524722338,0.00224062986671925,0.613165080547333,8.580912835896e-4,2.66876745223999,0.0381382554769516,0.10417553037405,1.32174265384674,0.00136683962773532,0.0161619428545237,0.333198130130768,0.00279195373877883,0.0018456585239619,0.00139736384153366,0.239798739552498,0.20422825217247,6.88539856241732e-8,0.110102169215679,0.365973770618439,0.365973770618439,-0.271934002637863,1.51328349113464,5.4877414368093e-4,-0.138578101992607,-0.138578101992607,0.00142629805486649,0.0161619428545237,-0.188187971711159,0.999391674995422,0.24744901061058,0.200055122375488,2.6442174911499,8.71751399245113e-5,0.613165080547333,0.00232352479360998,5094.4,3358.3999999999996,1.26
1973,2024,2024,215,Millville,06-05-2024,858,0.0152754439041018,0.00148056668695062,0.56048709154129,4.437017487362e-4,0.592492640018463,0.0813401788473129,0.323784440755844,0.908372640609741,6.6183129092678e-4,0.152322426438332,0.443737208843231,0.00221059937030077,7.1926816599443e-4,8.2427740562707e-4,0.281651109457016,0.485688537359238,-3.9935401652258e-9,0.185579657554626,0.24312262237072,0.24312262237072,0.0958057641983032,2.88869452476501,6.4605934312567e-4,0.0480133220553398,0.0480133220553398,6.8384892074391e-4,0.152322426438332,0.0674194991588593,1.59542298316956,0.455734372138977,-0.0500982590019703,2.27329683303833,3.8640826824121e-4,0.56048709154129,0.00327144493348897,3658.3999999999996,2578.3999999999996,1.36
1973,2024,2024,215,Millville,06-25-2024,858,0.0112507967278361,0.00169344735331833,0.606208860874176,5.6561891688033e-4,1.50189006328583,0.0660126507282257,0.200087264180183,1.09614276885986,8.4303866606205e-4,0.0787436813116074,0.406740933656693,0.00230351975187659,0.00100672175176442,9.6879038028419e-4,0.245168089866638,0.373767018318176,6.26218410459956e-9,0.153605088591576,0.280088424682617,0.280088424682617,-0.0915403813123703,2.19369959831238,5.791294388473e-4,-0.0458664819598198,-0.0458664819598198,8.6844846373423e-4,0.0787436813116074,-0.065527506172657,1.37120831012726,0.362963169813156,0.0566208325326443,2.42324686050415,2.7880517882295e-4,0.606208860874176,0.00291423755697906,3658.3999999999996,2578.3999999999996,1.36
1973,2024,2024,215,Millville,07-11-2024,858,0.00811502151191235,0.00204101228155196,0.627430975437164,7.4521912029013e-4,2.3970057964325,0.0482617802917957,0.117202959954739,1.25911426544189,0.00114639976527542,0.0288213789463043,0.363000273704529,0.0025811679661274,0.00150069419760257,0.0011925776489079,0.228930786252022,0.260394662618637,3.93673822429719e-8,0.115267112851143,0.333515048027039,0.333515048027039,-0.22641596198082,1.7041449546814,5.1115197129547e-4,-0.11469728499651,-0.11469728499651,0.00118876772467047,0.0288213789463043,-0.158994719386101,1.13971877098083,0.260569304227829,0.154345244169235,2.67776823043823,1.32658140501e-4,0.627430975437164,0.00250522326678038,3658.3999999999996,2578.3999999999996,1.36
1973,2024,2024,215,Millville,07-16-2024,858,0.00122630270197988,0.00234960904344916,0.607911646366119,8.7678257841616e-4,2.70865082740784,0.0394769385457039,0.103306911885738,1.3326404094696,0.0014163781888783,0.0142689552158117,0.343425810337067,0.00292599736712873,0.00192730245180428,0.00144286348950118,0.243849411606789,0.207367047667503,7.83143505600492e-8,0.112019754946232,0.373842000961304,0.373842000961304,-0.279520869255066,1.52323603630066,5.7472824119031e-4,-0.142602533102036,-0.142602533102036,0.00148168893065304,0.0142689552158117,-0.193045482039452,1.04611420631409,0.252302348613739,0.206271901726723,2.73130035400391,8.07844553492032e-5,0.607911646366119,0.00240428117103875,3658.3999999999996,2578.3999999999996,1.36
1975,2024,2024,215,Millville,06-05-2024,860,0.00966320186853409,0.00151950563304126,0.545778691768646,4.3849056237377e-4,0.666581451892853,0.0911315232515335,0.331121742725372,0.923695683479309,6.6325283842161e-4,0.151926413178444,0.469296813011169,0.00241165328770876,7.2864291723817e-4,8.204624755308e-4,0.293846309185028,0.505849242210388,-3.55425866516157e-9,0.211934387683868,0.265774488449097,0.265774488449097,0.0792063474655151,3.04734802246094,7.9200230538845e-4,0.0396654829382896,0.0396654829382896,6.844024755992e-4,0.151926413178444,0.0550953559577465,1.76858520507812,0.537859737873077,-0.0420531071722507,2.47244596481323,4.0906560025177e-4,0.545778691768646,0.00369768496602774,7554.4,5122.4,2.49
1975,2024,2024,215,Millville,06-25-2024,860,0.00604792963713408,0.00183911016210914,0.561750054359436,5.5297696962952e-4,1.17397904396057,0.0848778039216995,0.265755981206894,1.03917455673218,8.5180660244077e-4,0.111423090100288,0.427019476890564,0.00255806464701891,0.00101603253278881,9.8940939642489e-4,0.280614674091339,0.412368506193161,2.9732134532167703e-9,0.156798779964447,0.306421309709549,0.306421309709549,-0.0384078435599804,2.40349388122559,6.6631071968004e-4,-0.0192110110074282,-0.0192110110074282,8.7789935059845e-4,0.111423090100288,-0.0264193918555975,1.49052000045776,0.371913105249405,0.0205680057406425,2.63974976539612,3.7850029184483e-4,0.561750054359436,0.00361987296491861,7554.4,5122.4,2.49
1975,2024,2024,215,Millville,07-11-2024,860,0.00243765115737915,0.00220778025686741,0.614588797092438,7.7136082109063e-4,2.3903591632843,0.0514441281557083,0.123984612524509,1.26732778549194,0.00120456842705607,0.0302682742476463,0.364690363407135,0.0027926997281611,0.00158199900761247,0.00126149074640125,0.238705471158028,0.258726447820663,4.29787867517462e-8,0.111870296299458,0.346730351448059,0.346730351448059,-0.232575550675392,1.69805932044983,5.460659158416e-4,-0.117904342710972,-0.117904342710972,0.001248310203664,0.0302682742476463,-0.162105366587639,1.1480712890625,0.251923322677612,0.153553441166878,2.74340105056763,1.3999448856338e-4,0.614588797092438,0.00276344805024564,7554.4,5122.4,2.49
1975,2024,2024,215,Millville,07-16-2024,860,2.2229317983146e-4,0.00257528875954449,0.609165191650391,9.7318209009245e-4,2.73796582221985,0.0407770536839962,0.101271882653236,1.33757519721985,0.00156302039977163,0.0129314297810197,0.331911772489548,0.00317695597186685,0.00211894395761192,0.00159635406453162,0.242880493402481,0.197373226284981,9.43491542670927e-8,0.10560767352581,0.373970925807953,0.373970925807953,-0.282924681901932,1.49181818962097,6.031809025444e-4,-0.14441254734993,-0.14441254734993,0.00163161300588399,0.0129314297810197,-0.195675313472748,0.993616580963135,0.236155122518539,0.209175944328308,2.66857957839966,8.08555196272209e-5,0.609165191650391,0.00257390015758574,7554.4,5122.4,2.49
1986,2024,2024,218,Millville,06-05-2024,870,0.0575607381761074,0.00149295176379383,0.501654326915741,3.7034167326055e-4,-0.248395770788193,0.133308902382851,0.494255274534225,0.685815334320068,5.3738069254905e-4,0.258868992328644,0.560905635356903,0.00261118705384433,4.9935345305129e-4,7.4073579162359e-4,0.331864446401596,0.681704998016357,-1.17576819391729e-8,0.283204644918442,0.161611929535866,0.161611929535866,0.360227137804031,5.28348064422607,0.0011289018439129,0.186369568109512,0.186369568109512,5.5746390717104e-4,0.258868992328644,0.263937950134277,2.55482935905457,0.790196657180786,-0.154613003134727,2.36965727806091,5.7087297318503e-4,0.501654326915741,0.00515963975340128,9342.4,6334.4,2.25
1986,2024,2024,218,Millville,06-25-2024,870,0.0388991832733154,0.00154704786837101,0.608918309211731,5.0256011309102e-4,1.69040095806122,0.0691695734858513,0.182420894503593,1.13332605361938,7.6405832078307e-4,0.0685577467083931,0.452159911394119,0.0022227403242141,9.4879767857492e-4,8.3909137174487e-4,0.243071213364601,0.400188446044922,8.944460283544231e-9,0.183424353599548,0.300299018621445,0.300299018621445,-0.124507285654545,2.33438062667847,6.590339471586e-4,-0.062496792525053,-0.062496792525053,7.8680709702894e-4,0.0685577467083931,-0.0877201035618782,1.65070033073425,0.44925257563591,0.0737300887703896,2.98421311378479,2.1391759219113e-4,0.608918309211731,0.00306538445875049,9342.4,6334.4,2.25
1986,2024,2024,218,Millville,07-11-2024,870,0.044728446751833,0.00199108454398811,0.606228291988373,6.5317301778122e-4,2.24070525169373,0.0637693479657173,0.140494391322136,1.24110686779022,0.00103205081541091,0.0388096757233143,0.411103397607803,0.002663544844836,0.00135203811805695,0.00108512514270842,0.245153024792671,0.315953493118286,3.17012016637364e-8,0.138999223709106,0.339268237352371,0.339268237352371,-0.212705716490746,1.92377781867981,6.258810753934e-4,-0.107583820819855,-0.107583820819855,0.00107015576213598,0.0388096757233143,-0.147974967956543,1.3961820602417,0.322878271341324,0.13570249080658,2.9413118362426798,1.6483875515405e-4,0.606228291988373,0.00306822871789336,9342.4,6334.4,2.25
1986,2024,2024,218,Millville,07-16-2024,870,0.0107629802078009,0.00235180277377367,0.593356072902679,8.5367262363433e-4,2.73072838783264,0.0421597547829151,0.108794048428535,1.34929263591766,0.00139924418181181,0.0136344218626618,0.354579508304596,0.00294535723514855,0.00191385799553245,0.00142891809809953,0.255212187767029,0.217152714729309,7.85680853709891e-8,0.11553581058979,0.388547331094742,0.388547331094742,-0.290928661823273,1.55477666854858,5.9381296159699e-4,-0.148679912090302,-0.148679912090302,0.00146463443525136,0.0136344218626618,-0.19930511713028,1.09875512123108,0.261256068944931,0.210651144385338,2.83233428001404,7.66484808991663e-5,0.593356072902679,0.00251857098191977,9342.4,6334.4,2.25
1989,2024,2024,219,Millville,06-05-2024,873,0.0100689763203263,0.00136352959088981,0.590601027011871,4.1372873238287e-4,0.87663871049881,0.0670799314975739,0.270715296268463,0.974862635135651,6.0296891024336e-4,0.121526561677456,0.426912188529968,0.00207718345336616,6.6869019065052e-4,7.5121177360415e-4,0.257386356592178,0.450041472911835,-1.049518361107e-9,0.189914539456367,0.240932106971741,0.240932106971741,0.0254532508552074,2.63663816452026,5.8586773229762e-4,0.0127286873757839,0.0127286873757839,6.2036723829805e-4,0.121526561677456,0.0181219447404146,1.48986673355103,0.46887531876564,-0.0147377941757441,2.27929162979126,3.0489021446555e-4,0.590601027011871,0.00275321281515062,4666.4,3138.399999999999,2.27
1989,2024,2024,219,Millville,06-25-2024,873,0.0102741429582238,0.00151399208698422,0.644863247871399,5.4987310431897e-4,1.99712240695953,0.0483954437077045,0.137905865907669,1.17530882358551,8.0609641736373e-4,0.0467167943716049,0.382003575563431,0.00207117083482444,0.00100427225697786,8.7399454787373e-4,0.215906530618668,0.3170146048069,1.26220829343993e-8,0.13597160577774,0.288656681776047,0.288656681776047,-0.160140588879585,1.92832028865814,4.7666623140685e-4,-0.0805903375148773,-0.0805903375148773,8.3067122614011e-4,0.0467167943716049,-0.114860609173775,1.23626458644867,0.314738720655441,0.105085864663124,2.56200218200684,1.6260248958133e-4,0.644863247871399,0.0022746950853616,4666.4,3138.399999999999,2.27
1989,2024,2024,219,Millville,07-11-2024,873,0.0130904112011194,0.00190412392839789,0.629209160804749,6.8930757697671e-4,2.30306482315063,0.0502825602889061,0.123022615909576,1.23815846443176,0.00105451897252351,0.0331848189234734,0.37031763792038,0.00247550336644053,0.00136707734782249,0.00110875477548689,0.227589473128319,0.275339305400848,3.09553058741585e-8,0.123929418623447,0.32412928342819203,0.32412928342819203,-0.210433796048164,1.75991237163544,5.3567433496937e-4,-0.10640824586153,-0.10640824586153,0.00109105778392404,0.0331848189234734,-0.148460388183594,1.17620456218719,0.282921075820923,0.142189353704453,2.66548228263855,1.4890001330059e-4,0.629209160804749,0.00254282611422241,4666.4,3138.399999999999,2.27
1989,2024,2024,219,Millville,07-16-2024,873,0.00305612036027014,0.00212233373895288,0.600608050823212,7.9901085700839e-4,2.56700038909912,0.0366281121969223,0.117556996643543,1.31076800823212,0.0012868526391685,0.0220123454928398,0.330828875303268,0.0026351495180279,0.00172893574927002,0.00132475071586668,0.249525114893913,0.205234423279762,6.05098477990396e-8,0.108317725360394,0.371247678995132,0.371247678995132,-0.264195382595062,1.51646530628204,5.1109306514263e-4,-0.13448691368103,-0.13448691368103,0.00134272174909711,0.0220123454928398,-0.182058796286583,0.988772094249725,0.24295137822628,0.195148527622223,2.60475659370422,0.00011322726641083001,0.600608050823212,0.00220235460437834,4666.4,3138.399999999999,2.27
2006,2024,2024,222,Millville,06-05-2024,887,0.0248526595532894,0.00150039466097951,0.573493778705597,4.7963834367692e-4,0.742372572422028,0.0862453803420067,0.294355839490891,0.945719182491302,7.0055044488981e-4,0.136210426688194,0.443488508462906,0.00238708173856139,7.837617304176e-4,8.4644631715491e-4,0.271056801080704,0.468321442604065,-3.1943168110615302e-9,0.199192881584167,0.245679900050163,0.245679900050163,0.0557516366243362,2.76167130470276,7.2801427450031e-4,0.0278975144028664,0.0278975144028664,7.207837770693e-4,0.136210426688194,0.0401152037084103,1.59381628036499,0.497480273246765,-0.0315002985298634,2.30957889556885,3.952300758101e-4,0.573493778705597,0.00353100476786494,2726.3999999999996,1938.4,4.51
2006,2024,2024,222,Millville,06-25-2024,887,0.020301092416048,0.00176932057365775,0.568412661552429,5.08661090862e-4,1.42703199386597,0.0824056938290596,0.233855590224266,1.09050345420837,7.9327245475724e-4,0.0921942740678787,0.45416247844696,0.00256523699499667,9.7976112738251e-4,9.1883115237578e-4,0.275174617767334,0.419154614210129,7.62360485850877e-9,0.17662900686264,0.312287241220474,0.312287241220474,-0.086423359811306,2.44325709342957,7.2294962592423e-4,-0.0432926714420319,-0.0432926714420319,8.2192767877131e-4,0.0921942740678787,-0.0594303011894226,1.66409397125244,0.429038673639297,0.0494474321603775,2.84851288795471,3.1803999445401e-4,0.568412661552429,0.00352392299100757,2726.3999999999996,1938.4,4.51
2006,2024,2024,222,Millville,07-11-2024,887,0.0314060635864735,0.00213056826032698,0.594333589076996,6.7679147468879e-4,2.23017334938049,0.062256820499897,0.145778805017471,1.24523055553436,0.00109126418828964,0.0401039831340313,0.403132319450378,0.00279618357308209,0.0014412117889151,0.00115236989222467,0.254442602396011,0.30745992064476,3.62480641058482e-8,0.133412778377533,0.353691756725311,0.353691756725311,-0.215870589017868,1.88791942596436,6.2713777879253e-4,-0.109222926199436,-0.109222926199436,0.00113438745029271,0.0401039831340313,-0.149227648973465,1.35082626342773,0.307903856039047,0.139778718352318,2.93086576461792,1.9010082178283e-4,0.594333589076996,0.00306713604368269,2726.3999999999996,1938.4,4.51
2006,2024,2024,222,Millville,07-16-2024,887,0.0212430506944656,0.00251719006337225,0.580923140048981,8.1924448022618e-4,2.52651143074036,0.0568150244653225,0.132554844021797,1.32051420211792,0.0013743753079325,0.0254092644900084,0.381032913923264,0.00328688556328416,0.00187887181527913,0.00142494752071798,0.265083640813828,0.254326939582825,7.42012318255547e-8,0.128686040639877,0.390540271997452,0.390540271997452,-0.271072685718536,1.68214058876038,7.2399724740535e-4,-0.138122066855431,-0.138122066855431,0.00144240132067353,0.0254092644900084,-0.184066146612167,1.23118948936462,0.295383840799332,0.186420768499374,2.95794892311096,1.4610512880608e-4,0.580923140048981,0.00315943849273026,2726.3999999999996,1938.4,4.51
2010,2024,2024,223,Millville,06-05-2024,891,0.0219462867826223,0.00135961303021759,0.576497435569763,4.3055944843217e-4,0.295871794223785,0.091770201921463,0.341179847717285,0.854399442672729,6.0410553123801e-4,0.166537493467331,0.477813988924026,0.00216950825415552,6.3077762024477e-4,7.4354908429086e-4,0.268635123968124,0.542765617370605,-5.797295532516961e-9,0.223457470536232,0.196251794695854,0.196251794695854,0.156070381402969,3.37412428855896,7.6996494317427e-4,0.0785162597894669,0.0785162597894669,6.201445357874e-4,0.166537493467331,0.114228710532188,1.8300529718399,0.575519025325775,-0.0813976526260376,2.3339958190918,4.0763529250398e-4,0.576497435569763,0.00364176300354302,3286.3999999999996,2386.3999999999996,0.85
2010,2024,2024,223,Millville,06-25-2024,891,0.011427128687501,0.00155006058048457,0.582976698875427,4.6788254985585e-4,1.25765419006348,0.0805841013789177,0.24130517244339,1.05532729625702,7.1207789005711e-4,0.100632809102535,0.467865586280823,0.00231270701624453,8.5312739247456e-4,8.1930373562499e-4,0.263442516326904,0.452484101057053,3.1876052908330604e-9,0.19098636507988,0.287769198417664,0.287769198417664,-0.0537989623844624,2.65286207199097,7.0694781607016e-4,-0.0269189719110727,-0.0269189719110727,7.3382211849093e-4,0.100632809102535,-0.0376426354050636,1.7584490776062,0.472146242856979,0.0294037740677595,2.84206962585449,2.9858638299629e-4,0.582976698875427,0.00341231049969792,3286.3999999999996,2386.3999999999996,0.85
2010,2024,2024,223,Millville,07-11-2024,891,0.0140292635187507,0.00192031532060355,0.616357862949371,6.7092862445861e-4,2.30539298057556,0.0554831773042679,0.129414618015289,1.24932897090912,0.00103234814014286,0.0344592444598675,0.393655985593796,0.00252063968218863,0.00134618009906262,0.001088248915039,0.237349778413773,0.299123138189316,2.99815887672139e-8,0.131135657429695,0.336575269699097,0.336575269699097,-0.219000995159149,1.85356831550598,5.6526507250964e-4,-0.110845908522606,-0.110845908522606,0.00106984248850495,0.0344592444598675,-0.152866989374161,1.29845762252808,0.30185529589653,0.141465619206429,2.8434624671936,1.4173610543366e-4,0.616357862949371,0.00275089428760111,3286.3999999999996,2386.3999999999996,0.85
2010,2024,2024,223,Millville,07-16-2024,891,0.00969819445163012,0.00224373140372336,0.599335610866547,8.0020644236356e-4,2.60521388053894,0.0483235716819763,0.115436337888241,1.31891906261444,0.00129697693046182,0.0200803522020578,0.369564950466156,0.00289306743070483,0.00175415526609868,0.00133175717201084,0.250519245862961,0.243963167071342,6.24109688374119e-8,0.127317026257515,0.374231308698654,0.374231308698654,-0.269952416419983,1.64537370204926,6.3490361208096e-4,-0.13752917945385,-0.13752917945385,0.00135363230947405,0.0200803522020578,-0.185545966029167,1.17241239547729,0.291783004999161,0.191228449344635,2.85986566543579,1.0413092240924e-4,0.599335610866547,0.00271351984702051,3286.3999999999996,2386.3999999999996,0.85
2041,2024,2024,230,Millville,06-05-2024,919,0.0178279299288988,0.00136977597139776,0.561612784862518,4.0792772779241e-4,0.433152049779892,0.0900444015860558,0.348524481058121,0.87368506193161,5.8823608560487e-4,0.167312011122704,0.471473962068558,0.00221464736387134,6.2559841899201e-4,7.4387493077665e-4,0.280727207660675,0.528002977371216,-4.9766719634192205e-9,0.218593001365662,0.221570119261742,0.221570119261742,0.134220480918884,3.2373149394989,7.4973684968426e-4,0.0674152374267578,0.0674152374267578,6.0545292217284e-4,0.167312011122704,0.0954052731394768,1.78410911560059,0.559485673904419,-0.0690701231360435,2.37895274162292,4.1004666127264e-4,0.561612784862518,0.0035893090534955298,6862.4,4718.4,5.17
2041,2024,2024,230,Millville,06-25-2024,919,0.0100445253774524,0.00152257538866252,0.596662759780884,4.9127358943224e-4,1.34488523006439,0.0732857584953308,0.223681956529617,1.06821942329407,7.297052652575e-4,0.0915512815117836,0.43078076839447,0.00219080736860633,8.6768373148515e-4,8.2974368706345e-4,0.25261265039444,0.410506218671799,4.214116167133851e-9,0.171489506959915,0.278469324111938,0.278469324111938,-0.0658975541591644,2.39274144172668,6.1717466451227e-4,-0.032984621822834,-0.032984621822834,7.5056130299344e-4,0.0915512815117836,-0.0467858649790287,1.51358473300934,0.413970649242401,0.0373120307922363,2.64296293258667,2.8032093541696e-4,0.596662759780884,0.00311117805540562,6862.4,4718.4,5.17
2041,2024,2024,230,Millville,07-11-2024,919,0.00973221659660339,0.00190360227134079,0.611122608184814,6.4445164753124e-4,2.20963263511658,0.0541421584784985,0.139580383896828,1.2322142124176,0.00100810499861836,0.0396761372685432,0.384929776191711,0.00250467378646135,0.00131739769130945,0.00106620171573013,0.241370439529419,0.291462808847427,2.82474967860935e-8,0.12906639277935,0.336545646190643,0.336545646190643,-0.20582976937294,1.82271695137024,5.4807844571769e-4,-0.104028627276421,-0.104028627276421,0.00104381027631462,0.0396761372685432,-0.143824249505997,1.25166118144989,0.296386271715164,0.135001733899117,2.77717924118042,1.6781165322754e-4,0.611122608184814,0.00268381158821285,6862.4,4718.4,5.17
2041,2024,2024,230,Millville,07-16-2024,919,0.00577685795724392,0.00238924752920866,0.605284810066223,8.806437253952e-4,2.67256307601929,0.0459170900285244,0.108217425644398,1.3293981552124,0.00141998589970171,0.0163815710693598,0.353676348924637,0.00302801886573434,0.00192374677862972,0.00145577173680067,0.245884835720062,0.224171370267868,7.58352740604096e-8,0.118883550167084,0.374522656202316,0.374522656202316,-0.277273744344711,1.5778888463974,6.2949326820671e-4,-0.141409114003181,-0.141409114003181,0.00148311443626881,0.0163815710693598,-0.19149848818779,1.09442496299744,0.269847542047501,0.199972167611122,2.78862380981445,9.07683133846149e-5,0.605284810066223,0.0026781081687659,6862.4,4718.4,5.17
2048,2024,2024,232,Millville,06-05-2024,925,0.0132319666445255,0.00142975768540055,0.624315738677979,4.6779084368608e-4,1.15153455734253,0.0609827190637589,0.21870131790638,1.028693318367,6.7084981128573e-4,0.0941034108400345,0.410250872373581,0.00226875976659358,7.7511125709861e-4,7.8163086436688e-4,0.231287688016891,0.398928254842758,1.4027529138260802e-9,0.184340745210648,0.250090450048447,0.250090450048447,-0.0282817482948303,2.32738995552063,5.8428524062037e-4,-0.014143705368042,-0.014143705368042,6.8734114756807e-4,0.0941034108400345,-0.0207837782800198,1.39127242565155,0.452004313468933,0.017100578173995,2.25805497169495,2.6926695136353e-4,0.624315738677979,0.00255602551624179,6974.4000000000005,4634.4,6.11
2048,2024,2024,232,Millville,06-25-2024,925,0.0105623658746481,0.00160408567171544,0.669639468193054,5.9872469864785e-4,1.8751277923584,0.0443647503852844,0.129626199603081,1.14530146121979,8.5792364552617e-4,0.0474170222878456,0.35335835814476,0.00226136134006083,0.0010551466839388,9.2355709057301e-4,0.197863399982452,0.294014096260071,1.18700826945428e-8,0.1360102891922,0.267723828554153,0.267723828554153,-0.134841606020927,1.83291780948639,4.5705738011747e-4,-0.0677300840616226,-0.0677300840616226,8.8020443217828e-4,0.0474170222878456,-0.0980694890022278,1.09290313720703,0.314842402935028,0.0928016752004623,2.3480327129364,1.854301081039e-4,0.669639468193054,0.00210912153124809,6974.4000000000005,4634.4,6.11
2048,2024,2024,232,Millville,07-11-2024,925,0.0112300515174866,0.00199693883769214,0.630531251430511,7.0394488284364e-4,2.28105449676514,0.0453879050910473,0.122971192002296,1.23337805271149,0.00108498253393918,0.0342012047767639,0.362137228250504,0.0026025262195617,0.00140476913657039,0.00114452361594886,0.226594060659409,0.26850813627243,3.3115679087814e-8,0.120427466928959,0.320942968130112,0.320942968130112,-0.206733644008636,1.73413836956024,4.953343886882e-4,-0.104495517909527,-0.104495517909527,0.00112340517807752,0.0342012047767639,-0.146162182092667,1.1354706287384,0.273831814527512,0.142789945006371,2.61204099655151,1.5797735250089e-4,0.630531251430511,0.00236030458472669,6974.4000000000005,4634.4,6.11
2048,2024,2024,232,Millville,07-16-2024,925,0.0047331671230495,0.00233724806457758,0.616269290447235,9.058637660928e-4,2.64994740486145,0.0397672057151794,0.104335278272629,1.31476593017578,0.00143698544707149,0.0169939026236534,0.33059623837471,0.00291456398554146,0.0019344330066815,0.00146961375139654,0.237417563796043,0.202659428119659,7.55483569037096e-8,0.109090194106102,0.361084580421448,0.361084580421448,-0.267025887966156,1.5083384513855,5.6611833861097e-4,-0.135981738567352,-0.135981738567352,0.00149847904685885,0.0169939026236534,-0.18555012345314,0.987733364105225,0.244896158576012,0.197951525449753,2.6160774230957,9.63110578595661e-5,0.616269290447235,0.00240016588941216,6974.4000000000005,4634.4,6.11
2055,2024,2024,233,Millville,06-05-2024,932,0.021708071231842,0.0013151434250176,0.521706402301788,3.3813339541666e-4,0.178628131747246,0.0983803793787956,0.40792179107666,0.805295348167419,5.0902989460155e-4,0.200759097933769,0.523095369338989,0.00215414515696466,5.2063376642763e-4,6.7843671422451e-4,0.314313977956772,0.599902987480164,-6.61129462287136e-9,0.247965008020401,0.214268758893013,0.214268758893013,0.213223800063133,3.99878787994385,8.3496078150346e-4,0.107852011919022,0.107852011919022,5.3248135372996e-4,0.200759097933769,0.154287979006767,2.19371032714844,0.659450650215149,-0.102186694741249,2.49565029144287,4.3683650437742e-4,0.521706402301788,0.00387055124156177,9626.4,6718.4,14.82
2055,2024,2024,233,Millville,06-25-2024,932,0.00990299880504608,0.00155635992996395,0.576795935630798,4.6448232023976e-4,1.22887217998505,0.0787220448255539,0.244877517223358,1.0477192401886,7.136984495446e-4,0.101530462503433,0.459603279829025,0.00219457154162228,8.5288943955674e-4,8.2680350169539e-4,0.268394947052002,0.450295954942703,2.84265300187769e-9,0.174560204148293,0.284367978572845,0.284367978572845,-0.0465818755328655,2.6383216381073,6.3470896566286e-4,-0.023303585126996,-0.023303585126996,7.3606998194009e-4,0.101530462503433,-0.032690342515707,1.70098495483398,0.422950804233551,0.0257075652480125,2.7075936794281,3.0152703402563e-4,0.576795935630798,0.00331167480908334,9626.4,6718.4,14.82
2055,2024,2024,233,Millville,07-11-2024,932,0.010789018124342,0.00182386732194573,0.613219141960144,6.0396100161597e-4,2.28609919548035,0.0540704689919949,0.132702976465225,1.24532032012939,9.4879296375438e-4,0.0355091318488121,0.402260005474091,0.00238020648248494,0.00125117984134704,9.9670188501477e-4,0.239757210016251,0.305744230747223,2.68520352619817e-8,0.128439724445343,0.338903456926346,0.338903456926346,-0.215939238667488,1.88078272342682,5.2997330203652e-4,-0.109258502721786,-0.109258502721786,9.8579796031117e-4,0.0355091318488121,-0.150761127471924,1.34593629837036,0.294735133647919,0.138134628534317,2.89396238327026,1.3886440137866e-4,0.613219141960144,0.00264658126980066,9626.4,6718.4,14.82
2055,2024,2024,233,Millville,07-16-2024,932,0.00596760865300894,0.00237919157370925,0.608618021011353,8.8822684483602e-4,2.63237118721008,0.0446611568331718,0.108458951115608,1.31644749641418,0.00141554430592805,0.0180957801640034,0.34729939699173,0.00299575994722545,0.00190269993618131,0.00145580293610692,0.243303224444389,0.221800699830055,7.22500814731575e-8,0.115860655903816,0.36790058016777,0.36790058016777,-0.268212586641312,1.57003581523895,6.0987350298091e-4,-0.136608988046646,-0.136608988046646,0.00147408246994019,0.0180957801640034,-0.185650497674942,1.06419205665588,0.262086868286133,0.194672539830208,2.71706795692444,1.0039802873507e-4,0.608618021011353,0.00261073955334723,9626.4,6718.4,14.82
2065,2024,2024,236,Millville,06-05-2024,941,0.016850471496582,0.00144035764969885,0.612484633922577,4.3310972978361e-4,1.13141596317291,0.0643680691719055,0.222450032830238,1.02515172958374,6.2991073355078e-4,0.0957085713744164,0.432392328977585,0.00214244844391942,7.3440553387627e-4,7.2571792406961e-4,0.240321889519691,0.416461288928986,1.07988540332116e-9,0.180914729833603,0.238395780324936,0.238395780324936,-0.0248354896903038,2.42736530303955,5.8109004748985e-4,-0.0124196605756879,-0.0124196605756879,6.4588873647153e-4,0.0957085713744164,-0.0183097794651985,1.52356052398682,0.441748231649399,0.0144524183124304,2.31934499740601,2.5593044119887e-4,0.612484633922577,0.00275375600904226,8934.4,5906.399999999999,15.19
2065,2024,2024,236,Millville,06-25-2024,941,0.0184721499681473,0.00167218444403261,0.661882340908051,6.2134239124134e-4,2.31601810455322,0.0438094288110733,0.100365526974201,1.21270227432251,9.3052949523553e-4,0.0287085175514221,0.367008328437805,0.00223951740190387,0.0011815921170637,9.7757019102573e-4,0.20345464348793,0.281837105751038,1.51817562965562e-8,0.128129467368126,0.294776827096939,0.294776827096939,-0.190495431423187,1.78488337993622,4.8923352733254e-4,-0.0961278602480888,-0.0961278602480888,9.5825258176773e-4,0.0287085175514221,-0.13860784471035,1.15959918498993,0.293918579816818,0.13492876291275,2.61403036117554,1.1501942935865e-4,0.661882340908051,0.00224185478873551,8934.4,5906.399999999999,15.19
2065,2024,2024,236,Millville,07-11-2024,941,0.0256804563105106,0.00193481484893709,0.623098492622375,6.5082684159278e-4,2.18630123138428,0.0465070903301239,0.129782974720001,1.21409916877747,0.00101780041586608,0.0389026552438736,0.36994680762291,0.0024512845557183,0.00133037439081818,0.00109257875010371,0.232211098074913,0.275956988334656,2.71164886100905e-8,0.122292459011078,0.322947442531586,0.322947442531586,-0.191604539752007,1.76226687431335,4.8960396088659e-4,-0.0966980680823326,-0.0966980680823326,0.00105753832031041,0.0389026552438736,-0.13546060025692,1.17433512210846,0.278663337230682,0.132562667131424,2.61252570152283,1.6887550009414e-4,0.623098492622375,0.00237200292758644,8934.4,5906.399999999999,15.19
2065,2024,2024,236,Millville,07-16-2024,941,0.00229606567882001,0.00226483820006251,0.612446367740631,8.6292339256033e-4,2.70645952224731,0.0398421436548233,0.102143473923206,1.3291380405426,0.00137628300581127,0.0143018374219537,0.33695524930954,0.00283468817360699,0.00186031183693558,0.00140467321034521,0.240351319313049,0.205603793263435,7.24845179433942e-8,0.112719230353832,0.369182229042053,0.369182229042053,-0.277093142271042,1.51763546466827,5.7356536854058e-4,-0.141313269734383,-0.141313269734383,0.00143729033879936,0.0143018374219537,-0.191857352852821,1.01638746261597,0.254077941179276,0.205140545964241,2.67244839668274,7.80082991695963e-5,0.612446367740631,0.00242072739638388,8934.4,5906.399999999999,15.19
2067,2024,2024,236,Millville,06-05-2024,943,0.0294363088905811,0.00159487663768232,0.505701661109924,4.0771026397123e-4,-0.070544607937336,0.125237300992012,0.455626755952835,0.73525059223175,6.0849077999591e-4,0.231472223997116,0.517413556575775,0.00259739905595779,5.9987587155774e-4,8.219716255553e-4,0.328284353017807,0.623355627059937,-1.11447846506962e-8,0.241982251405716,0.19000905752182,0.19000905752182,0.298200994729996,4.31004905700684,9.924373589456e-4,0.152571260929108,0.152571260929108,6.3218350987881e-4,0.231472223997116,0.215164601802826,2.14434099197388,0.638460695743561,-0.135827600955963,2.25467729568481,5.734356236644e-4,0.505701661109924,0.00484152603894472,6074.4000000000005,4178.4,6.95
2067,2024,2024,236,Millville,06-25-2024,943,0.0184133220463991,0.00177230313420296,0.56194144487381,5.1055615767836e-4,1.09911489486694,0.0846984907984734,0.270584732294083,1.02141809463501,7.9979398287832e-4,0.116665691137314,0.435397684574127,0.00245386827737093,9.3131471658125e-4,9.6926663536578e-4,0.280457735061646,0.436221718788147,1.40854172769878e-9,0.167487770318985,0.288466811180115,0.288466811180115,-0.0211888309568167,2.54749369621277,6.8048574030399e-4,-0.0105956047773361,-0.0105956047773361,8.2813104381784e-4,0.116665691137314,-0.0147271519526839,1.54231631755829,0.402367115020752,0.0114230867475271,2.46171379089355,3.8326781941577e-4,0.56194144487381,0.00352389551699162,6074.4000000000005,4178.4,6.95
2067,2024,2024,236,Millville,07-11-2024,943,0.0165588185191154,0.00207175640389323,0.608531951904297,7.0704211248084e-4,2.12106251716614,0.0597963891923428,0.149067029356956,1.21958434581757,0.00109693442936987,0.0451126918196678,0.383036255836487,0.00267044664360583,0.00141522334888577,0.00117330311331898,0.243369787931442,0.297230571508408,3.02235854121591e-8,0.125190898776054,0.333206534385681,0.333206534385681,-0.195943087339401,1.84588360786438,5.7384429965168e-4,-0.0989304035902023,-0.0989304035902023,0.00113579106982797,0.0451126918196678,-0.136441126465797,1.24168157577515,0.286213099956512,0.124235101044178,2.71046829223633,1.9710023480001e-4,0.608531951904297,0.0029217186383903,6074.4000000000005,4178.4,6.95
2067,2024,2024,236,Millville,07-16-2024,943,0.00276247342117131,0.00244574248790741,0.60728394985199,9.1454986250028e-4,2.58706474304199,0.04412841796875,0.111780568957329,1.31030964851379,0.00146219588350505,0.0202594920992851,0.338776588439941,0.00304818782024086,0.00196247291751206,0.00150318176019937,0.244335189461708,0.215544283390045,7.56849658500869e-8,0.111820891499519,0.367011725902557,0.367011725902557,-0.263869971036911,1.54953849315643,6.0109642799943e-4,-0.13431516289711,-0.13431516289711,0.00152410776354373,0.0202594920992851,-0.182417333126068,1.02469623088837,0.251798063516617,0.192701488733292,2.65110540390015,1.1881142563652e-4,0.60728394985199,0.00258741248399019,6074.4000000000005,4178.4,6.95
2082,2024,2024,239,Millville,06-05-2024,956,0.0300120115280151,0.00137762527447194,0.471335709095001,2.9695910052396e-4,-0.323642134666443,0.132217958569527,0.539756596088409,0.642540156841278,4.5129057252779e-4,0.287738412618637,0.582244575023651,0.0025089462287724,4.0567517862655e-4,6.511656101793e-4,0.359309077262878,0.713365197181702,-1.07541859861726e-8,0.289554446935654,0.168025076389313,0.168025076389313,0.41557052731514,5.97751998901367,0.00110930984374136,0.217626228928566,0.217626228928566,4.774832050316e-4,0.287738412618637,0.301636397838593,2.78749060630798,0.815134942531586,-0.169200330972672,2.37596774101257,5.6501239305362e-4,0.471335709095001,0.00510682398453355,12478.399999999998,8266.4,7.75
2082,2024,2024,239,Millville,06-25-2024,956,0.0131854256615043,0.00148342922329903,0.57166999578476,4.1389616671949e-4,1.46932971477509,0.0754288136959076,0.226667642593384,1.09887039661407,6.5990560688078e-4,0.0875822305679321,0.484524816274643,0.00218222779221833,8.1692170351743e-4,7.4571452569216e-4,0.272531777620316,0.455876469612122,5.176947759366611e-9,0.188523575663567,0.310866683721542,0.310866683721542,-0.0940043032169342,2.67563581466675,6.6148175392299e-4,-0.0471064522862434,-0.0471064522862434,6.8503658985719e-4,0.0875822305679321,-0.0649058148264885,1.87991535663605,0.464643388986588,0.0512402541935444,3.08582735061646,2.4951892555691e-4,0.57166999578476,0.00322839105501771,12478.399999999998,8266.4,7.75
2082,2024,2024,239,Millville,07-11-2024,956,0.0203649587929249,0.00185468327254057,0.603137135505676,5.8879790594801e-4,2.06049585342407,0.0606196001172066,0.156693458557129,1.21051824092865,9.3055627075955e-4,0.048980500549078,0.413602709770203,0.00247468682937324,0.00120051903650165,9.9582236725837e-4,0.247553914785385,0.337615489959717,2.14479598525941e-8,0.14054611325264,0.33243727684021,0.33243727684021,-0.188757628202438,2.0193943977356,5.7454465422779e-4,-0.0952347964048386,-0.0952347964048386,9.6388114616274e-4,0.048980500549078,-0.131079837679863,1.41065692901611,0.327059090137482,0.115607559680939,2.86740374565125,1.8611412087921e-4,0.603137135505676,0.00284635694697499,12478.399999999998,8266.4,7.75
2082,2024,2024,239,Millville,07-16-2024,956,0.00629768567159772,0.00222094217315316,0.603473246097565,8.2073046360164e-4,2.62449073791504,0.0393650904297829,0.111259140074253,1.31819486618042,0.0013197953812778,0.0189535766839981,0.342603176832199,0.00275460327975452,0.00178337434772402,0.00136039988137782,0.247292414307594,0.216227725148201,6.43465654093234e-8,0.11216938495636,0.371643364429474,0.371643364429474,-0.2694431245327,1.55176162719727,5.4107076721265e-4,-0.137259751558304,-0.137259751558304,0.00137729442212731,0.0189535766839981,-0.18571625649929,1.04230237007141,0.252681940793991,0.196448847651482,2.6823365688324,9.92241111816838e-5,0.603473246097565,0.00234730052761734,12478.399999999998,8266.4,7.75
2094,2024,2024,242,Millville,06-05-2024,967,0.0398017317056656,0.00139992358162999,0.534321367740631,3.7417252315208e-4,0.0320682302117348,0.110151052474976,0.416692018508911,0.774769067764282,5.4137024562805e-4,0.209623083472252,0.531764328479767,0.00244140601716936,5.3320033475756e-4,7.1791803929954e-4,0.303507894277573,0.621377170085907,-8.096176173921781e-9,0.259430974721909,0.195473000407219,0.195473000407219,0.249791339039803,4.28230237960815,9.4699667533859e-4,0.126907169818878,0.126907169818878,5.5896985577419e-4,0.209623083472252,0.182088330388069,2.27135300636292,0.700626075267792,-0.117057517170906,2.38424277305603,4.7519477084279e-4,0.534321367740631,0.00433690287172794,5214.4,3478.3999999999996,8.15
2094,2024,2024,242,Millville,06-25-2024,967,0.0388357900083065,0.0016550055006519,0.524317026138306,4.1673422674648e-4,0.988436758518219,0.100805401802063,0.312658965587616,0.997428297996521,6.7608413519337e-4,0.135371655225754,0.506054103374481,0.00255739595741034,8.0418220022693e-4,8.1004219828173e-4,0.312063008546829,0.511304497718811,-1.9442378262901601e-10,0.210053205490112,0.304839193820953,0.304839193820953,0.00257503613829613,3.0925281047821,8.668532827869e-4,0.00128752016462386,0.00128752016462386,7.0230959681794e-4,0.135371655225754,0.0018737344071269,2.04902625083923,0.531816065311432,-0.0014643328031525,2.91741013526917,3.9439238025806e-4,0.524317026138306,0.00417735427618027,5214.4,3478.3999999999996,8.15
2094,2024,2024,242,Millville,07-11-2024,967,0.0355136282742023,0.00186294096056372,0.597582876682281,6.120775360614e-4,2.26768851280212,0.0604765713214874,0.143375560641289,1.24824261665344,9.6737197600305e-4,0.0374047458171844,0.410792320966721,0.00249350536614656,0.0012741353129968,0.00102238589897752,0.251891255378723,0.315676867961884,2.83527707978237e-8,0.13813354074955,0.35060727596283,0.35060727596283,-0.218172669410706,1.9225959777832,6.0007110005244e-4,-0.110416285693645,-0.110416285693645,0.00100504711735994,0.0374047458171844,-0.151324883103371,1.39438879489899,0.320545136928558,0.140606671571732,2.97671318054199,1.6021366172935e-4,0.597582876682281,0.00292652565985918,5214.4,3478.3999999999996,8.15
2094,2024,2024,242,Millville,07-16-2024,967,0.0159846842288971,0.00226771808229387,0.582844614982605,7.6572870602831e-4,2.43732857704163,0.0508604794740677,0.135523974895477,1.29743123054504,0.00127109792083502,0.0297308582812548,0.375855058431625,0.00295755406841636,0.00170853815507144,0.0013265727320686,0.26354792714119,0.253349959850311,5.75080285614149e-8,0.130820795893669,0.382635504007339,0.382635504007339,-0.254656791687012,1.678631067276,6.5692688804119e-4,-0.129462480545044,-0.129462480545044,0.00132760952692479,0.0297308582812548,-0.17374075949192,1.20438385009766,0.301021486520767,0.181817442178726,2.87939047813416,1.6432386473752e-4,0.582844614982605,0.00279753911308944,5214.4,3478.3999999999996,8.15
2096,2024,2024,243,Millville,06-05-2024,969,0.0173864234238863,0.00118041562382132,0.605786740779877,3.7458550650626e-4,0.823482275009155,0.056246891617775,0.254717230796814,0.965767979621887,5.4039352107793e-4,0.116857305169106,0.405210435390472,0.00186913285870105,5.9940089704468e-4,6.5267621539533e-4,0.245495408773422,0.424500852823257,-1.1454833748203402e-9,0.18036949634552,0.22321905195713,0.22321905195713,0.0348176509141922,2.47524547576904,5.2604044321924e-4,0.0174141060560942,0.0174141060560942,5.5466196499764e-4,0.116857305169106,0.0253533851355314,1.36253392696381,0.440123915672302,-0.0208455175161362,2.24112319946289,2.7048512129113e-4,0.605786740779877,0.00232750456780195,8142.4,5542.4,15.57
2096,2024,2024,243,Millville,06-25-2024,969,0.0122043481096625,0.00137474131770432,0.650471925735474,4.5421544928103e-4,1.76194727420807,0.0511362589895725,0.148641988635063,1.13165080547333,6.5124541288241e-4,0.0564409792423248,0.417207926511765,0.00201574596576393,7.9358549555763e-4,7.3239323683083e-4,0.211774632334709,0.354415088891983,6.28225738097399e-9,0.171236127614975,0.27418377995491,0.27418377995491,-0.123050697147846,2.09796595573425,4.9823703011497e-4,-0.0617600232362747,-0.0617600232362747,6.6981051350012e-4,0.0564409792423248,-0.0892765522003174,1.43175578117371,0.41323259472847,0.0771724060177803,2.68908786773682,1.9639231322798e-4,0.650471925735474,0.0023365116212517,8142.4,5542.4,15.57
2096,2024,2024,243,Millville,07-11-2024,969,0.0193693265318871,0.00162415264640003,0.619264185428619,5.4947711760178e-4,2.10985326766968,0.0433310270309448,0.145638674497604,1.21186244487762,8.5216236766427e-4,0.04481565579772,0.372869163751602,0.00211385055445135,0.00110733311157674,9.1163726756349e-4,0.235128954052925,0.300778359174728,1.8738713691846e-8,0.132152825593948,0.318606913089752,0.318606913089752,-0.189827650785446,1.86032330989838,4.3920974712818e-4,-0.0957846343517303,-0.0957846343517303,8.8191509712487e-4,0.04481565579772,-0.133043929934502,1.18912708759308,0.304553240537643,0.122602067887783,2.58109664916992,1.5726615674793e-4,0.619264185428619,0.00213496130891144,8142.4,5542.4,15.57
2096,2024,2024,243,Millville,07-16-2024,969,0.00408457079902291,0.00219940207898617,0.612467586994171,8.7040697690099e-4,2.5487847328186,0.0370004922151566,0.113501220941544,1.29865121841431,0.00137429987080395,0.0222543217241764,0.320319086313248,0.00271782279014587,0.00183327833656222,0.00141636992339045,0.240335017442703,0.198502212762833,6.38356851823119e-8,0.108207158744335,0.358096182346344,0.358096182346344,-0.255535572767258,1.4953281879425,5.2200310165062e-4,-0.129924550652504,-0.129924550652504,0.00143032264895737,0.0222543217241764,-0.177195012569427,0.942557275295258,0.242673322558403,0.190737769007683,2.52508068084717,1.1798741616075e-4,0.612467586994171,0.00220438302494586,8142.4,5542.4,15.57
2098,2024,2024,243,Millville,06-05-2024,971,0.0122534688562155,0.00142142735421658,0.611228585243225,5.0629116594791e-4,0.974100768566132,0.0696848928928375,0.242426693439484,0.995609521865845,7.2651635855436e-4,0.108200266957283,0.409616768360138,0.00213542953133583,8.2899507833644e-4,8.4056233754381e-4,0.241288766264915,0.409783601760864,-2.71637601301222e-10,0.175351098179817,0.238248273730278,0.238248273730278,0.00440001068636775,2.38858771324158,6.0781487263739e-4,0.00220001605339348,0.00220001605339348,7.4397859862074e-4,0.108200266957283,0.0032847304828465,1.38763010501862,0.425274580717087,-0.00271510193124413,2.34421229362488,3.1189640867523e-4,0.611228585243225,0.00286701088771224,5890.4,4022.3999999999996,9.9
2098,2024,2024,243,Millville,06-25-2024,971,0.00813733879476786,0.00164610939100385,0.610529839992523,5.6340260198339e-4,1.51782917976379,0.0678300336003304,0.198126778006554,1.10218441486359,8.3241489483043e-4,0.0780870839953423,0.413686215877533,0.00230539520271122,0.00100638717412949,9.3183148419484e-4,0.241827309131622,0.377002000808716,7.71755903627991e-9,0.163769841194153,0.280044257640839,0.280044257640839,-0.0969881862401962,2.21028327941895,6.1471259687095e-4,-0.0486086755990982,-0.0486086755990982,8.5357704665511e-4,0.0780870839953423,-0.0686480179429054,1.41114282608032,0.391686052083969,0.0588974989950657,2.60511183738708,2.7178155141882e-4,0.610529839992523,0.00296752830035985,5890.4,4022.3999999999996,9.9
2098,2024,2024,243,Millville,07-11-2024,971,0.00864743161946535,0.0019042466301471,0.616814434528351,6.920377491042e-4,2.1856415271759,0.0508402474224567,0.139270201325417,1.22815787792206,0.00106090097688138,0.0407218486070633,0.361057162284851,0.00247255386784673,0.00137064803857356,0.00112390459980816,0.237000331282616,0.27140599489212,2.94197768369031e-8,0.12145146727562,0.330051779747009,0.330051779747009,-0.202669993042946,1.74501299858093,5.2579981274902e-4,-0.1023975238204,-0.1023975238204,0.00109712849371135,0.0407218486070633,-0.141477569937706,1.13017046451569,0.276482075452805,0.135974243283272,2.61314463615417,1.7529378237668e-4,0.616814434528351,0.00257976679131389,5890.4,4022.3999999999996,9.9
2098,2024,2024,243,Millville,07-16-2024,971,0.00213775597512722,0.00232195272110403,0.60332053899765,8.7679794523865e-4,2.50599837303162,0.0393306687474251,0.121433533728123,1.29618310928345,0.00140448787715286,0.0246728956699371,0.324936419725418,0.002855064580217,0.0018782023107633,0.00145425461232662,0.247411206364632,0.204001531004906,6.84705625531024e-8,0.104175731539726,0.364376544952393,0.364376544952393,-0.253756612539291,1.51256763935089,5.3329288493841e-4,-0.128989338874817,-0.128989338874817,0.00146398937795311,0.0246728956699371,-0.175353869795799,0.962683796882629,0.232580736279488,0.186750903725624,2.54382538795471,1.3908075925428e-4,0.60332053899765,0.00233541126362979,5890.4,4022.3999999999996,9.9
2101,2024,2024,244,Millville,06-05-2024,974,0.0221093576401472,0.0014784645754844,0.53825318813324,4.0779358823783e-4,0.00497155357152224,0.115563027560711,0.413275808095932,0.770723044872284,5.8606074890121e-4,0.208949342370033,0.52109968662262,0.00245302938856184,5.8327306760475e-4,7.731540245004e-4,0.300176054239273,0.613142073154449,-1.01130543939121e-8,0.249508544802666,0.179920122027397,0.179920122027397,0.254694074392319,4.16985654830933,9.5612055156379e-4,0.129482075572014,0.129482075572014,6.0636707348749e-4,0.208949342370033,0.186684399843216,2.17623448371887,0.664920389652252,-0.119703210890293,2.34737038612366,5.2079453598707e-4,0.53825318813324,0.00451741507276893,2862.3999999999996,2838.3999999999996,5.39
2101,2024,2024,244,Millville,06-25-2024,974,0.0137168429791927,0.00161081738770008,0.539831340312958,4.3122650822624e-4,0.744949817657471,0.102581940591335,0.328200727701187,0.940361082553864,6.6572945797815e-4,0.150092169642448,0.504770696163177,0.00249807792715728,7.5586105231195e-4,8.0937420716509e-4,0.298843562602997,0.531271696090698,-3.4088905032092502e-9,0.215978622436523,0.268474936485291,0.268474936485291,0.0614140778779984,3.26686382293701,8.511536871083e-4,0.0307360496371984,0.0307360496371984,6.8754859967157e-4,0.150092169642448,0.0424274913966656,2.03853344917297,0.550950825214386,-0.029898177832365,2.78786706924438,4.2161569581367e-4,0.539831340312958,0.00416256207972765,2862.3999999999996,2838.3999999999996,5.39
2101,2024,2024,244,Millville,07-11-2024,974,0.0210881736129522,0.00188754533883184,0.599825739860535,6.4631167333573e-4,2.04403734207153,0.0597189031541348,0.16057425737381,1.20648145675659,0.00100553862284869,0.0500628352165222,0.396865576505661,0.002453304361552,0.00129045534413308,0.00107644370291382,0.250136107206345,0.317205309867859,2.42469528899392e-8,0.133877262473106,0.332996368408203,0.332996368408203,-0.185534238815308,1.92913818359375,5.6795158889144e-4,-0.0935794934630394,-0.0935794934630394,0.00104025308974087,0.0500628352165222,-0.12892659008503,1.31601047515869,0.309141546487808,0.117171823978424,2.76808428764343,2.0091062469873e-4,0.599825739860535,0.00282957777380943,2862.3999999999996,2838.3999999999996,5.39
2101,2024,2024,244,Millville,07-16-2024,974,0.0102136675268412,0.00240528979338706,0.582280933856964,8.0252054613083e-4,2.33837628364563,0.0578258074820042,0.145937919616699,1.27669596672058,0.00131238147150725,0.035648912191391,0.378004729747772,0.00310284947045147,0.00174495531246066,0.00137827533762902,0.263998091220856,0.267614334821701,5.53494139410304e-8,0.12921978533268,0.372435510158539,0.372435510158539,-0.23953004181385,1.73080170154572,6.7864963784813e-4,-0.121534004807472,-0.121534004807472,0.00136808794923127,0.035648912191391,-0.164126381278038,1.2154586315155,0.296790838241577,0.163453057408333,2.83323526382446,1.9082067592535e-4,0.582280933856964,0.00304120825603604,2862.3999999999996,2838.3999999999996,5.39
2121,2024,2024,248,Millville,06-05-2024,991,0.012979643419385,0.00146795797627419,0.656439960002899,5.8609194820746e-4,1.47910821437836,0.0545352920889854,0.170425623655319,1.08027279376984,8.1218150444328e-4,0.06977928429842,0.363513022661209,0.00211125914938748,9.5915159909054e-4,8.9117168681696e-4,0.207408711314201,0.329204976558685,5.091136401347281e-9,0.145212456583977,0.239802017807961,0.239802017807961,-0.0770605131983757,1.98153674602509,5.0614174688234e-4,-0.0385876297950745,-0.0385876297950745,8.3038106095045e-4,0.06977928429842,-0.057453028857708,1.14224815368652,0.339762657880783,0.050710666924715,2.29786896705627,2.3981487902347e-4,0.656439960002899,0.00239746738225222,3182.4,2154.3999999999996,2.54
2121,2024,2024,248,Millville,06-25-2024,991,0.00729565043002367,0.0015788507880643,0.661035537719727,6.2483962392434e-4,1.83832561969757,0.0492803007364273,0.139479488134384,1.14000928401947,8.8261644123122e-4,0.0514784827828407,0.35190612077713,0.00218048272654414,0.00108134560286999,9.4996177358552e-4,0.204068183898926,0.291088193655014,1.27538397620697e-8,0.143638759851456,0.269467651844025,0.269467651844025,-0.13029146194458,1.82122540473938,5.011468892917e-4,-0.0654245838522911,-0.0654245838522911,9.0514973271638e-4,0.0514784827828407,-0.0948407649993896,1.08597254753113,0.335462957620621,0.0892234221100807,2.39582920074463,1.9834162958432e-4,0.661035537719727,0.00231384998187423,3182.4,2154.3999999999996,2.54
2121,2024,2024,248,Millville,07-11-2024,991,0.0103046661242843,0.00194959971122444,0.645045399665833,7.754941470921e-4,2.34298276901245,0.0389427542686462,0.110555469989777,1.23870515823364,0.00115645735058933,0.0298691689968109,0.322074562311172,0.00241674878634512,0.00149414408951998,0.00119781820103526,0.215771913528442,0.219726830720901,3.71871387017109e-8,0.0981238633394241,0.318115741014481,0.318115741014481,-0.210855558514595,1.56320488452911,4.1971771861426e-4,-0.106626406311989,-0.106626406311989,0.0011938305106014,0.0298691689968109,-0.149349391460419,0.950176954269409,0.217599406838417,0.149471521377563,2.43304347991943,1.4503291458822e-4,0.645045399665833,0.00212578661739826,3182.4,2154.3999999999996,2.54
2121,2024,2024,248,Millville,07-16-2024,991,0.00456623081117868,0.00225062994286418,0.615942358970642,8.8591448729857e-4,2.58981966972351,0.0376355275511742,0.108808979392052,1.30205118656158,0.001393934013322,0.0199997685849667,0.321085572242737,0.00278483820147812,0.00186556705739349,0.00143427960574627,0.237667933106422,0.198675289750099,6.74800233468886e-8,0.106909163296223,0.357544511556625,0.357544511556625,-0.257977873086929,1.49586713314056,5.2881281590089e-4,-0.1312096118927,-0.1312096118927,0.00145332748070359,0.0199997685849667,-0.179928824305534,0.945879280567169,0.239413872361183,0.192857474088669,2.53832602500916,1.0997680510627e-4,0.615942358970642,0.00228238408453763,3182.4,2154.3999999999996,2.54
2138,2024,2024,252,Millville,06-05-2024,1006,0.00810708105564117,0.00170808366965503,0.603690981864929,6.0951028717681e-4,1.02598130702972,0.0769304111599922,0.246236532926559,1.00494015216827,8.7750487728044e-4,0.109044380486012,0.394829988479614,0.00242359866388142,0.00100026663858443,0.00103311834391207,0.247123047709465,0.394806563854218,4.20341678131209e-10,0.16668638586998,0.243029028177261,0.243029028177261,-0.00492794020101428,2.30472850799561,6.6693732514977e-4,-0.00246398500166833,-0.00246398500166833,8.9930184185504e-4,0.109044380486012,-0.00346964201889932,1.30485641956329,0.400056779384613,0.0030893397051841,2.22693514823914,3.8627121830359e-4,0.603690981864929,0.00318993581458926,2638.3999999999996,1842.4,0.94
2138,2024,2024,252,Millville,06-25-2024,1006,0.00558195961639285,0.00179522507824004,0.6506028175354,6.9193757371977e-4,1.75063002109528,0.0583370327949524,0.153276979923248,1.13469195365906,0.0010070875287056,0.0582732670009136,0.354958593845367,0.00239114835858345,0.00123305432498455,0.00109373417217284,0.211678549647331,0.303351581096649,1.48929073517934e-8,0.13635490834713,0.277981817722321,0.277981817722321,-0.125692948698997,1.87088859081268,5.4715637816116e-4,-0.063096672296524,-0.063096672296524,0.00103222671896219,0.0582732670009136,-0.0900872498750687,1.10057604312897,0.315766036510468,0.0822571367025375,2.37561321258545,2.3781304480508e-4,0.6506028175354,0.00265329470857978,2638.3999999999996,1842.4,0.94
2138,2024,2024,252,Millville,07-11-2024,1006,0.00535317324101925,0.00219529308378696,0.636287808418274,8.5971172666177e-4,2.31662154197693,0.0492517054080963,0.118382178246975,1.23879623413086,0.00129174382891506,0.0322482697665691,0.339494228363037,0.002724434947595,0.00167045928537846,0.001346874400042,0.222278863191605,0.244156196713448,4.48138770536843e-8,0.109065093100071,0.319719344377518,0.319719344377518,-0.210925862193108,1.64604938030243,5.241953767836e-4,-0.106662780046463,-0.106662780046463,0.00133629073388875,0.0322482697665691,-0.149219244718552,1.02798271179199,0.244832903146744,0.145987659692764,2.50831246376038,1.6057760512922e-4,0.636287808418274,0.00254699238575995,2638.3999999999996,1842.4,0.94
2138,2024,2024,252,Millville,07-16-2024,1006,0.00204707146622241,0.00242933770641685,0.606346845626831,9.0908294077962e-4,2.48668098449707,0.0453272052109241,0.121637150645256,1.29134023189545,0.00144604872912169,0.0258110985159874,0.336188554763794,0.00304020498879254,0.00192887033335865,0.00149802851956338,0.245061114430428,0.216508343815804,7.10531722347696e-8,0.11237295717001,0.361024707555771,0.361024707555771,-0.250251084566116,1.55267560482025,0.00060419953661039005,-0.127148419618607,-0.127148419618607,0.00150573765859008,0.0258110985159874,-0.172749206423759,1.01290369033813,0.253198593854904,0.182137101888657,2.59221696853638,1.5247749979607e-4,0.606346845626831,0.00261244457215071,2638.3999999999996,1842.4,0.94
2168,2024,2024,259,Millville,06-05-2024,1034,0.0390914119780064,0.0013657322851941,0.460805803537369,2.9208502382971e-4,-0.436816543340683,0.140504509210587,0.559873938560486,0.613229095935822,4.4064727262593e-4,0.301872730255127,0.605400562286377,0.00259676435962319,3.8703688187524e-4,6.4244435634464e-4,0.369107365608215,0.742258429527283,-1.02575823390794e-8,0.313193410634995,0.144148513674736,0.144148513674736,0.453435599803925,6.75970888137817,0.00121297058649361,0.239749491214752,0.239749491214752,4.661684797611e-4,0.301872730255127,0.336473673582077,3.06843042373657,0.912027776241302,-0.177714824676514,2.50279140472412,5.5331649491563e-4,0.460805803537369,0.0054441774263978,13178.399999999998,8470.4,9.58
2168,2024,2024,259,Millville,06-25-2024,1034,0.0323529355227947,0.00140306341927499,0.534838497638702,3.6215514410287e-4,1.07053828239441,0.0869907066226006,0.297030657529831,1.01657342910767,5.7490053586661e-4,0.125554263591766,0.5224769115448,0.00217356951907277,6.8493344588205e-4,6.8088801344856e-4,0.303068727254868,0.516875267028809,5.80961112550682e-10,0.216628506779671,0.310882985591888,0.310882985591888,-0.0164361614733934,3.13971710205078,7.5453647878021e-4,-0.00821863580495119,-0.00821863580495119,5.9498572954908e-4,0.125554263591766,-0.0111440904438496,2.18827891349792,0.553067147731781,0.00818409118801355,3.21005272865295,3.0456070089712e-4,0.534838497638702,0.00364403054118156,13178.399999999998,8470.4,9.58
2168,2024,2024,259,Millville,07-11-2024,1034,0.0204392578452826,0.0018465070752427,0.596967995166779,5.7000102242454e-4,2.03548860549927,0.0657112747430801,0.15939399600029,1.20669555664062,9.0196932433173e-4,0.0505986027419567,0.430673509836197,0.00250866753049195,0.00117154198233038,9.7193976398557e-4,0.252373218536377,0.347812533378601,2.08267056933664e-8,0.151250600814819,0.339520931243896,0.339520931243896,-0.185705617070198,2.06660294532776,6.2982802046462e-4,-0.0936674624681473,-0.0936674624681473,9.363823919557e-4,0.0505986027419567,-0.128852531313896,1.51292276382446,0.35640811920166,0.113135606050491,3.05456066131592,1.9063320360146e-4,0.596967995166779,0.00309288944117725,13178.399999999998,8470.4,9.58
2168,2024,2024,259,Millville,07-16-2024,1034,0.0102183502167463,0.00223791180178523,0.580434858798981,7.2947447188198e-4,2.43395280838013,0.0526103228330612,0.137349337339401,1.29743707180023,0.0012104680063203,0.0301215462386608,0.383687824010849,0.0028968621045351,0.00162763788830489,0.00127330946270376,0.26547449827194203,0.25883749127388,5.16852836085491e-8,0.127534851431847,0.382581502199173,0.382581502199173,-0.254661053419113,1.69846391677856,6.3368841074407e-4,-0.129464730620384,-0.129464730620384,0.00126709183678031,0.0301215462386608,-0.173250511288643,1.24510884284973,0.292355179786682,0.175387531518936,2.9236044883728,1.5386578161269e-4,0.580434858798981,0.00283793522976339,13178.399999999998,8470.4,9.58
2184,2024,2024,262,Millville,06-05-2024,1048,0.0113821616396308,0.00213505188003182,0.67845231294632,0.00101100257597864,1.96893310546875,0.0467858649790287,0.117891423404217,1.15205407142639,0.00140836485661566,0.0423408150672913,0.286784082651138,0.00270749046467245,0.00173487025313079,0.00147975387517363,0.191573888063431,0.216048762202263,3.42574857370437e-8,0.110856562852859,0.251767635345459,0.251767635345459,-0.140608727931976,1.55117905139923,5.3593295160681e-4,-0.0706553384661674,-0.0706553384661674,0.00144084019120783,0.0423408150672913,-0.103875368833542,0.804200053215027,0.249355986714363,0.107197567820549,2.08835577964783,2.4539188598282e-4,0.67845231294632,0.00236135255545378,3994.4,2646.3999999999996,6.55
2184,2024,2024,262,Millville,06-25-2024,1048,0.0138873774558306,0.0021847051102668,0.654022037982941,9.3969219597056e-4,1.67451894283295,0.0618827752768993,0.155258148908615,1.11667358875275,0.00133679853752255,0.0611974857747555,0.319896578788757,0.00285685667768121,0.00163295830134302,0.00143307819962502,0.209173694252968,0.260422378778458,2.6472005032474e-8,0.119413085281849,0.267636775970459,0.267636775970459,-0.109908446669579,1.70424628257751,5.8863975573331e-4,-0.0551211945712566,-0.0551211945712566,0.00136936863418669,0.0611974857747555,-0.079424723982811,0.940729141235352,0.271212607622147,0.0769685879349709,2.19079566001892,3.1178662902675e-4,0.654022037982941,0.00286751403473318,3994.4,2646.3999999999996,6.55
2184,2024,2024,262,Millville,07-11-2024,1048,0.012296736240387,0.00244767987169325,0.632371187210083,9.9237856920808e-4,2.167729139328,0.0515673272311687,0.12932676076889,1.21052229404449,0.00148701306898147,0.0390310399234295,0.31582248210907,0.00299422605894506,0.00189814635086805,0.00155586865730584,0.225211545825005,0.221757441759109,5.46978462523384e-8,0.100506089627743,0.313298761844635,0.313298761844635,-0.188760861754417,1.56989288330078,5.3733319509774e-4,-0.0952364578843117,-0.0952364578843117,0.00153050350490957,0.0390310399234295,-0.133824482560158,0.923218071460724,0.223472520709038,0.135761886835098,2.33432483673096,2.2882659686729e-4,0.632371187210083,0.00266070268116891,3994.4,2646.3999999999996,6.55
2184,2024,2024,262,Millville,07-16-2024,1048,0.0031705352012068,0.00268334103748202,0.604000329971313,0.00103548122569919,2.45829701423645,0.0434788279235363,0.123870030045509,1.28708434104919,0.0016563426470384,0.0271816439926624,0.315505236387253,0.00335075496695936,0.00221757125109434,0.00171724183019251,0.246882528066635,0.196204856038094,9.45817077990796e-8,0.107306644320488,0.362070232629776,0.362070232629776,-0.247154057025909,1.48819613456726,6.3005648553371e-4,-0.125524148344994,-0.125524148344994,0.00172477052547038,0.0271816439926624,-0.170635089278221,0.921863079071045,0.240410983562469,0.186424151062965,2.47408270835876,1.8840080883819e-4,0.604000329971313,0.00260206661187112,3994.4,2646.3999999999996,6.55
2189,2024,2024,264,Millville,06-05-2024,1053,0.0100460201501846,0.00162308604922146,0.625117719173431,6.0839689103886e-4,0.797389030456543,0.0751027166843414,0.247741028666496,0.961487829685211,8.4201490972191e-4,0.114776238799095,0.383916944265366,0.00235001323744655,9.3272153753787e-4,9.9179276730865e-4,0.230680078268051,0.404157847166061,-2.7815783010254303e-9,0.170902520418167,0.223656490445137,0.223656490445137,0.0392531976103783,2.35659408569336,6.1707047279924e-4,0.0196341648697853,0.0196341648697853,8.5713813314214e-4,0.114776238799095,0.0286833811551332,1.24631559848785,0.412261605262756,-0.0237842239439487,2.09705972671509,3.9169436786323e-4,0.625117719173431,0.00304635940119624,3162.4,1962.3999999999999,2.07
2189,2024,2024,264,Millville,06-25-2024,1053,0.00845873728394508,0.00173850660212338,0.668144404888153,7.0524349575862e-4,1.86925482749939,0.0517675392329693,0.132366985082626,1.14279639720917,9.9531887099146e-4,0.0485832616686821,0.344859898090363,0.00236960290931165,0.00121164752636105,0.00106421718373895,0.198936954140663,0.27981036901474,1.52156296451267e-8,0.136842891573906,0.259802162647247,0.259802162647247,-0.132691130042076,1.77704644203186,5.2581523777917e-4,-0.0666401907801628,-0.0666401907801628,0.00101908680517226,0.0485832616686821,-0.0972808003425598,1.05278217792511,0.317075282335281,0.0912838950753212,2.35100221633911,2.0932724874001e-4,0.668144404888153,0.00243311980739236,3162.4,1962.3999999999999,2.07
2189,2024,2024,264,Millville,07-11-2024,1053,0.0104800937697291,0.0021185684017837,0.641794264316559,8.480628603138e-4,2.29591727256775,0.0417693965137005,0.116826251149178,1.23302686214447,0.00127327442169189,0.032491110265255,0.316445469856262,0.00262558390386403,0.00164194486569613,0.00132834201212972,0.218179434537888,0.21704189479351,4.28895781112715e-8,0.0978127866983414,0.31690788269043,0.31690788269043,-0.206461131572723,1.55441522598267,4.6144655789248e-4,-0.104354739189148,-0.104354739189148,0.00131468311883509,0.032491110265255,-0.14619043469429,0.92588210105896,0.216834798455238,0.145803228020668,2.40070748329163,1.634566579014e-4,0.641794264316559,0.00229044235311449,3162.4,1962.3999999999999,2.07
2189,2024,2024,264,Millville,07-16-2024,1053,0.00453953398391604,0.00247279088944197,0.612934172153473,9.771769400686e-4,2.52307176589966,0.0388246439397335,0.11546541005373,1.29373919963837,0.00154334458056837,0.0235816836357117,0.311659783124924,0.00302211055532098,0.00205816468223929,0.00158985564485192,0.239976212382317,0.190419837832451,8.11166032121946e-8,0.100822582840919,0.356354773044586,0.356354773044586,-0.251989990472794,1.47041618824005,5.4887367878109e-4,-0.128061279654503,-0.128061279654503,0.001605230034329,0.0235816836357117,-0.175239831209183,0.905539989471436,0.2242551445961,0.188777565956116,2.46473813056946,1.4181174628902e-4,0.612934172153473,0.00235974485985935,3162.4,1962.3999999999999,2.07
2193,2024,2024,264,Millville,06-05-2024,1056,0.0132868187502027,0.00137513689696789,0.533484101295471,3.754400240723e-4,0.227603778243065,0.0950895696878433,0.393107742071152,0.818872094154358,5.4636632557958e-4,0.191921055316925,0.490106761455536,0.0022081530187279,5.6548451539129e-4,7.1207172004506e-4,0.304219633340836,0.567546725273132,-7.0323977752195804e-9,0.21554146707058,0.21426841616630601,0.21426841616630601,0.197209432721138,3.6247775554657,7.2207965422421e-4,0.0995825529098511,0.0995825529098511,5.6537863565608e-4,0.191921055316925,0.140618830919266,1.92238974571228,0.549529254436493,-0.0940992087125778,2.25410795211792,4.5275085722096e-4,0.533484101295471,0.00371570070274174,6622.4000000000005,4410.4000000000005,5.59
2193,2024,2024,264,Millville,06-25-2024,1056,0.0111376009881496,0.00149795669130981,0.604978799819946,4.5675176079385e-4,1.25355613231659,0.0780020654201508,0.220395505428314,1.04957723617554,6.7825050791725e-4,0.0924669206142426,0.465975940227509,0.00222046067938209,8.0081378109753e-4,7.7941262861713e-4,0.246122390031815,0.451208412647247,2.7075224284800503e-9,0.19324141740799,0.270643800497055,0.270643800497055,-0.0483497492969036,2.64437055587769,6.6678551957011e-4,-0.0241890195757151,-0.0241890195757151,6.9642218295484e-4,0.0924669206142426,-0.034174557775259,1.74514961242676,0.479056358337402,0.0266229417175055,2.80493855476379,2.7150777168571e-4,0.604978799819946,0.00330906664021313,6622.4000000000005,4410.4000000000005,5.59
2193,2024,2024,264,Millville,07-11-2024,1056,0.0137343602254987,0.0018179853213951,0.615511357784271,6.0582242440432e-4,2.15437293052673,0.055435623973608,0.144162610173225,1.2197140455246,9.3512021703645e-4,0.0425027534365654,0.391668379306793,0.00237394799478352,0.0012144542997703,9.9446892272681e-4,0.237998127937317,0.31067106127739,2.38190072110456e-8,0.129977196455002,0.324829399585724,0.324829399585724,-0.196045309305191,1.90137243270874,5.2176392637193e-4,-0.0989830493927002,-0.0989830493927002,9.6808397211134e-4,0.0425027534365654,-0.137423038482666,1.28768050670624,0.298790276050568,0.125527694821358,2.72969579696655,1.7192386440001e-4,0.615511357784271,0.00264897639863193,6622.4000000000005,4410.4000000000005,5.59
2193,2024,2024,264,Millville,07-16-2024,1056,0.00304876128211617,0.00214361748658121,0.611352980136871,8.1472843885421e-4,2.6488926410675,0.0393100790679455,0.108211450278759,1.32049214839935,0.00129479402676225,0.0174629800021648,0.343099623918533,0.00270980061031878,0.00174477219115943,0.00132911955006421,0.241193041205406,0.216477513313293,6.10158821245932e-8,0.114504136145115,0.365732729434967,0.365732729434967,-0.271057158708572,1.55257511138916,5.4567982442677e-4,-0.138113841414452,-0.138113841414452,0.00134904216974974,0.0174629800021648,-0.187616690993309,1.04460155963898,0.258621513843536,0.197602510452271,2.69414830207825,8.90249066287652e-5,0.611352980136871,0.00233420706354082,6622.4000000000005,4410.4000000000005,5.59
2196,2024,2024,265,Millville,06-05-2024,1059,0.00991476979106665,0.00138962862547487,0.541749000549316,3.8216245593503e-4,0.248019263148308,0.0979771167039871,0.378321915864944,0.829402387142181,5.5953895207494e-4,0.185873255133629,0.502026200294495,0.00223461585119367,5.7273363927379e-4,7.3889642953872e-4,0.297228008508682,0.578832447528839,-6.75413192041674e-9,0.235329657793045,0.207168430089951,0.207168430089951,0.184898436069489,3.74870562553406,8.3075690781697e-4,0.0932531654834747,0.0932531654834747,5.8082898613065e-4,0.185873255133629,0.132552027702332,2.01627564430237,0.615506172180176,-0.0918076410889626,2.35462975502014,4.4136482756584e-4,0.541749000549316,0.00388361723162234,7426.4,5122.4,10.99
2196,2024,2024,265,Millville,06-25-2024,1059,0.00487975776195526,0.00157516833860427,0.580691993236542,4.6015181578695e-4,1.07865130901337,0.0861452221870422,0.25706872344017,1.01632535457611,6.9832836743444e-4,0.111053749918938,0.474287956953049,0.00233038607984781,8.179391734302e-4,8.1932346802204e-4,0.265268623828888,0.476742744445801,9.38388922122613e-10,0.190868809819221,0.273779481649399,0.273779481649399,-0.0161921437829733,2.8222119808197,7.2869239374995e-4,-0.00809661578387022,-0.00809661578387022,7.1850203676149e-4,0.111053749918938,-0.0113947410136461,1.80436420440674,0.47178703546524,0.00872364267706871,2.77546119689941,3.3101782901212e-4,0.580691993236542,0.00359346251934767,7426.4,5122.4,10.99
2196,2024,2024,265,Millville,07-11-2024,1059,0.00398640055209398,0.00188147276639938,0.609289169311523,6.2397157307714e-4,2.19481825828552,0.0573603473603725,0.142297893762589,1.22983968257904,9.7052624914795e-4,0.040802139788866,0.393355816602707,0.00244603166356683,0.00125805579591542,0.00103220250457525,0.242784708738327,0.309319138526917,2.56301859735686e-8,0.128562688827515,0.333336770534515,0.333336770534515,-0.203981906175613,1.89569330215454,5.4964696755632e-4,-0.103074543178082,-0.103074543178082,0.00100643595214933,0.040802139788866,-0.142537161707878,1.29682552814484,0.295058965682983,0.131130516529083,2.76985025405884,1.6951657016761e-4,0.609289169311523,0.00279241101816297,7426.4,5122.4,10.99
2196,2024,2024,265,Millville,07-16-2024,1059,0.00254326197318733,0.0022273906506598,0.599162876605988,8.1654149107635e-4,2.56126475334167,0.0446483604609966,0.11919279396534,1.31137371063232,0.00131475110538304,0.0224025957286358,0.35300749540329,0.00279886438511312,0.00177942879963666,0.00135528261307627,0.250654339790344,0.229819118976593,6.30978505000712e-8,0.115127317607403,0.371922641992569,0.371922641992569,-0.264625042676926,1.5967925786972,5.7196809211745e-4,-0.134713694453239,-0.134713694453239,0.00137158797588199,0.0224025957286358,-0.182149916887283,1.09122586250305,0.260212153196335,0.188178762793541,2.742755651474,1.1531215568538e-4,0.599162876605988,0.00252629001624882,7426.4,5122.4,10.99
2233,2024,2024,273,Millville,06-05-2024,1091,0.0216403733938932,0.00139226578176022,0.534693717956543,3.8093668990768e-4,0.429023653268814,0.094408206641674,0.370000153779984,0.868026614189148,5.7987129548564e-4,0.176859840750694,0.488172143697739,0.00219318736344576,6.1412242939695e-4,7.4011512333527e-4,0.303191661834717,0.548402011394501,-5.36046496080189e-9,0.21693329513073,0.237286016345024,0.237286016345024,0.140595316886902,3.42871737480164,7.6698238262906e-4,0.0706485286355019,0.0706485286355019,6.0016242787241e-4,0.176859840750694,0.0994497686624527,1.90756380558014,0.554060816764832,-0.0708478316664696,2.40789175033569,4.2834569467231e-4,0.534693717956543,0.00376598327420652,7274.4000000000005,5218.4000000000005,2.57
2233,2024,2024,273,Millville,06-25-2024,1091,0.0136585077270865,0.00152017385698855,0.592479586601257,4.7320537851192e-4,1.30674636363983,0.0703439563512802,0.228741690516472,1.06375360488892,7.1964302333071e-4,0.0945298224687576,0.440915673971176,0.00214230758138001,8.6446484783664e-4,8.2269660197198e-4,0.25590306520462,0.42022180557251,3.78048303772971e-9,0.169822886586189,0.288293927907944,0.288293927907944,-0.061725217849016203,2.4495952129364,5.9363193577155e-4,-0.0308920610696077,-0.0308920610696077,7.4083689833059e-4,0.0945298224687576,-0.0433567948639393,1.57727837562561,0.409124493598938,0.0352553725242615,2.6386125087738,2.8736787498928e-4,0.592479586601257,0.00300925271585584,7274.4000000000005,5218.4000000000005,2.57
2233,2024,2024,273,Millville,07-11-2024,1091,0.0146282957866788,0.00183365412522107,0.609564483165741,6.2215985963121e-4,2.25476980209351,0.0531193017959595,0.137025490403175,1.23882150650024,9.7585615003481e-4,0.0373973362147808,0.390281915664673,0.00238835695199668,0.00127950997557491,0.00103137863334268,0.242572143673897,0.298911839723587,2.71284008590555e-8,0.126524150371552,0.338981509208679,0.338981509208679,-0.210945412516594,1.8527083396911601,5.2130676340311e-4,-0.106672897934914,-0.106672897934914,0.00101440423168242,0.0373973362147808,-0.147491455078125,1.28020453453064,0.28970268368721,0.138671189546585,2.79487252235413,1.515039766673e-4,0.609564483165741,0.00262620393186808,7274.4000000000005,5218.4000000000005,2.57
2233,2024,2024,273,Millville,07-16-2024,1091,0.00572653114795685,0.00226255878806114,0.607468664646149,8.551349164918e-4,2.59428787231445,0.0419520772993565,0.113215424120426,1.31262397766113,0.00137016654480249,0.020326592028141,0.342259645462036,0.00284022791311145,0.0018337769433856,0.00140111322980374,0.244192227721214,0.215433031320572,6.67627304551388e-8,0.11314444988966,0.366913199424744,0.366913199424744,-0.265511035919189,1.54917693138123,5.7283072965219e-4,-0.135181501507759,-0.135181501507759,0.00142590084578842,0.020326592028141,-0.183258980512619,1.04071366786957,0.255158722400665,0.192574962973595,2.68108987808228,1.1069950414821e-4,0.607468664646149,0.00244270754046738,7274.4000000000005,5218.4000000000005,2.57
2234,2024,2024,273,Millville,06-05-2024,1092,0.0160743687301874,0.00159679807256907,0.56084793806076,4.8481742851436e-4,0.5765261054039,0.094872385263443,0.328781813383102,0.906818926334381,7.1638327790424e-4,0.154187470674515,0.451457679271698,0.00246415683068335,7.8747497173026e-4,8.7621482089161e-4,0.281354784965515,0.487070500850677,-5.7789408813846405e-9,0.195194408297539,0.238592356443405,0.238592356443405,0.097501702606678,2.89917159080505,7.6369056478142e-4,0.0488672703504562,0.0488672703504562,7.3647394310683e-4,0.154187470674515,0.0693867206573486,1.64602673053741,0.485072195529938,-0.0518718101084232,2.33300518989563,4.5672099804505e-4,0.56084793806076,0.00380156910978258,3854.4,2534.4,2.99
2234,2024,2024,273,Millville,06-25-2024,1092,0.00675716763362288,0.00167060026433319,0.586441040039062,5.4094556253403e-4,1.19325017929077,0.0753384977579117,0.243779599666595,1.03999888896942,8.1107625737786e-4,0.103586569428444,0.420244783163071,0.00234748679213226,9.5832726219669e-4,9.3161856057122e-4,0.260683476924896,0.404722690582275,2.94490765107014e-9,0.164494976401329,0.275727123022079,0.275727123022079,-0.0391994677484035,2.35977864265442,6.269970908761e-4,-0.0196072682738304,-0.0196072682738304,8.3399389404803e-4,0.103586569428444,-0.0272644124925137,1.44973182678223,0.393761783838272,0.0226364824920893,2.52486610412598,3.4535099985078e-4,0.586441040039062,0.00319378171116114,3854.4,2534.4,2.99
2234,2024,2024,273,Millville,07-11-2024,1092,0.011148301884532,0.00210740114562213,0.619755983352661,7.5619423296302e-4,2.17763757705688,0.0536862723529339,0.136059165000916,1.22173893451691,0.0011633011745289,0.0402308255434036,0.358905076980591,0.00266035459935665,0.00150345033034682,0.00123353477101773,0.234753891825676,0.266198575496674,3.48900002222763e-8,0.111719831824303,0.329100698232651,0.329100698232651,-0.197639733552933,1.72553300857544,5.2321451948955e-4,-0.099804200232029,-0.099804200232029,0.00120333442464471,0.0402308255434036,-0.138467311859131,1.11966276168823,0.251541912555695,0.131026402115822,2.60060334205627,1.9183465337846e-4,0.619755983352661,0.00268310285173357,3854.4,2534.4,2.99
2234,2024,2024,273,Millville,07-16-2024,1092,0.0056580021046102,0.00230081449262798,0.618265688419342,9.0945331612601e-4,2.59216785430908,0.0408934280276299,0.107469230890274,1.30358946323395,0.0014263407792896,0.0197580829262733,0.32619920372963,0.00287228683009744,0.00190608599223197,0.00146592385135591,0.235890999436378,0.204006552696228,7.05160942970906e-8,0.11082973331213,0.355539381504059,0.355539381504059,-0.259079605340958,1.5125834941864,5.724363727495e-4,-0.131789728999138,-0.131789728999138,0.00148520641960204,0.0197580829262733,-0.180249080061913,0.968236327171326,0.249287992715836,0.191843599081039,2.56468200683594,1.1303700011922e-4,0.618265688419342,0.00241447798907757,3854.4,2534.4,2.99
2250,2024,2024,277,Millville,06-05-2024,1106,0.0116919036954641,0.00157000380568206,0.599723219871521,5.1562482258305e-4,0.929410576820374,0.076302282512188,0.255366832017899,0.984928786754608,7.4781553121283e-4,0.115015707910061,0.423184543848038,0.00225815433077514,8.3085964433848e-4,9.1125851031392e-4,0.250216245651245,0.432408034801483,-6.86935841542891e-10,0.173838108778,0.237445369362831,0.237445369362831,0.0151848336681724,2.52365803718567,6.3863274408504e-4,0.00759285548701882,0.00759285548701882,7.6813588384538e-4,0.115015707910061,0.0104601318016648,1.46731352806091,0.420833021402359,-0.008000154979527,2.32468914985657,3.4902524203062e-4,0.599723219871521,0.00320648029446602,4046.3999999999996,2602.4,1.55
2250,2024,2024,277,Millville,06-25-2024,1106,0.00558854313567281,0.00157105410471559,0.62930166721344,5.7223124895244e-4,2.0775318145752,0.0519306100904942,0.138415202498436,1.19752717018127,8.5704453522339e-4,0.0441150851547718,0.397707462310791,0.00213082833215594,0.00110356789082289,8.999640122056e-4,0.227519780397415,0.301934540271759,1.79637282826661e-8,0.146798506379128,0.313374787569046,0.313374787569046,-0.178331390023232,1.86506080627441,5.370441940613e-4,-0.0898860991001129,-0.0898860991001129,8.8743778178468e-4,0.0441150851547718,-0.126206204295158,1.32064533233643,0.344112157821655,0.117188163101673,2.79448223114014,1.5753904881421e-4,0.62930166721344,0.00248912046663463,4046.3999999999996,2602.4,1.55
2250,2024,2024,277,Millville,07-11-2024,1106,0.00432571768760681,0.00192728475667536,0.62750506401062,6.9559772964566e-4,2.20423316955566,0.0508748330175877,0.129694521427155,1.22304809093475,0.00106142228469253,0.0378897041082382,0.365478903055191,0.00246517965570092,0.0013742889277637,0.00111714284867048,0.2288748472929,0.272596597671509,2.96053723758405e-8,0.115116536617279,0.320442855358124,0.320442855358124,-0.198668703436852,1.7495059967041,4.9989600665867e-4,-0.100334353744984,-0.100334353744984,0.00109867844730616,0.0378897041082382,-0.139913067221642,1.15198349952698,0.260184645652771,0.132272645831108,2.63933563232422,1.6679939290043e-4,0.62750506401062,0.00254797632806003,4046.3999999999996,2602.4,1.55
2250,2024,2024,277,Millville,07-16-2024,1106,0.001761847990565,0.00212020124308765,0.605025172233582,7.9919898416847e-4,2.49938249588013,0.0405346006155014,0.121169149875641,1.2963992357254,0.00127724488265812,0.0252258833497763,0.337363123893738,0.00264501059427857,0.00171174318529665,0.00131825741846114,0.24608638882637,0.21721188724041,5.73740734921557e-8,0.112873621284962,0.363065928220749,0.363065928220749,-0.253912508487701,1.55496990680695,5.2544561913237e-4,-0.129071265459061,-0.129071265459061,0.00133227172773331,0.0252258833497763,-0.17509862780571,1.01824426651001,0.254470229148865,0.183786451816559,2.60954284667969,1.2362255074549e-4,0.605025172233582,0.00231308117508888,4046.3999999999996,2602.4,1.55
2256,2024,2024,278,Millville,06-05-2024,1112,0.0299044009298086,0.00144582218490541,0.525689125061035,3.728492592927e-4,-0.0579989589750767,0.125771000981331,0.43742835521698,0.745346963405609,5.4355716565623e-4,0.22311694920063,0.548395216464996,0.00256855809129775,5.3374550770968e-4,7.2829861892387e-4,0.310883015394211,0.644137680530548,-1.01571275834544e-8,0.274519592523575,0.175913393497467,0.175913393497467,0.285725384950638,4.62015151977539,0.00109901034738868,0.145903930068016,0.145903930068016,5.6285201571881e-4,0.22311694920063,0.208290815353394,2.42865133285522,0.756793916225433,-0.129549443721771,2.49739789962769,5.2923068869859e-4,0.525689125061035,0.00492037506774068,8838.4,5902.4,12.96
2256,2024,2024,278,Millville,06-25-2024,1112,0.016251340508461,0.00157007586676627,0.562971830368042,4.4451362919062e-4,1.42034506797791,0.0740261599421501,0.237122058868408,1.09269905090332,7.0749502629041e-4,0.0933696925640106,0.468958109617233,0.00225445465184748,8.8196853175759e-4,7.9698819899931e-4,0.279613584280014,0.431272655725479,5.9867253376921806e-9,0.17909637093544,0.318106442689896,0.318106442689896,-0.0884193331003189,2.51662349700928,6.4537668367847e-4,-0.0442964136600494,-0.0442964136600494,7.3389988392591e-4,0.0933696925640106,-0.0601580142974854,1.76618134975433,0.43633958697319,0.0482723042368889,2.93344259262085,2.8319636476226e-4,0.562971830368042,0.00317585305310786,8838.4,5902.4,12.96
2256,2024,2024,278,Millville,07-11-2024,1112,0.016874186694622,0.0019630438182503,0.597555816173553,6.3515536021441e-4,2.19242882728577,0.0642083436250687,0.14893539249897,1.23516023159027,0.00100993318483233,0.0418789424002171,0.410504102706909,0.00260652345605195,0.00132251216564327,0.00106915249489248,0.251912415027618,0.318716078996658,2.94335773531884e-8,0.13654263317585,0.346287697553635,0.346287697553635,-0.208115518093109,1.93563365936279,6.1413878574967e-4,-0.105209581553936,-0.105209581553936,0.00104942754842341,0.0418789424002171,-0.144388884305954,1.39272928237915,0.31626957654953,0.131831869482994,2.93502831459045,1.794739800971e-4,0.597555816173553,0.00308692269027233,8838.4,5902.4,12.96
2256,2024,2024,278,Millville,07-16-2024,1112,0.00575438840314746,0.00237400061450899,0.598577857017517,8.7020476348698e-4,2.66525959968567,0.0434743613004684,0.111778661608696,1.33087432384491,0.0014209533110261,0.0169002022594213,0.346420556306839,0.00297559681348503,0.00192418368533254,0.00145439233165234,0.251112014055252,0.215267613530159,7.70684138728939e-8,0.115071639418602,0.378186970949173,0.378186970949173,-0.278297871351242,1.54863953590393,6.03181659244e-4,-0.141952887177467,-0.141952887177467,0.00148534867912531,0.0169002022594213,-0.191404446959496,1.06007182598114,0.260069936513901,0.202749535441399,2.74148559570312,9.61483819992281e-5,0.598577857017517,0.00256696273572743,8838.4,5902.4,12.96
2286,2024,2024,285,Millville,06-05-2024,1139,0.0160621162503958,0.00135493150446564,0.601415157318115,4.4732619426213e-4,0.652503609657288,0.0779178142547607,0.277114272117615,0.931527197360992,6.252282182686e-4,0.129943773150444,0.444480210542679,0.00221339007839561,6.9264066405594e-4,7.4237352237105e-4,0.2488953769207,0.479109734296799,-3.2810307803998702e-9,0.210800051689148,0.219167992472649,0.219167992472649,0.0708112046122551,2.83958005905151,6.7282957024872e-4,0.0354500971734524,0.0354500971734524,6.4149015815928e-4,0.129943773150444,0.0513882897794247,1.60023188591003,0.534212052822113,-0.0401242598891258,2.27695250511169,3.5455732722766e-4,0.601415157318115,0.00313142919912934,4486.4,3094.3999999999996,4.34
2286,2024,2024,285,Millville,06-25-2024,1139,0.00817241985350847,0.00161885924171656,0.610596120357513,5.1047874148935e-4,1.5408616065979,0.0628328770399094,0.192933201789856,1.10346531867981,7.6734519097954e-4,0.0760866701602936,0.419206738471985,0.00225825351662934,9.2970463447272e-4,8.63901397679e-4,0.24177622795105,0.379217505455017,6.49909592809195e-9,0.165084794163704,0.286772876977921,0.286772876977921,-0.0981386303901672,2.22174024581909,5.7053071213886e-4,-0.0491880401968956,-0.0491880401968956,7.8959064558148e-4,0.0760866701602936,-0.069407545030117,1.44356596469879,0.395452827215195,0.0584970079362392,2.6666431427002,2.4016483803279e-4,0.610596120357513,0.00277705094777048,4486.4,3094.3999999999996,4.34
2286,2024,2024,285,Millville,07-11-2024,1139,0.0102928401902318,0.00196519680321217,0.624852120876312,6.7944725742563e-4,2.37294769287109,0.0473729223012924,0.122414335608482,1.25754022598267,0.00105798477306962,0.0306769460439682,0.366644591093063,0.0025297561660409,0.00139439024496824,0.0011067776940763,0.230881243944168,0.267268896102905,3.48319169063416e-8,0.115716241300106,0.334866315126419,0.334866315126419,-0.225228831171989,1.72951424121857,5.0118507351726e-4,-0.114080011844635,-0.114080011844635,0.00110063015017658,0.0306769460439682,-0.157851472496986,1.15778470039368,0.261717438697815,0.150437965989113,2.69885325431824,1.3473226863425e-4,0.624852120876312,0.00248204939998686,4486.4,3094.3999999999996,4.34
2286,2024,2024,285,Millville,07-16-2024,1139,0.00416272692382336,0.00244807102717459,0.600992143154144,9.1110588982701e-4,2.63649320602417,0.041624877601862,0.113135233521461,1.32419502735138,0.00147537735756487,0.0183401349931955,0.335616528987885,0.00304369023069739,0.00200092466548085,0.00151945115067065,0.24922539293766,0.205360814929008,8.24539512223055e-8,0.108389973640442,0.375974893569946,0.375974893569946,-0.273649752140045,1.51686561107635,5.8937352150678e-4,-0.139487028121948,-0.139487028121948,0.00154133047908545,0.0183401349931955,-0.188620194792747,1.01030969619751,0.243133157491684,0.201332584023476,2.66372919082642,1.0738243145169e-4,0.600992143154144,0.00251975236460567,4486.4,3094.3999999999996,4.34
2291,2024,2024,286,Millville,06-05-2024,1144,0.0128424279391766,0.00158852804452181,0.592585384845734,5.535390228033e-4,0.859089136123657,0.0833481773734093,0.269424825906754,0.970836520195007,8.0118066398426e-4,0.12123266607523,0.416104555130005,0.00232990412041545,9.0209679910913e-4,9.3813223065808e-4,0.255819588899612,0.432585150003433,-2.1869510646865803e-9,0.18280878663063,0.240225851535797,0.240225851535797,0.0295885670930147,2.5247585773468,6.9682963658124e-4,0.0147975236177444,0.0147975236177444,8.2167814252898e-4,0.12123266607523,0.0212452597916126,1.42527091503143,0.447407603263855,-0.0175446607172489,2.2670955657959,4.0273804916068e-4,0.592585384845734,0.00341796781867743,4494.4,2914.3999999999996,8.52
2291,2024,2024,286,Millville,06-25-2024,1144,0.0090970741584897,0.00175052159465849,0.59190958738327,5.8034382527694e-4,1.2117086648941,0.0790754109621048,0.235794931650162,1.04237151145935,8.6867064237594e-4,0.0999140813946724,0.420641928911209,0.00240348698571324,0.00102840841282159,9.8991568665951e-4,0.256352782249451,0.402248591184616,3.78644937626404e-9,0.164621233940125,0.274972498416901,0.274972498416901,-0.0414745695888996,2.34587240219116,6.6185457399115e-4,-0.0207462105900049,-0.0207462105900049,8.9318689424544e-4,0.0999140813946724,-0.0292981155216694,1.45209646224976,0.394123584032059,0.0240379795432091,2.52243161201477,3.4193915780633e-4,0.59190958738327,0.00334421149455011,4494.4,2914.3999999999996,8.52
2291,2024,2024,286,Millville,07-11-2024,1144,0.00884980242699385,0.0021054157987237,0.612116277217865,7.5537234079092e-4,2.14864706993103,0.053652536123991,0.14479660987854,1.2218005657196,0.00116476346738636,0.0429383106529713,0.357031881809235,0.00262459297664464,0.00150343682616949,0.00123485294170678,0.240605309605598,0.269273549318314,3.4624843436859e-8,0.10669744759798,0.330621987581253,0.330621987581253,-0.197688296437263,1.73700225353241,5.0050957361236e-4,-0.0998292118310928,-0.0998292118310928,0.00120556703768671,0.0429383106529713,-0.138035088777542,1.11057424545288,0.238883122801781,0.130475610494614,2.55928349494934,1.958727807505e-4,0.612116277217865,0.00265935156494379,4494.4,2914.3999999999996,8.52
2291,2024,2024,286,Millville,07-16-2024,1144,0.00464931363239884,0.00251116161234677,0.60743236541748,9.522977634333e-4,2.63470554351807,0.0396012999117374,0.109019637107849,1.32046687602997,0.00153781892731786,0.0180939473211765,0.329421669244766,0.00310232629999518,0.00207988312467933,0.00158010504674166,0.244220301508904,0.198455214500427,8.79954669130711e-8,0.104206100106239,0.370233297348022,0.370233297348022,-0.271039426326752,1.49518167972565,5.7869398733601e-4,-0.138104453682899,-0.138104453682899,0.00160701014101505,0.0180939473211765,-0.187108844518661,0.982500195503235,0.232656419277191,0.200727224349976,2.61861062049866,1.1182718299096e-4,0.60743236541748,0.00244589638896286,4494.4,2914.3999999999996,8.52
2293,2024,2024,287,Millville,06-05-2024,1145,0.0081348167732358,0.00163376168347895,0.666799664497375,6.9321185583248e-4,1.33391416072845,0.0583442039787769,0.172903314232826,1.05985963344574,9.5492630498483e-4,0.0724691599607468,0.345511645078659,0.00221102125942707,0.00111901247873902,0.00105066469404846,0.199904263019562,0.320523172616959,5.6898095124324804e-9,0.145094394683838,0.235598564147949,0.235598564147949,-0.0580710656940937,1.94344127178192,5.2343372954055e-4,-0.0290600527077913,-0.0290600527077913,9.7549479687586e-4,0.0724691599607468,-0.0418388545513153,1.05582213401794,0.339439541101456,0.0394179448485374,2.11135768890381,2.686754160095e-4,0.666799664497375,0.00248597329482436,4658.4,3046.3999999999996,5.62
2293,2024,2024,287,Millville,06-25-2024,1145,0.00574425281956792,0.00164253090042621,0.680754005908966,6.9813471054658e-4,2.26025104522705,0.0355952270328999,0.0986950248479843,1.19701385498047,9.8841055296361e-4,0.0300947241485119,0.313306212425232,0.00210428982973099,0.00122244807425886,0.00103078037500381,0.189942106604576,0.223901942372322,1.93884055477156e-8,0.119142197072506,0.27116197347641,0.27116197347641,-0.177916243672371,1.57699394226074,4.1864108061417e-4,-0.0896734595298767,-0.0896734595298767,0.0010115634649992,0.0300947241485119,-0.130135729908943,0.912506341934204,0.270514011383057,0.133137479424477,2.32620191574097,1.4382503286469e-4,0.680754005908966,0.00189909990876913,4658.4,3046.3999999999996,5.62
2293,2024,2024,287,Millville,07-11-2024,1145,0.00392877636477351,0.00197605066932738,0.641316652297974,7.8430969733744e-4,2.40996718406677,0.0374528579413891,0.10866242647171,1.25257015228271,0.00117746577598155,0.0269789192825556,0.318683117628098,0.0024180521722883,0.00153001397848129,0.00122155365534127,0.218533903360367,0.210616588592529,3.98554078628877e-8,0.092529371380806,0.323719292879105,0.323719292879105,-0.221466392278671,1.5336229801178,4.1118403896689e-4,-0.112125337123871,-0.112125337123871,0.00121596816461533,0.0269789192825556,-0.156566888093948,0.935491561889648,0.203928083181381,0.157427206635475,2.42914795875549,1.2992802658118e-4,0.641316652297974,0.00210498599335551,4658.4,3046.3999999999996,5.62
2293,2024,2024,287,Millville,07-16-2024,1145,0.00215851608663797,0.00239593000151217,0.612460196018219,9.2445116024464e-4,2.64461135864258,0.0391482003033161,0.107002004981041,1.31884229183197,0.00147081457544118,0.0175225641578436,0.326193124055862,0.00296431267634034,0.00198255246505141,0.0015056881820783,0.240340709686279,0.198385059833527,7.91605714312027e-8,0.107488878071308,0.36534595489502,0.36534595489502,-0.269898384809494,1.49496352672577,5.7031214237213e-4,-0.137500613927841,-0.137500613927841,0.00153507641516626,0.0175225641578436,-0.186830118298531,0.968209564685822,0.240868434309959,0.200239241123199,2.59218454360962,1.0187755833612e-4,0.612460196018219,0.00240217987447977,4658.4,3046.3999999999996,5.62
2306,2024,2024,290,Millville,06-05-2024,1157,0.00447820359840989,0.00162899366114289,0.668117761611938,7.0102472091093e-4,1.44713091850281,0.0506007298827171,0.159323573112488,1.06935584545135,9.6150644822046e-4,0.0676306635141373,0.314355224370956,0.00228833663277328,0.00112055148929358,0.00105526647530496,0.198956102132797,0.282729387283325,6.684263365031031e-9,0.127992421388626,0.228958070278168,0.228958070278168,-0.066956140100956,1.78834784030914,4.8046797746792e-4,-0.033515676856041,-0.033515676856041,9.7996671684086e-4,0.0676306635141373,-0.0501612052321434,0.916962444782257,0.293558031320572,0.0477297641336918,2.05654191970825,2.6963671552948e-4,0.668117761611938,0.00224046199582517,4822.4,3206.3999999999996,5.03
2306,2024,2024,290,Millville,06-25-2024,1157,0.00229355436749756,0.00166875531431288,0.66256445646286,6.8480416666716e-4,1.90158927440643,0.0459631904959679,0.13166107237339,1.15004050731659,9.7268528770655e-4,0.0479303188621998,0.33228412270546,0.00222749426029623,0.00119734113104641,0.00103247130755335,0.202960848808289,0.26314452290535,1.58488369095267e-8,0.128483802080154,0.270786970853806,0.270786970853806,-0.138893529772758,1.71423649787903,4.7001653001643e-4,-0.0697849690914154,-0.0697849690914154,9.9661503918469e-4,0.0479303188621998,-0.101202264428139,0.995286047458649,0.294851243495941,0.0998631715774536,2.29848122596741,2.0392329315654e-4,0.66256445646286,0.00222689611837268,4822.4,3206.3999999999996,5.03
2306,2024,2024,290,Millville,07-11-2024,1157,0.0046956087462604,0.00209219171665609,0.638406038284302,7.9597800504416e-4,2.29580307006836,0.0445938520133495,0.117298118770123,1.23498117923737,0.00119535042904317,0.0327301062643528,0.334518581628799,0.00263308570720255,0.00154145120177418,0.00125008681789041,0.220698654651642,0.235252484679222,3.89109295895196e-8,0.10466355830431,0.320214062929153,0.320214062929153,-0.207976758480072,1.61524224281311,4.928417620249e-4,-0.10513786226511,-0.10513786226511,0.00123379472643137,0.0327301062643528,-0.146730452775955,1.00534307956696,0.233797177672386,0.144172057509422,2.48326301574707,1.6104045789688e-4,0.638406038284302,0.00240763020701706,4822.4,3206.3999999999996,5.03
2306,2024,2024,290,Millville,07-16-2024,1157,0.00225025485269725,0.00237845233641565,0.615431010723114,9.1852393234148e-4,2.65166354179382,0.0412026830017567,0.104658536612988,1.31589293479919,0.00145431805867702,0.0169902332127094,0.33036270737648,0.00294808601029217,0.00195472873747349,0.00148790865205228,0.238059684634209,0.203047424554825,7.62293765887989e-8,0.109301745891571,0.361367166042328,0.361367166042328,-0.267821431159973,1.50955951213837,5.7487515732646e-4,-0.13640221953392,-0.13640221953392,0.00151444401126355,0.0169902332127094,-0.18631286919117,0.986691415309906,0.245429337024689,0.197937875986099,2.61144542694092,9.70521577983163e-5,0.615431010723114,0.00246682530269027,4822.4,3206.3999999999996,5.03
2308,2024,2024,290,Millville,06-05-2024,1159,0.0126429526135325,0.00164245476480573,0.62140816450119,6.0429138829931e-4,0.440238475799561,0.0942801162600517,0.277813941240311,0.893383502960205,8.2434056093916e-4,0.133743435144424,0.420762866735458,0.00250826985575259,8.8496931130066e-4,9.8121690098196e-4,0.23349566757679,0.46419432759285,-6.997788126739121e-9,0.202744826674461,0.177634611725807,0.177634611725807,0.112263932824135,2.73269701004028,7.8815704910084e-4,0.0563099533319473,0.0563099533319473,8.4065791452303e-4,0.133743435144424,0.0847235843539238,1.45281732082367,0.508607149124146,-0.064038909971714,2.18344283103943,4.511225852184e-4,0.62140816450119,0.00376147916540504,4590.4,3090.4,5.19
2308,2024,2024,290,Millville,06-25-2024,1159,0.00497021619230509,0.00181614200118929,0.60513311624527,5.8823922881856e-4,1.20471692085266,0.0807537287473679,0.223945289850235,1.04087662696838,8.6590246064588e-4,0.0960515439510345,0.426599949598312,0.00253197574056685,0.00101760076358914,9.7969663329422e-4,0.246002614498138,0.41231495141983,3.4061944376162505e-9,0.167350634932518,0.273523837327957,0.273523837327957,-0.040041770786047,2.40318441390991,6.7248148843646e-4,-0.0200289189815521,-0.0200289189815521,8.8782783132046e-4,0.0960515439510345,-0.028387937694788,1.48796629905701,0.401971429586411,0.0229166243225336,2.56282019615173,3.4667490399442e-4,0.60513311624527,0.00343984575010836,4590.4,3090.4,5.19
2308,2024,2024,290,Millville,07-11-2024,1159,0.00697395950555801,0.00221706740558147,0.608439564704895,7.6111545786261e-4,2.2226619720459,0.0582500509917736,0.141136080026627,1.24311053752899,0.00118953210767359,0.039897833019495,0.373787730932236,0.00281081441789865,0.00155591696966439,0.0012595223961398,0.243441194295883,0.276269614696503,3.86884870806625e-8,0.118283979594707,0.344493567943573,0.344493567943573,-0.2142453789711,1.76346004009247,5.7943759020417e-4,-0.108380995690823,-0.108380995690823,0.00123346247710288,0.039897833019495,-0.148083597421646,1.19380521774292,0.268304049968719,0.137597978115082,2.73363184928894,1.8893041124101e-4,0.608439564704895,0.00295712519437075,4590.4,3090.4,5.19
2308,2024,2024,290,Millville,07-16-2024,1159,0.00541666196659207,0.00248989439569414,0.599295556545258,8.8217534357681e-4,2.67611336708069,0.0448242202401161,0.110060952603817,1.33245170116425,0.00144927459768951,0.016330324113369,0.353945791721344,0.00314054125919938,0.00197742995806038,0.00148624542634934,0.25055056810379,0.221554726362228,8.15411453913839e-8,0.116042591631413,0.381197988986969,0.381197988986969,-0.279390275478363,1.56922364234924,6.3055515056476e-4,-0.142533153295517,-0.142533153295517,0.00151677068788558,0.016330324113369,-0.192089214920998,1.09571552276611,0.262552469968796,0.202221140265465,2.79700136184692,9.59062017500401e-5,0.599295556545258,0.00267410557717085,4590.4,3090.4,5.19
2315,2024,2024,292,Millville,06-05-2024,1165,0.00327669573016465,0.00170943757984787,0.613237679004669,6.0340185882523e-4,1.25398588180542,0.0712370201945305,0.220447480678558,1.04980289936066,8.6864840704947e-4,0.0932864025235176,0.403252780437469,0.00239843456074595,0.00101056310813874,0.00100107828620821,0.239742934703827,0.389806717634201,3.91446919323357e-9,0.163881585001945,0.259628236293793,0.259628236293793,-0.0485641621053219,2.2776505947113,6.1529350932687e-4,-0.0242964159697294,-0.0242964159697294,8.9302146807313e-4,0.0932864025235176,-0.0344046019017696,1.35150301456451,0.392005681991577,0.0291211400181055,2.35480237007141,3.1606658012606e-4,0.613237679004669,0.0030163237825036,3746.3999999999996,2458.4,2
2315,2024,2024,292,Millville,06-25-2024,1165,0.00147256150376052,0.00182063516695052,0.661102592945099,7.3455303208902e-4,1.92278873920441,0.0503099896013737,0.132468014955521,1.1552129983902,0.00105427857488394,0.0472951717674732,0.349859863519669,0.00235509965568781,0.00128755019977689,0.00112735899165273,0.204019546508789,0.278140038251877,1.75760543896786e-8,0.13157831132412,0.274198114871979,0.274198114871979,-0.143291845917702,1.77062046527863,5.0155183998867e-4,-0.0720175132155418,-0.0720175132155418,0.001080816029571,0.0472951717674732,-0.104123793542385,1.07625985145569,0.303028613328934,0.0985596925020218,2.40585422515869,1.991218450712e-4,0.661102592945099,0.00241088075563312,3746.3999999999996,2458.4,2
2315,2024,2024,292,Millville,07-11-2024,1165,0.00289020221680403,0.00216777552850544,0.637723505496979,8.4942695684731e-4,2.33968329429626,0.046372827142477,0.116533882915974,1.24334347248077,0.00128879654221237,0.0307735241949558,0.332774579524994,0.00270653422921896,0.00167699786834419,0.00134034396614879,0.221207395195961,0.232043072581291,4.65919036685136e-8,0.108248189091682,0.322854518890381,0.322854518890381,-0.214424088597298,1.60431265830994,5.2557350136339e-4,-0.108473554253578,-0.108473554253578,0.00133256590925157,0.0307735241949558,-0.151266619563103,0.997487783432007,0.242776498198509,0.150152876973152,2.49886465072632,1.5338097000494e-4,0.637723505496979,0.00248387269675732,3746.3999999999996,2458.4,2
2315,2024,2024,292,Millville,07-16-2024,1165,0.00252423970960081,0.00250615156255662,0.609501123428345,9.589975234121e-4,2.63394021987915,0.0432243496179581,0.109581723809242,1.3175333738327,0.00153299223165959,0.0181961636990309,0.329870641231537,0.00312720378860831,0.00206963997334242,0.00157020334154367,0.242621064186096,0.203035935759544,8.68431584422069e-8,0.11055875569582,0.366500049829483,0.366500049829483,-0.268977671861649,1.50952351093292,6.2500551575794e-4,-0.137013554573059,-0.137013554573059,0.00159986747894436,0.0181961636990309,-0.185967460274696,0.984498381614685,0.248602718114853,0.200017899274826,2.60892629623413,1.1152085062349e-4,0.609501123428345,0.002616120968014,3746.3999999999996,2458.4,2
2328,2024,2024,295,Millville,06-05-2024,1177,0.0077928863465786,0.00171547522768378,0.632674634456635,6.6212157253176e-4,1.380486369133,0.0583482719957829,0.192653447389603,1.06774091720581,9.4752199947834e-4,0.0802189335227013,0.358944714069366,0.00239746016450226,0.00110885268077254,0.00106135860551149,0.224983781576157,0.326165020465851,6.7377174950422605e-9,0.148071303963661,0.252219766378403,0.252219766378403,-0.0654514357447624,1.96808588504791,0.00054921628907322005,-0.0327608399093151,-0.0327608399093151,9.7275309963151e-4,0.0802189335227013,-0.0480802208185196,1.11985564231873,0.347614288330078,0.0443092435598373,2.17336583137512,3.0428651371039e-4,0.632674634456635,0.00255597406066954,5014.4,3242.4,5.07
2328,2024,2024,295,Millville,06-25-2024,1177,0.00509630236774683,0.00185866211540997,0.688919544219971,8.3371601067483e-4,1.91293942928314,0.0475988388061523,0.116960600018501,1.14141464233398,0.00114495272282511,0.0436953566968441,0.314623683691025,0.00241414224728942,0.00139655405655503,0.00120877451263368,0.184189036488533,0.242434903979301,1.97910257071499e-8,0.124185964465141,0.248604401946068,0.248604401946068,-0.131502404808998,1.64003717899323,4.9512850819155e-4,-0.0660379379987717,-0.0660379379987717,0.00116981973405927,0.0436953566968441,-0.0972454249858856,0.918104887008667,0.28358981013298,0.0952421203255653,2.22088670730591,2.0508973102551e-4,0.688919544219971,0.00227782689034939,5014.4,3242.4,5.07
2328,2024,2024,295,Millville,07-11-2024,1177,0.00649684481322765,0.00223759678192437,0.643428862094879,0.00090768025256693005,2.27813220024109,0.0470814742147923,0.117225848138332,1.22738361358643,0.0013535701436922,0.0330303497612476,0.322247058153152,0.0027760595548898,0.00173872895538807,0.00140701432246715,0.216967821121216,0.226192519068718,4.66632315010429e-8,0.10135842859745,0.313157647848129,0.313157647848129,-0.202065229415894,1.5846221446991,5.0668360199779e-4,-0.102085523307323,-0.102085523307323,0.0013952242443338,0.0330303497612476,-0.143359705805779,0.950927793979645,0.225581422448158,0.141940429806709,2.40724897384644,1.7382571240887e-4,0.643428862094879,0.00251638074405491,5014.4,3242.4,5.07
2328,2024,2024,295,Millville,07-16-2024,1177,0.0020159799605608,0.00242100097239017,0.615190982818604,9.5584278460592e-4,2.56251621246338,0.0387408845126629,0.111571185290813,1.30013036727905,0.0015086317434907,0.0215256121009588,0.313995867967606,0.00296272640116513,0.00201565655879676,0.00155112857464701,0.238243699073792,0.191959396004677,7.85016638360503e-8,0.103464290499687,0.356603741645813,0.356603741645813,-0.256599277257919,1.47512316703796,5.5335357319563e-4,-0.130484074354172,-0.130484074354172,0.00157109671272337,0.0215256121009588,-0.178215220570564,0.91543436050415,0.230809077620506,0.191218256950378,2.48863220214844,1.2804793368559e-4,0.615190982818604,0.00235399976372719,5014.4,3242.4,5.07
2330,2024,2024,295,Millville,06-05-2024,1179,0.0166985541582108,0.00158984772861004,0.572641551494598,5.0146714784205e-4,0.878415644168854,0.0823627263307571,0.290802001953125,0.972700595855713,7.3960761073976e-4,0.12806299328804,0.440837681293488,0.00235714949667454,8.366351830773e-4,8.8179617887362e-4,0.271745681762695,0.456895440816879,-1.6534644764476502e-9,0.193693831562996,0.263620287179947,0.263620287179947,0.0276719089597464,2.68253350257874,6.9111661287024e-4,0.0138386329635978,0.0138386329635978,7.6338951475918e-4,0.12806299328804,0.0188753511756659,1.57678115367889,0.480447441339493,-0.0153907919302583,2.29812717437744,3.8008613046258e-4,0.572641551494598,0.00335335195995867,6186.4,4218.4,5.19
2330,2024,2024,295,Millville,06-25-2024,1179,0.00358623918145895,0.00167137337848544,0.65439385175705,6.1324430862441e-4,1.29767858982086,0.065871462225914,0.185854405164719,1.04194390773773,8.4896554471924e-4,0.0769339799880981,0.367422103881836,0.00229370547458529,9.8483334295451e-4,9.6159818349406e-4,0.208901971578598,0.349127680063248,3.4305449592153503e-9,0.149272248148918,0.237377732992172,0.237377732992172,-0.0410650558769703,2.07279920578003,5.610566586256e-4,-0.0205411911010742,-0.0205411911010742,8.6849223589524e-4,0.0769339799880981,-0.0299254469573498,1.16166615486145,0.350928366184235,0.0251648183912039,2.18907022476196,2.9028498101979e-4,0.65439385175705,0.00278033688664436,6186.4,4218.4,5.19
2330,2024,2024,295,Millville,07-11-2024,1179,0.0101779969409108,0.00217836629599333,0.62360692024231,8.0019881715998e-4,2.29673218727112,0.0513981021940708,0.127287268638611,1.24309992790222,0.0012316795764491,0.034101914614439,0.353787064552307,0.00270894356071949,0.00159495021216571,0.00129399239085615,0.231825277209282,0.260722905397415,4.10302156694797e-8,0.110153384506702,0.329385727643967,0.329385727643967,-0.214237198233604,1.70534551143646,5.1948695909231e-4,-0.108376756310463,-0.108376756310463,0.00127496581990272,0.034101914614439,-0.150118455290794,1.09495508670807,0.247578367590904,0.142996177077293,2.5806622505188,1.626942976145e-4,0.62360692024231,0.00261646904982626,6186.4,4218.4,5.19
2330,2024,2024,295,Millville,07-16-2024,1179,0.0015265247784555,0.00238534109666944,0.608577132225037,9.1865728609263e-4,2.63771867752075,0.0393067076802254,0.109722502529621,1.3197113275528,0.00147052016109228,0.0180602241307497,0.324252784252167,0.00293535180389881,0.00197958946228027,0.0015068679349497,0.243334844708443,0.197403490543365,7.79520235028031e-8,0.106374867260456,0.368033707141876,0.368033707141876,-0.27050906419754,1.49191212654114,5.6980398949235e-4,-0.13782374560833,-0.13782374560833,0.00153277185745537,0.0180602241307497,-0.186822205781937,0.959686577320099,0.238074913620949,0.200944900512695,2.57774877548218,1.0764021862996e-4,0.608577132225037,0.00239410949870944,6186.4,4218.4,5.19
2334,2024,2024,296,Millville,06-05-2024,1183,0.0157406385987997,0.00158197444397956,0.499538362026215,4.1406007949262e-4,0.224563106894493,0.106779336929321,0.433426648378372,0.801637768745422,6.3173728995025e-4,0.215089485049248,0.475451350212097,0.00245411740615964,6.4472469966858e-4,8.3606963744387e-4,0.333743810653687,0.570462763309479,-9.250959998041711e-9,0.205279052257538,0.233524456620216,0.233524456620216,0.217564731836319,3.65617346763611,7.84739095252e-4,0.11010105907917,0.11010105907917,6.5606023417785e-4,0.215089485049248,0.151581943035126,1.81280171871185,0.516606628894806,-0.102413713932037,2.23112320899963,5.4192525567486e-4,0.499538362026215,0.00414555892348289,7886.4,5286.4,7.52
2334,2024,2024,296,Millville,06-25-2024,1183,0.0084326034411788,0.00159748969599605,0.527276635169983,4.29981155321e-4,1.70032560825348,0.0695980042219162,0.25083115696907,1.17128264904022,7.2422315133735e-4,0.0851618871092796,0.460206210613251,0.00218940922059119,9.2688802396878e-4,7.9430622281506e-4,0.309520453214645,0.40577557682991,1.09109006274366e-8,0.15839059650898,0.369870752096176,0.369870752096176,-0.156795173883438,2.36573171615601,5.6826148647815e-4,-0.0788854509592056,-0.0788854509592056,7.5418438063934e-4,0.0851618871092796,-0.104238592088223,1.70511853694916,0.376399278640747,0.0845671966671944,3.12669229507446,2.4394119100179e-4,0.527276635169983,0.00307975290343165,7886.4,5286.4,7.52
2334,2024,2024,296,Millville,07-11-2024,1183,0.0095199653878808,0.00215546134859324,0.608545422554016,7.3465023888275e-4,2.1957836151123,0.0582820735871792,0.141973450779915,1.23521876335144,0.00114462769124657,0.0411612838506699,0.378180682659149,0.00277772196568549,0.00149044615682214,0.00120936811435968,0.243359357118607,0.283811897039413,3.62385357277617e-8,0.118584841489792,0.341813176870346,0.341813176870346,-0.208160787820816,1.79256248474121,5.8122759219259e-4,-0.10523297637701,-0.10523297637701,0.00118713406845927,0.0411612838506699,-0.144572377204895,1.21636843681335,0.269078284502029,0.134356424212456,2.75460958480835,1.9282838911749e-4,0.608545422554016,0.00293928734026849,7886.4,5286.4,7.52
2334,2024,2024,296,Millville,07-16-2024,1183,0.00126462732441723,0.002380411606282,0.599910080432892,8.7543780682608e-4,2.65190863609314,0.0423678271472454,0.111839078366756,1.32634484767914,0.0014149370836094,0.0176017340272665,0.343255370855331,0.0029816934838891,0.00192030507605523,0.00145323167089373,0.25007027387619,0.212348818778992,7.61346683475495e-8,0.112751051783562,0.376976132392883,0.376976132392883,-0.275149792432785,1.53919506072998,5.9936905745416e-4,-0.14028225839138,-0.14028225839138,0.00147909438237548,0.0176017340272665,-0.189166754484177,1.04532384872437,0.254158765077591,0.20100873708725,2.70942974090576,9.99738331302069e-5,0.599910080432892,0.00255469931289554,7886.4,5286.4,7.52
2338,2024,2024,297,Millville,06-05-2024,1185,0.00456295209005475,0.00159267731942236,0.670910894870758,6.7197816679254e-4,1.81198012828827,0.05214848741889,0.133189857006073,1.12793040275574,9.3704386381432e-4,0.0498765856027603,0.357440054416656,0.00222476036287844,0.00113432749640197,0.00100169680081308,0.196951910853386,0.296202629804611,1.25880843526716e-8,0.150811702013016,0.244515687227249,0.244515687227249,-0.119806252419949,1.84172701835632,5.4516561795026e-4,-0.0601196363568306,-0.0601196363568306,9.588599205017e-4,0.0498765856027603,-0.0897050201892853,1.1125500202179,0.355190247297287,0.0849103406071663,2.28154683113098,2.1678910707123e-4,0.670910894870758,0.00238968292251229,2026.3999999999999,1494.3999999999999,1.02
2338,2024,2024,297,Millville,06-25-2024,1185,0.00351231428794563,0.00172192219179124,0.669399380683899,7.176426006481e-4,2.61036920547485,0.035648625344038,0.0808165818452835,1.26359534263611,0.00105587218422443,0.0162863172590733,0.339622348546982,0.00222667306661606,0.00137888640165329,0.00106942688580602,0.198035657405853,0.219394311308861,3.2999043497739e-8,0.118670262396336,0.309407323598862,0.309407323598862,-0.229783684015274,1.56211316585541,4.5775214675813e-4,-0.11644984036684,-0.11644984036684,0.00109075463842601,0.0162863172590733,-0.165280967950821,1.02857005596161,0.269298195838928,0.166888326406479,2.60047245025635,7.01008611940779e-5,0.669399380683899,0.0019978687632829,2026.3999999999999,1494.3999999999999,1.02
2338,2024,2024,297,Millville,07-11-2024,1185,0.00436072982847691,0.00207104836590588,0.646190702915192,8.2432304043322e-4,2.49420118331909,0.0428233779966831,0.101981371641159,1.26361906528473,0.00122853496577591,0.0227579604834318,0.331317216157913,0.00258524157106876,0.0015957155264914,0.00126676727086306,0.214926064014435,0.223398044705391,4.38350191700465e-8,0.104205116629601,0.322450786828995,0.322450786828995,-0.22980147600174,1.5753219127655,4.909397684969e-4,-0.116459108889103,-0.116459108889103,0.00126872421242297,0.0227579604834318,-0.163316980004311,0.9909548163414,0.232653960585594,0.161619946360588,2.52060985565186,1.0953358287224e-4,0.646190702915192,0.00236671348102391,2026.3999999999999,1494.3999999999999,1.02
2338,2024,2024,297,Millville,07-16-2024,1185,0.00420040730386972,0.00223047472536564,0.611093401908875,8.4993476048111e-4,2.59097743034363,0.0429195091128349,0.111271664500237,1.30755650997162,0.00134523480664939,0.0202595982700586,0.338787078857422,0.00282013998366892,0.00180174154229462,0.00138545164372772,0.241392940282822,0.215686857700348,6.43696935753724e-8,0.116508513689041,0.361243426799774,0.361243426799774,-0.261911958456039,1.55000185966492,5.8396987151354e-4,-0.13328230381012,-0.13328230381012,0.00140052533242851,0.0202595982700586,-0.181430965662003,1.02474427223206,0.26374563574791,0.191325709223747,2.64255905151367,1.0935754107777e-4,0.611093401908875,0.00248472508974373,2026.3999999999999,1494.3999999999999,1.02
2344,2024,2024,298,Millville,06-05-2024,1191,0.0124717177823186,0.00161810254212469,0.617014646530151,5.5183429503813e-4,1.27303969860077,0.0735762566328049,0.21586762368679,1.05065298080444,7.9585605999454e-4,0.0905985534191132,0.429214596748352,0.00238260673359036,9.2047324869781e-4,9.213174926117e-4,0.236847162246704,0.413565874099731,3.40449868296844e-9,0.185720011591911,0.250521153211594,0.250521153211594,-0.0493715815246105,2.4104425907135,6.736735231243e-4,-0.0247008521109819,-0.0247008521109819,8.1611593486741e-4,0.0905985534191132,-0.0366255193948746,1.50394380092621,0.456157624721527,0.0300053656101227,2.4059910774231,3.1059415778145e-4,0.617014646530151,0.00318872346542776,2114.3999999999996,1414.4,0.17
2344,2024,2024,298,Millville,06-25-2024,1191,0.007016328163445,0.00176991312764585,0.631283104419708,6.3610781216993e-4,1.98186278343201,0.0561129115521908,0.143755584955215,1.17992305755615,9.4963912852108e-4,0.0485354699194431,0.392715036869049,0.00240481202490628,0.00119230488780886,0.00101402797736228,0.226028770208359,0.301552325487137,2.00136920369687e-8,0.146945595741272,0.304577499628067,0.304577499628067,-0.163955956697464,1.86349296569824,5.5596244055777e-4,-0.0825364366173744,-0.0825364366173744,9.7761873621493e-4,0.0485354699194431,-0.115951120853424,1.29334688186646,0.3445163667202,0.107689291238785,2.68607020378113,2.0130071789026e-4,0.631283104419708,0.00267595914192498,2114.3999999999996,1414.4,0.17
2344,2024,2024,298,Millville,07-11-2024,1191,0.00583590939640999,0.00220225751399994,0.629888653755188,8.250338723883e-4,2.41392040252686,0.0461826398968697,0.112902231514454,1.25962352752686,0.0012560966424644,0.0275886561721563,0.344102680683136,0.00273881433531642,0.00163840362802148,0.00130946398712695,0.227077707648277,0.235295698046684,4.61062086287711e-8,0.10498420894146,0.33272784948349,0.33272784948349,-0.226799532771111,1.61539006233215,5.1170762162655e-4,-0.114896781742573,-0.114896781742573,0.00130029628053308,0.0275886561721563,-0.159660592675209,1.04925787448883,0.234597444534302,0.155562058091164,2.59607124328613,1.3605205458588e-4,0.629888653755188,0.002549531403929,2114.3999999999996,1414.4,0.17
2344,2024,2024,298,Millville,07-16-2024,1191,0.00235083699226379,0.00243594334460795,0.595766961574554,8.692808332853e-4,2.65775179862976,0.0434851869940758,0.1145094409585,1.33154809474945,0.00143400824163109,0.0175480954349041,0.346234440803528,0.00305722397752106,0.00195956649258733,0.00147128477692604,0.2533158659935,0.212789952754974,8.14325815667871e-8,0.111467972397804,0.382106333971024,0.382106333971024,-0.278764754533768,1.54061806201935,6.0951698105782e-4,-0.142200842499733,-0.142200842499733,0.00150462472811341,0.0175480954349041,-0.191805049777031,1.0592006444931,0.25090366601944,0.202564090490341,2.73753190040588,1.0093575838254e-4,0.595766961574554,0.00262950430624187,2114.3999999999996,1414.4,0.17
2371,2024,2024,304,Millville,06-05-2024,1215,0.0174925588071346,0.00138928601518273,0.590017080307007,4.6450467198155e-4,0.54107266664505,0.0854905843734741,0.299284785985947,0.90700900554657,6.571423728019e-4,0.141948327422142,0.456331938505173,0.00218821619637311,7.1048393147066e-4,7.9881330020725e-4,0.257848143577576,0.498550713062286,-4.08982625543786e-9,0.218677148222923,0.209963470697403,0.209963470697403,0.0972941145300865,2.98843932151794,7.3567510116845e-4,0.0487627312541008,0.0487627312541008,6.7593104904517e-4,0.141948327422142,0.0709480419754982,1.67871582508087,0.55976128578186,-0.0534607619047165,2.35293126106262,3.7335176602937e-4,0.590017080307007,0.00344851263798773,4434.4,3094.3999999999996,6.33
2371,2024,2024,304,Millville,06-25-2024,1215,0.0155252814292908,0.00156839459668845,0.589978218078613,5.0369376549497e-4,1.08662331104279,0.0793624743819237,0.243968904018402,1.01719033718109,7.4456603033468e-4,0.106095105409622,0.442575454711914,0.00229310104623437,8.7330245878547e-4,8.5336854681372e-4,0.257878839969635,0.436985850334167,1.1657147469534801e-9,0.184033513069153,0.268809407949448,0.268809407949448,-0.017042588442564,2.5523087978363,6.845913012512e-4,-0.00852192007005215,-0.00852192007005215,7.6379242818802e-4,0.106095105409622,-0.0121218748390675,1.58792960643768,0.451081097126007,0.00956595409661531,2.60802221298218,3.1850632512942e-4,0.589978218078613,0.00333401025272906,4434.4,3094.3999999999996,6.33
2371,2024,2024,304,Millville,07-11-2024,1215,0.0183395203202963,0.00189777056220919,0.614974737167358,6.6368689294904e-4,2.27200770378113,0.0535069368779659,0.132470548152924,1.24219489097595,0.0010311669902876,0.0362226143479347,0.385135173797607,0.00247182417660952,0.00133799132890999,0.00108829536475241,0.238409474492073,0.289190948009491,2.89843349321472e-8,0.130916476249695,0.337072402238846,0.337072402238846,-0.213542237877846,1.81369507312775,5.6001479970291e-4,-0.108016885817051,-0.108016885817051,0.00106797961052507,0.0362226143479347,-0.149490714073181,1.25274741649628,0.30127477645874,0.139935895800591,2.79645442962646,1.5303808322642e-4,0.614974737167358,0.00266798515804112,4434.4,3094.3999999999996,6.33
2371,2024,2024,304,Millville,07-16-2024,1215,0.0116511704400182,0.00216512894257903,0.592904686927795,7.7551649883389e-4,2.63375782966614,0.0421101152896881,0.116508275270462,1.3295830488205,0.00127264193724841,0.0188850723206997,0.358719140291214,0.00276160473003983,0.00173333485145122,0.001305639045313,0.255567878484726,0.227661058306694,6.35143990734832e-8,0.123724661767483,0.382304519414902,0.382304519414902,-0.277402102947235,1.58953666687012,5.8499880833551e-4,-0.141477271914482,-0.141477271914482,0.00133212038781494,0.0188850723206997,-0.190351158380508,1.11875832080841,0.282387644052505,0.200543805956841,2.81683754920959,9.54218630795367e-5,0.592904686927795,0.00245014438405633,4434.4,3094.3999999999996,6.33
2410,2024,2024,313,Millville,06-05-2024,1251,0.0120181888341904,0.00140354444738477,0.547910809516907,3.9108260534703e-4,0.414548993110657,0.0883021429181099,0.353857755661011,0.867070496082306,5.797988269478e-4,0.170371353626251,0.480809837579727,0.00215251906774938,6.1332545010373e-4,7.4200920062139e-4,0.292064100503922,0.540908873081207,-4.98592811482013e-9,0.210470572113991,0.227742239832878,0.227742239832878,0.141675546765327,3.35643362998962,7.2487798752263e-4,0.0711968466639519,0.0711968466639519,6.0060754185542e-4,0.170371353626251,0.101222157478333,1.8521534204483,0.533154487609863,-0.0707452595233917,2.40330028533936,4.0963041828945e-4,0.547910809516907,0.00352613977156579,5790.4,3818.399999999999,3.95
2410,2024,2024,313,Millville,06-25-2024,1251,0.00241509033367038,0.00154987012501806,0.615217626094818,5.4301641648635e-4,1.27166783809662,0.0692603215575218,0.21491152048111,1.0529191493988,7.8679015859961e-4,0.0901489481329918,0.407233536243439,0.0021481872536242,9.2897081049159e-4,8.8732910808175e-4,0.23822320997715,0.389467298984528,3.49104078978257e-9,0.158492371439934,0.261509746313095,0.261509746313095,-0.0515207201242447,2.27582788467407,5.7259376626461e-4,-0.0257774759083986,-0.0257774759083986,8.0821273149922e-4,0.0901489481329918,-0.0368239469826221,1.37401008605957,0.376686692237854,0.0294987261295319,2.47192645072937,2.9959095991216e-4,0.615217626094818,0.0029731816612184,5790.4,3818.399999999999,3.95
2410,2024,2024,313,Millville,07-11-2024,1251,0.00612722709774971,0.00186116877011955,0.633085191249847,6.6541804699227e-4,2.47666096687317,0.0461953282356262,0.107086919248104,1.26873397827148,0.00101953896228224,0.024282431229949,0.375669538974762,0.00239328457973897,0.00133610796183348,0.00105549348518252,0.224675834178925,0.268670648336411,3.19768318490787e-8,0.119173139333725,0.332670301198959,0.332670301198959,-0.233624264597893,1.73474597930908,4.9560191109776e-4,-0.118451088666916,-0.118451088666916,0.00105623144190758,0.024282431229949,-0.16444981098175,1.20343172550201,0.270593762397766,0.155855357646942,2.78633713722229,1.0234287037747e-4,0.633085191249847,0.00242931814864278,5790.4,3818.399999999999,3.95
2410,2024,2024,313,Millville,07-16-2024,1251,0.00529428385198116,0.00227190786972642,0.601291477680206,8.2459027180448e-4,2.75145030021667,0.039672639220953,0.103568024933338,1.34684598445892,0.00134739652276039,0.012516463175416,0.351566582918167,0.0028564443346113,0.00184185989201069,0.00137308530975133,0.248991817235947,0.216637924313545,7.36828624781083e-8,0.114816099405289,0.382317006587982,0.382317006587982,-0.289266437292099,1.55309784412384,5.7674065465107e-4,-0.147792398929596,-0.147792398929596,0.00141085567884147,0.012516463175416,-0.198948547244072,1.08435678482056,0.259417533874512,0.210042104125023,2.80332159996033,6.40129946987145e-5,0.601291477680206,0.00241552083753049,5790.4,3818.399999999999,3.95
2419,2024,2024,315,Millville,06-05-2024,1259,0.0330739393830299,0.00159923906903714,0.52428662776947,4.3287937296554e-4,0.403741717338562,0.103418283164501,0.381582945585251,0.85761570930481,6.5421691397205e-4,0.183297216892242,0.488331407308578,0.00259394361637533,6.9185032043606e-4,8.3995785098522e-4,0.312089174985886,0.550752341747284,-6.835422894369e-9,0.220070987939835,0.239843606948853,0.239843606948853,0.152402505278587,3.45189332962036,8.4733718540519e-4,0.076648935675621,0.076648935675621,6.7680445499718e-4,0.183297216892242,0.106630645692348,1.90878021717072,0.564335942268372,-0.0747615322470665,2.32336044311523,4.7845457447692e-4,0.52428662776947,0.00411407509818673,5578.4,3326.3999999999996,2.09
2419,2024,2024,315,Millville,06-25-2024,1259,0.0183906573802233,0.00180768023710698,0.609369456768036,0.00062202138360589005,1.40093529224396,0.0726043581962585,0.205875128507614,1.07708644866943,9.1603241162374e-4,0.0849563702940941,0.403486490249634,0.00247559975832701,0.00110517360735685,0.0010332865640521,0.242722719907761,0.372952282428741,7.57590523647877e-9,0.153230935335159,0.275539427995682,0.275539427995682,-0.0741234049201012,2.18954992294312,6.1880151042714e-4,-0.0371127501130104,-0.0371127501130104,9.4017991796135e-4,0.0849563702940941,-0.0527301952242851,1.35281598567963,0.361919075250626,0.0453049764037132,2.47066760063171,3.1543045770376e-4,0.609369456768036,0.00314060924574733,5578.4,3326.3999999999996,2.09
2419,2024,2024,315,Millville,07-11-2024,1259,0.0215079728513956,0.00220216088928282,0.608048439025879,7.6619087485596e-4,2.24833917617798,0.0587478503584862,0.137329459190369,1.24273729324341,0.00119365204591304,0.0378571934998035,0.375896960496902,0.00281181698665023,0.00154411816038191,0.00126461964100599,0.243743628263474,0.283253908157349,3.87562941739361e-8,0.119728848338127,0.338762760162354,0.338762760162354,-0.213958829641342,1.79038858413696,5.7867739815264e-4,-0.108232602477074,-0.108232602477074,0.00123565969988704,0.0378571934998035,-0.148479387164116,1.20459914207458,0.272027194499969,0.140945568680763,2.69772887229919,1.8448574701324e-4,0.608048439025879,0.002915910910815,5578.4,3326.3999999999996,2.09
2419,2024,2024,315,Millville,07-16-2024,1259,0.00793335307389498,0.00252249580807984,0.582612097263336,8.7153172353282e-4,2.56376218795776,0.0428250543773174,0.124876238405704,1.32039821147919,0.00146722909994423,0.022703867405653,0.347487151622772,0.00314980000257492,0.00200438592582941,0.00152027537114918,0.26373353600502,0.216887071728706,8.38114360135478e-8,0.109946474432945,0.389585196971893,0.389585196971893,-0.270991265773773,1.55391001701355,6.0017290525138e-4,-0.138078957796097,-0.138078957796097,0.00153944676276296,0.022703867405653,-0.184870824217796,1.0650737285614,0.247055873274803,0.198456764221191,2.71672344207764,1.4008935249876e-4,0.582612097263336,0.00258684530854225,5578.4,3326.3999999999996,2.09
2427,2024,2024,317,Millville,06-05-2024,1266,0.00956952199339867,0.0013882644707337,0.493319928646088,3.3549798536114e-4,-0.059637725353241,0.10579289495945,0.471338599920273,0.727721869945526,5.0353689584881e-4,0.240302801132202,0.528117060661316,0.00231102062389255,4.838373279199e-4,6.8933796137571e-4,0.339297711849213,0.637906432151794,-8.245859106637e-9,0.244326263666153,0.202642828226089,0.202642828226089,0.307549208402634,4.52343511581421,8.3464884664863e-4,0.157593727111816,0.157593727111816,5.2759068785235e-4,0.240302801132202,0.220272466540337,2.23833990097046,0.64664489030838,-0.13471607863903,2.33613419532776,4.9733539344742e-4,0.493319928646088,0.00412559416145086,6190.399999999999,4218.4,4.52
2427,2024,2024,317,Millville,06-25-2024,1266,0.00323210097849369,0.00151538709178567,0.56489223241806,4.4968139263801e-4,1.46874451637268,0.0709206610918045,0.234277546405792,1.09997463226318,7.0801243418827e-4,0.0909056514501572,0.457706600427628,0.00215476797893643,8.7643187725916e-4,8.0003944458439e-4,0.278043299913406,0.425600916147232,6.2313207926934e-9,0.177186891436577,0.31681489944458,0.31681489944458,-0.0949998125433922,2.48189973831177,6.2719761626794e-4,-0.0476075671613216,-0.0476075671613216,7.3151336982846e-4,0.0909056514501572,-0.0658601671457291,1.68804013729095,0.430685609579086,0.0540044195950031,2.85803008079529,2.5969726266339e-4,0.56489223241806,0.00306019023992121,6190.399999999999,4218.4,4.52
2427,2024,2024,317,Millville,07-11-2024,1266,0.0117607470601797,0.00186580372974277,0.604226529598236,6.0191756347194e-4,2.21549534797668,0.0579761601984501,0.143056496977806,1.23571574687958,9.4834482297301e-4,0.0400654524564743,0.410266757011414,0.00245611788704991,0.00123797019477934,0.00101219688076526,0.24670672416687,0.318903744220734,2.49870648616479e-8,0.13438855111599,0.338382065296173,0.338382065296173,-0.208545550704002,1.93644273281097,5.6459143524989e-4,-0.105431862175465,-0.105431862175465,9.8559644538909e-4,0.0400654524564743,-0.145240023732185,1.39136385917664,0.310505509376526,0.132484689354897,2.90387654304504,1.5453883679583e-4,0.604226529598236,0.00281235319562256,6190.399999999999,4218.4,4.52
2427,2024,2024,317,Millville,07-16-2024,1266,0.00412530405446887,0.00226392946206033,0.593125998973846,7.6144497143104e-4,2.66520285606384,0.0417325459420681,0.111785389482975,1.33176457881927,0.00126078294124454,0.0169191807508469,0.36623153090477,0.00291325873695314,0.00171571678947657,0.00130979425739497,0.255393475294113,0.235833063721657,5.99307128368309e-8,0.124333895742893,0.385202616453171,0.385202616453171,-0.278914660215378,1.61722910404205,5.9852743288502e-4,-0.142280474305153,-0.142280474305153,0.00132061331532896,0.0169191807508469,-0.191610723733902,1.15572655200958,0.283975601196289,0.201460674405098,2.8753776550293,8.9278029918205e-5,0.593125998973846,0.00250544585287571,6190.399999999999,4218.4,4.52
2463,2024,2024,325,Millville,06-05-2024,1298,0.0185354016721249,0.00151304749306291,0.57776296138763406,4.6194571768865e-4,0.456260353326797,0.0980469584465027,0.324667125940323,0.884504079818726,6.519419257529e-4,0.155878007411957,0.488376617431641,0.00244800187647343,6.888264324516e-4,8.1776129081845e-4,0.267617493867874,0.538076817989349,-5.16452480781027e-9,0.227120563387871,0.215941652655602,0.215941652655602,0.122115656733513,3.32972407341003,8.4421498468145e-4,0.0612871684134007,0.0612871684134007,6.693578325212e-4,0.155878007411957,0.0877161845564842,1.90912532806396,0.587725698947906,-0.0618006587028503,2.48075819015503,4.0936289587989e-4,0.57776296138763406,0.00394551688805223,5514.4000000000005,3586.3999999999996,1.27
2463,2024,2024,325,Millville,06-25-2024,1298,0.00837347842752934,0.0016757562989369,0.608398258686066,5.3724145982414e-4,1.28751742839813,0.085563987493515,0.221451535820961,1.0564740896225,7.8162690624594e-4,0.092304103076458,0.465729236602783,0.00240476476028562,9.2359067639336e-4,8.8754959870129e-4,0.243473157286644,0.448378771543503,3.91482712913671e-9,0.183314368128777,0.265459418296814,0.265459418296814,-0.0548818036913872,2.62567639350891,7.2922854451462e-4,-0.0274615958333015,-0.0274615958333015,8.0306612653657e-4,0.092304103076458,-0.0392027609050274,1.74342036247253,0.448922723531723,0.0301909651607275,2.81938338279724,2.9745273059234e-4,0.608398258686066,0.00362358964048326,5514.4000000000005,3586.3999999999996,1.27
2463,2024,2024,325,Millville,07-11-2024,1298,0.00843228492885828,0.00205191527493298,0.61399382352829,7.1112648583948e-4,2.19361162185669,0.062316782772541,0.140908628702164,1.22970592975616,0.00109687366057187,0.040797732770443,0.392032206058502,0.00269323843531311,0.0014276058645919,0.00116240850184113,0.239162087440491,0.302725493907928,3.21988906648585e-8,0.12976598739624,0.330317944288254,0.330317944288254,-0.203877672553062,1.86831068992615,6.0933188069611e-4,-0.103020742535591,-0.103020742535591,0.00113638699986041,0.040797732770443,-0.142389446496964,1.28964793682098,0.29823237657547,0.130917757749557,2.76922941207886,1.842531200964e-4,0.61399382352829,0.00303513673134148,5514.4000000000005,3586.3999999999996,1.27
2463,2024,2024,325,Millville,07-16-2024,1298,0.00755617441609502,0.00258715869858861,0.598511397838593,9.4518845435231e-4,2.67791843414307,0.0463105291128159,0.110882483422756,1.33758330345154,0.00154866511002183,0.0164258070290089,0.349434792995453,0.00324414530768991,0.00210955855436623,0.00158403941895813,0.251164078712463,0.21515466272831,9.41332913839688e-8,0.114859461784363,0.381653249263763,0.381653249263763,-0.282930284738541,1.54827284812927,6.5112067386508e-4,-0.144415527582169,-0.144415527582169,0.00161917402874678,0.0164258070290089,-0.194192558526993,1.07424986362457,0.25952821969986,0.205725446343422,2.77210736274719,9.88180981948972e-5,0.598511397838593,0.00277409423142672,5514.4000000000005,3586.3999999999996,1.27
2465,2024,2024,325,Millville,06-05-2024,1300,0.0145429782569408,0.00156717654317617,0.608769714832306,5.4851383902132e-4,0.995062530040741,0.0796133875846863,0.243781253695488,0.998939096927643,7.8318075975403e-4,0.109086275100708,0.432687431573868,0.00239117653109133,8.9690182358026e-4,9.0865331003442e-4,0.2431860268116,0.435330271720886,-6.24190837905658e-11,0.194907709956169,0.245411068201065,0.245411068201065,0.00106149190105498,2.54189324378967,7.1361404843628e-4,5.3074612515047e-4,5.3074612515047e-4,8.025313145481e-4,0.109086275100708,7.4256036896258e-4,1.52539360523224,0.484187245368958,-5.99640479777e-4,2.44480609893799,3.471165546216e-4,0.608769714832306,0.00330346147529781,5118.4,3410.4,8.01
2465,2024,2024,325,Millville,06-25-2024,1300,0.00976337399333715,0.00170849938876927,0.628734648227692,5.8717071078717e-4,1.54221248626709,0.0735258311033249,0.184556439518929,1.09911525249481,8.5441424744203e-4,0.0732933357357979,0.427103161811829,0.00241833762265742,0.00102660723496228,9.4562070444226e-4,0.227947100996971,0.387174129486084,7.99494426217962e-9,0.168283641338348,0.270362734794617,0.270362734794617,-0.0942252352833748,2.26356983184814,6.6872942261397e-4,-0.0472176559269428,-0.0472176559269428,8.7594025535509e-4,0.0732933357357979,-0.0678497925400734,1.49102997779846,0.404665946960449,0.0562810674309731,2.70405912399292,2.6973368949256e-4,0.628734648227692,0.0032017535995692,5118.4,3410.4,8.01
2465,2024,2024,325,Millville,07-11-2024,1300,0.00481250649318099,0.00214973581023514,0.612505257129669,7.6318474020808e-4,2.15356278419495,0.0559173747897148,0.142680659890175,1.22171890735626,0.00117784307803959,0.0422846972942352,0.365406543016434,0.00274068396538496,0.00152554363012314,0.00124918553046882,0.240306064486504,0.274966835975647,3.56784433108714e-8,0.119369193911552,0.331741571426392,0.331741571426392,-0.197624012827873,1.7584947347641,5.6161172688007e-4,-0.0997961014509201,-0.0997961014509201,0.00121846329420805,0.0422846972942352,-0.137716546654701,1.15162408351898,0.271099299192429,0.132660776376724,2.61850428581238,2.0529722678475e-4,0.612505257129669,0.00279341987334192,5118.4,3410.4,8.01
2465,2024,2024,325,Millville,07-16-2024,1300,0.00529913511127234,0.00261272420175374,0.603248536586761,9.7264919895678e-4,2.65857195854187,0.0453461594879627,0.110145770013332,1.32944571971893,0.00157318462152034,0.017306849360466,0.342224091291428,0.00327378930523992,0.00213724654167891,0.00161499774549156,0.247467234730721,0.210846170783043,9.44078237807844e-8,0.11314644664526,0.37541338801384,0.37541338801384,-0.277306795120239,1.53436017036438,6.4547138754278e-4,-0.141426667571068,-0.141426667571068,0.00164485350251198,0.017306849360466,-0.190514966845512,1.04054915904999,0.255163729190826,0.202871859073639,2.7076587677002,1.0643580753821e-4,0.603248536586761,0.00272144330665469,5118.4,3410.4,8.01
2475,2024,2024,328,Millville,06-05-2024,1309,0.0338157340884209,0.00133424927480519,0.562073171138763,3.7585524842143e-4,0.24487778544426,0.0796035751700401,0.362559378147125,0.833296060562134,5.391877493821e-4,0.1777174025774,0.453487992286682,0.00205759494565427,5.532888462767e-4,6.8923726212233e-4,0.280349791049957,0.533371090888977,-5.6272382309430205e-9,0.191574737429619,0.192814335227013,0.192814335227013,0.180371135473251,3.28606104850769,5.6349986698478e-4,0.09093127399683,0.09093127399683,5.5722083197906e-4,0.1777174025774,0.129908785223961,1.65957224369049,0.473945468664169,-0.0873503759503365,2.16948175430298,4.038164333906e-4,0.562073171138763,0.00310468254610896,6834.4000000000005,4470.4,4.22
2475,2024,2024,328,Millville,06-25-2024,1309,0.0184038206934929,0.0013696167152375,0.596999168395996,4.281448200345e-4,1.26243233680725,0.0639363005757332,0.22795070707798,1.05211877822876,6.4268254209309e-4,0.0956172570586205,0.435604155063629,0.00200400361791253,7.5592927169054e-4,7.4842065805569e-4,0.252348780632019,0.420677006244659,2.37604003139325e-9,0.174598574638367,0.271937996149063,0.271937996149063,-0.0507623255252838,2.45230531692505,5.5234681349247e-4,-0.0253975354135036,-0.0253975354135036,6.61326572299e-4,0.0956172570586205,-0.0356875061988831,1.543612241745,0.423063427209854,0.0294454712420702,2.5901358127594,0.00025578701752238003,0.596999168395996,0.00273175747133791,6834.4000000000005,4470.4,4.22
2475,2024,2024,328,Millville,07-11-2024,1309,0.0161431040614843,0.00169304630253464,0.620685696601868,5.6461727945134e-4,2.15305233001709,0.0486768074333668,0.140701442956924,1.21576869487762,8.7622733553871e-4,0.0419003888964653,0.377667278051376,0.00218743365257978,0.00112863990943879,9.345902944915e-4,0.234045565128326,0.299930393695831,1.97180440864031e-8,0.122079364955425,0.320387631654739,0.320387631654739,-0.192927911877632,1.85685884952545,4.5887366286478e-4,-0.0973786860704422,-0.0973786860704422,9.0725399786606e-4,0.0419003888964653,-0.135963603854179,1.21371495723724,0.278110235929489,0.12515252828598,2.62891316413879,1.5397416427731e-4,0.620685696601868,0.00233585387468338,6834.4000000000005,4470.4,4.22
2475,2024,2024,328,Millville,07-16-2024,1309,0.00977104064077139,0.00195044628344476,0.618173599243164,7.6104217441752e-4,2.70403027534485,0.0353281274437904,0.0995336025953293,1.3243762254715,0.00119639234617352,0.0142930056899786,0.340987384319305,0.00248154229484499,0.00160826800856739,0.00121600937563926,0.235961362719536,0.211086913943291,5.35933395440225e-8,0.116924531757832,0.363019853830338,0.363019853830338,-0.273776322603226,1.5351334810257,5.1253801211714e-4,-0.139554113149643,-0.139554113149643,0.0012456591939553601,0.0142930056899786,-0.190402448177338,1.03484332561493,0.264812111854553,0.20272459089756,2.68748044967651,6.88477375661023e-5,0.618173599243164,0.00214016949757934,6834.4000000000005,4470.4,4.22
2482,2024,2024,329,Millville,06-05-2024,1315,0.0186244733631611,0.00128327310085297,0.568598031997681,3.8270172080956e-4,0.270669102668762,0.0893541797995567,0.351880520582199,0.845077693462372,5.5005867034196e-4,0.171255335211754,0.488767176866531,0.00205546291545033,5.6079833302646e-4,6.9965299917385e-4,0.275023877620697,0.54840505123138406,-5.5096536222265505e-9,0.231525361537933,0.194674044847488,0.194674044847488,0.166754677891731,3.42874765396118,7.6396047370508e-4,0.0839651599526405,0.0839651599526405,5.6670699268579e-4,0.171255335211754,0.121993996202946,1.91211199760437,0.602558255195618,-0.0848165825009346,2.4245069026947,3.934005217161e-4,0.568598031997681,0.00356124085374177,3198.3999999999996,2130.3999999999996,0.69
2482,2024,2024,329,Millville,06-25-2024,1315,0.0148710589855909,0.00139237800613046,0.584695219993591,4.3202005326747e-4,1.22746098041534,0.0697823390364647,0.240075185894966,1.04793965816498,6.5108330454677e-4,0.101070068776608,0.456899762153625,0.00203741411678493,7.6609378447756e-4,7.541854865849e-4,0.262072324752808,0.441680073738098,2.1912032188709e-9,0.191065594553947,0.278045296669006,0.278045296669006,-0.0467918217182159,2.58217573165894,6.2222784617915e-4,-0.0234087314456701,-0.0234087314456701,6.7106599453836e-4,0.101070068776608,-0.0325925201177597,1.68256151676178,0.472388356924057,0.0256077945232391,2.79055237770081,2.6401603827253e-4,0.584695219993591,0.00298307626508176,3198.3999999999996,2130.3999999999996,0.69
2482,2024,2024,329,Millville,07-11-2024,1315,0.0144473612308502,0.00174743717070669,0.620128154754639,5.9698097174987e-4,2.3680477142334,0.0523030869662762,0.121972873806953,1.25708210468292,9.3271321384236e-4,0.030609218403697,0.399568796157837,0.00229477998800576,0.00121741369366646,9.732389007695e-4,0.234470248222351,0.300345540046692,2.53787728610178e-8,0.13444347679615,0.339582234621048,0.339582234621048,-0.224882930517197,1.85855400562286,5.37290063221e-4,-0.113900206983089,-0.113900206983089,9.6692214719951e-4,0.030609218403697,-0.157519802451134,1.33093953132629,0.310652136802673,0.144527733325958,2.92322754859924,1.1273163545411e-4,0.620128154754639,0.00260449387133121,3198.3999999999996,2130.3999999999996,0.69
2482,2024,2024,329,Millville,07-16-2024,1315,0.0113268606364727,0.00203866511583328,0.612089037895203,7.4076582677662e-4,2.81460976600647,0.0418087467551231,0.0943916440010071,1.34761548042297,0.00118745176587254,0.00899307336658239,0.373116075992584,0.00262973643839359,0.00161436421331018,0.0012105330824852,0.240626230835915,0.239007547497749,5.5266927034836e-8,0.129484429955482,0.374827593564987,0.374827593564987,-0.289789736270905,1.62814688682556,5.8747467119246e-4,-0.148071721196175,-0.148071721196175,0.00124026811681688,0.00899307336658239,-0.200897604227066,1.19038319587708,0.297489076852798,0.205736726522446,2.94964694976807,4.18891504523344e-5,0.612089037895203,0.00243659992702305,3198.3999999999996,2130.3999999999996,0.69
2483,2024,2024,329,Millville,06-05-2024,1316,0.0187964402139187,0.00147119222674519,0.543439090251923,4.0798701229505e-4,0.196745038032532,0.103546693921089,0.382992833852768,0.81648850440979,5.9954670723527e-4,0.188808962702751,0.49767342209816,0.00232311990112066,6.1550893587991e-4,7.6797051588073e-4,0.29580757021904,0.577070653438568,-7.947710045641541e-9,0.228059500455856,0.199906349182129,0.199906349182129,0.200009495019913,3.72892236709595,8.3625310799107e-4,0.10102540999651,0.10102540999651,6.1865837778896e-4,0.188808962702751,0.144229918718338,1.98147356510162,0.590873241424561,-0.0962745398283005,2.41432523727417,4.6858406858518e-4,0.543439090251923,0.00405967328697443,7126.399999999999,4798.4,4.21
2483,2024,2024,329,Millville,06-25-2024,1316,0.00671000825241208,0.00155642733443528,0.578399777412415,4.7593779163435e-4,1.20150756835938,0.079743392765522,0.247858881950378,1.04242408275604,7.2802003705874e-4,0.104626722633839,0.460308104753494,0.00226069497875869,8.6559972260147e-4,8.3892222028225e-4,0.267106145620346,0.447234183549881,2.59765653431998e-9,0.182378470897675,0.285431951284409,0.285431951284409,-0.0415250100195408,2.61816883087158,6.8441539769992e-4,-0.020771462470293,-0.020771462470293,7.5019052019342e-4,0.104626722633839,-0.0291667822748423,1.70581817626953,0.446119546890259,0.0226766653358936,2.76344680786133,3.0900284764356e-4,0.578399777412415,0.00335858738981187,7126.399999999999,4798.4,4.21
2483,2024,2024,329,Millville,07-11-2024,1316,0.0110057732090354,0.00191150174941868,0.609740078449249,6.2381266616284e-4,2.32618069648743,0.0558309741318226,0.132263094186783,1.25763893127441,9.9287764169275e-4,0.03398497402668,0.403468787670135,0.00248742010444403,0.001312286243774,0.00104480481240898,0.242436617612839,0.303671091794968,3.04516305504876e-8,0.129118487238884,0.345857977867126,0.345857977867126,-0.225303322076797,1.87220585346222,5.6277780095115e-4,-0.114118792116642,-0.114118792116642,0.00103277002926916,0.03398497402668,-0.156640470027924,1.35271644592285,0.296523630619049,0.14402762055397,2.9403612613678,1.3702329306397e-4,0.609740078449249,0.00277007860131562,7126.399999999999,4798.4,4.21
2483,2024,2024,329,Millville,07-16-2024,1316,0.00787543971091509,0.00208636349998415,0.613843560218811,7.7801005681976e-4,2.82016181945801,0.04046930372715,0.093373030424118,1.35057985782623,0.00124787609092891,0.00874898675829172,0.358485668897629,0.00265659275464714,0.00169562641531229,0.001260552322492,0.239277511835098,0.224249675869942,6.21504696596276e-8,0.12221448123455,0.37389400601387,0.37389400601387,-0.291801303625107,1.57814908027649,5.7454942725598e-4,-0.149146154522896,-0.149146154522896,0.00130231794901192,0.00874898675829172,-0.201852142810822,1.1176233291626,0.278460919857025,0.210441797971725,2.8561692237854,4.19668322138023e-5,0.613843560218811,0.00240224064327776,7126.399999999999,4798.4,4.21
2490,2024,2024,331,Millville,06-05-2024,1323,0.0047816289588809,0.00157826999202371,0.618404746055603,5.8660871582105e-4,1.37397968769073,0.0717312917113304,0.204109728336334,1.07011342048645,8.4942899411544e-4,0.0841569006443024,0.394336640834808,0.0023773554712534,0.00102949584834278,9.4554107636213e-4,0.235784813761711,0.361279785633087,6.188104251236841e-9,0.176835343241692,0.263443291187286,0.263443291187286,-0.0676610991358757,2.13126158714294,6.7097251303494e-4,-0.0338693521916866,-0.0338693521916866,8.7455444736406e-4,0.0841569006443024,-0.048530787229538,1.30216443538666,0.429647594690323,0.043211929500103,2.41094660758972,3.1046895310282e-4,0.618404746055603,0.00308018689975142,2606.3999999999996,1810.3999999999996,4.01
2490,2024,2024,331,Millville,06-25-2024,1323,0.00368431722745299,0.00170841056387872,0.594218850135803,5.7130656205117e-4,1.21394872665405,0.0756277441978455,0.236222371459007,1.04376482963562,8.5620337631553e-4,0.100076422095299,0.409840613603592,0.00232961936853826,0.0010174069320783,9.7173306858167e-4,0.254532903432846,0.393807739019394,3.6716365503508504e-9,0.155482977628708,0.275794506072998,0.275794506072998,-0.0428079701960087,2.2992830276489298,6.1419530538842e-4,-0.0214138012379408,-0.0214138012379408,8.8055327069014e-4,0.100076422095299,-0.0300334244966507,1.38891506195068,0.368217498064041,0.0245374217629433,2.47496676445007,3.3536166301928e-4,0.594218850135803,0.00318372086621821,2606.3999999999996,1810.3999999999996,4.01
2490,2024,2024,331,Millville,07-11-2024,1323,0.00167725409846753,0.00203667907044291,0.62650990486145,7.5412821024656e-4,2.40854954719543,0.0484348684549332,0.115024864673615,1.26109600067139,0.00116218626499176,0.0279948078095913,0.360978931188583,0.00259931571781635,0.00153049849905074,0.00120253500062972,0.229626730084419,0.251885265111923,4.17604688607298e-8,0.119653470814228,0.336668640375137,0.336668640375137,-0.227907538414001,1.67338669300079,5.3740484872832e-4,-0.115473233163357,-0.115473233163357,0.00120550952851772,0.0279948078095913,-0.15973111987114,1.12978732585907,0.271832644939423,0.157365962862968,2.69905686378479,1.3123532698955e-4,0.62650990486145,0.00253440602682531,2606.3999999999996,1810.3999999999996,4.01
2490,2024,2024,331,Millville,07-16-2024,1323,0.00171639036852866,0.00229600584134459,0.595924615859985,8.1277877325192e-4,2.62534618377686,0.0482970625162125,0.115381084382534,1.32610964775085,0.00133529515005648,0.0192786082625389,0.36754521727562,0.0029447739943862,0.00182141456753016,0.00137093721423298,0.253192007541656,0.23888073861599,6.88501557988275e-8,0.126160115003586,0.379865795373917,0.379865795373917,-0.274985820055008,1.62770903110504,6.4191193087026e-4,-0.140195295214653,-0.140195295214653,0.00139736442361027,0.0192786082625389,-0.188922643661499,1.16228139400482,0.288748800754547,0.195323929190636,2.86086201667786,1.0322122398065e-4,0.595924615859985,0.00272062723524868,2606.3999999999996,1810.3999999999996,4.01
2493,2024,2024,332,Millville,06-05-2024,1325,0.0148521764203906,0.0017109012696892,0.611678123474121,5.3490680875256e-4,0.987651884555817,0.0593055300414562,0.247704058885574,0.997679471969604,7.8375765588134e-4,0.110766544938087,0.380526155233383,0.00250160205177963,8.8113616220653e-4,9.6422719070687e-4,0.240942642092705,0.379514396190643,-1.14700728082173e-10,0.166888579726219,0.249973386526108,0.249973386526108,0.00232325261458755,2.22328519821167,5.5594812147319e-4,0.00116162782069296,0.00116162782069296,8.0731138586998e-4,0.110766544938087,0.00167532928753644,1.22854661941528,0.400639325380325,-0.00151376030407846,2.09428977966309,3.4204611438326e-4,0.611678123474121,0.00249633612111211,5870.4,3690.4,7.34
2493,2024,2024,332,Millville,06-25-2024,1325,0.0129450792446733,0.00180093478411436,0.630340397357941,6.5681483829394e-4,1.57031261920929,0.0583082064986229,0.186277464032173,1.10665690898895,9.454793180339e-4,0.0722069963812828,0.349517464637756,0.00242472114041448,0.00113764044363052,0.00106063601560891,0.226737678050995,0.316802799701691,9.858085903147181e-9,0.128890454769135,0.273794591426849,0.273794591426849,-0.100998148322105,1.92741239070892,4.9163558287546e-4,-0.0506285168230534,-0.0506285168230534,9.6736231353133e-4,0.0722069963812828,-0.0718633979558945,1.07464051246643,0.295922517776489,0.0626071244478226,2.25416207313538,2.6668221107684e-4,0.630340397357941,0.00256195827387273,5870.4,3690.4,7.34
2493,2024,2024,332,Millville,07-11-2024,1325,0.0106028039008379,0.00213105534203351,0.62496942281723,7.7140220673754e-4,2.21524214744568,0.0492298044264317,0.133055061101913,1.22812044620514,0.00117557775229216,0.0383506454527378,0.348976016044617,0.00268627237528563,0.00152244232594967,0.00123633199837059,0.23079240322113,0.260406970977783,3.63307108841582e-8,0.112806633114815,0.323737919330597,0.323737919330597,-0.20264083147049,1.70419085025787,5.0364912021905e-4,-0.102382481098175,-0.102382481098175,0.00121774838771671,0.0383506454527378,-0.142704918980598,1.07208347320557,0.254299968481064,0.135882154107094,2.53217029571533,1.7931520415004e-4,0.62496942281723,0.00248665106482804,5870.4,3690.4,7.34
2493,2024,2024,332,Millville,07-16-2024,1325,0.00294894445687532,0.00240480247884989,0.60716712474823,9.248245623894e-4,2.63289070129395,0.0406841412186623,0.10953463613987,1.31757175922394,0.00148030987475067,0.0182446837425232,0.326891273260117,0.00299587473273277,0.0019945134408772,0.001519356505014,0.244425654411316,0.20091924071312,8.08315832045992e-8,0.108791492879391,0.367517322301865,0.367517322301865,-0.269004613161087,1.5028760433197,5.8158667525276e-4,-0.13702780008316,-0.13702780008316,0.0015419457340613,0.0182446837425232,-0.186165183782578,0.971288204193115,0.244143754243851,0.200832039117813,2.59170508384705,1.0876561282202e-4,0.60716712474823,0.00246739666908979,5870.4,3690.4,7.34
2512,2024,2024,336,Millville,06-05-2024,1343,0.0178424306213856,0.00161474954802543,0.546855449676514,4.5538510312326e-4,0.35687643289566,0.11026206612587,0.368039935827255,0.85247790813446,6.7241536453366e-4,0.178030595183372,0.494748592376709,0.00259580579586327,7.1408657822758e-4,8.4792374400422e-4,0.292945623397827,0.555696547031403,-7.796365331103061e-9,0.225218579173088,0.220347598195076,0.220347598195076,0.158266454935074,3.5014328956604,9.1925059678033e-4,0.079635001718998,0.079635001718998,6.9208972854539e-4,0.178030595183372,0.112656608223915,1.95842552185059,0.581373155117035,-0.0771407634019852,2.41901326179504,4.9562804633751e-4,0.546855449676514,0.00434734951704741,4742.4,2950.4,5.11
2512,2024,2024,336,Millville,06-25-2024,1343,0.00497528538107872,0.00170184660237283,0.615699172019958,5.7008757721632e-4,1.61841320991516,0.0679184570908546,0.181976065039635,1.11711609363556,8.443757542409e-4,0.0704601779580116,0.416395097970963,0.00241479370743036,0.00103465898428112,9.3644484877586e-4,0.237854227423668,0.375760763883591,9.514799614862571e-9,0.166071534156799,0.287403464317322,0.287403464317322,-0.11029976606369,2.20389986038208,0.00064077379647642005,-0.0553186610341072,-0.0553186610341072,8.6900364840403e-4,0.0704601779580116,-0.0784865319728851,1.42697608470917,0.398287177085876,0.0675086602568626,2.67741274833679,2.5009113596752e-4,0.615699172019958,0.003020906355232,4742.4,2950.4,5.11
2512,2024,2024,336,Millville,07-11-2024,1343,0.00596363842487335,0.00216729822568595,0.628054976463318,7.8112020855769e-4,2.33223724365234,0.0564415715634823,0.120801873505116,1.24434208869934,0.00119911809451878,0.0320035070180893,0.375076651573181,0.00279805832542479,0.00156322540715337,0.00124886562116444,0.228459700942039,0.27475506067276,4.10671496808845e-8,0.124754324555397,0.328001469373703,0.328001469373703,-0.215189889073372,1.75768911838531,6.0091697378084e-4,-0.10887023806571999,-0.10887023806571999,0.00124149082694203,0.0320035070180893,-0.151612773537636,1.20039260387421,0.285072714090347,0.144466161727905,2.73936080932617,1.5591004921589e-4,0.628054976463318,0.00285866623744369,4742.4,2950.4,5.11
2512,2024,2024,336,Millville,07-16-2024,1343,0.00102458836045116,0.00251248362474144,0.602875590324402,9.2198676429688e-4,2.67185544967651,0.0461529083549976,0.109158046543598,1.33112442493439,0.00149886310100555,0.0165312197059393,0.349793642759323,0.00316740502603352,0.0020414178725332,0.00153037765994668,0.247757449746132,0.217533245682716,8.73583516636245e-8,0.117368303239346,0.375956922769547,0.375956922769547,-0.278471201658249,1.55601906776428,6.514883134514e-4,-0.142044931650162,-0.142044931650162,0.00156745500862598,0.0165312197059393,-0.191691294312477,1.07594656944275,0.26595076918602,0.202934220433235,2.76839709281921,9.75494695012458e-5,0.602875590324402,0.00273463991470635,4742.4,2950.4,5.11
2528,2024,2024,340,Millville,06-05-2024,1357,0.021461708471179,0.00136768887750804,0.52014172077179,3.2236168044619e-4,0.0454594828188419,0.107184059917927,0.420019596815109,0.771962702274323,4.8273353604599e-4,0.210291504859924,0.563830137252808,0.00231315963901579,4.7572131734341e-4,6.5214681671932e-4,0.315666794776917,0.645144164562225,-6.54792176035812e-9,0.260876357555389,0.203761547803879,0.203761547803879,0.253190666437149,4.63609218597412,8.8175199925899e-4,0.128691956400871,0.128691956400871,5.0216057570651e-4,0.210291504859924,0.182097479701042,2.585369348526,0.70590728521347,-0.108784012496471,2.74198484420776,4.3293152702972e-4,0.52014172077179,0.00421255361288786,9874.4,6278.4000000000005,13.69
2528,2024,2024,340,Millville,06-25-2024,1357,0.016189593821764,0.00132255954667926,0.589567244052887,4.1208948823623e-4,1.60229003429413,0.0587625950574875,0.201308220624924,1.11989438533783,6.3548807520419e-4,0.076143816113472,0.451634913682938,0.00190107000526041,7.819402962923e-4,7.1518559707328e-4,0.258204072713852,0.413121819496155,5.373776534867151e-9,0.182494282722473,0.307149529457092,0.307149529457092,-0.112752944231033,2.40786218643188,5.4310273844748e-4,-0.0565568022429943,-0.0565568022429943,6.5585895208641e-4,0.076143816113472,-0.0793250203132629,1.64720511436462,0.446466088294983,0.0643237009644508,2.91040396690369,2.0234653493389e-4,0.589567244052887,0.00258142896927893,9874.4,6278.4000000000005,13.69
2528,2024,2024,340,Millville,07-11-2024,1357,0.0201269593089819,0.00175233243498951,0.601453244686127,5.6382140610367e-4,2.07357358932495,0.0592532232403755,0.156452089548111,1.21244943141937,8.8556506671011e-4,0.0482886657118797,0.414776772260666,0.00235749664716423,0.0011492803459987,9.4988889759406e-4,0.24886566400528,0.335540115833282,2.01091747698001e-8,0.14510715007782,0.332542508840561,0.332542508840561,-0.190294429659843,2.00996351242065,5.7302741333842e-4,-0.0960245430469513,-0.0960245430469513,9.1891642659902e-4,0.0482886657118797,-0.132196992635727,1.41749930381775,0.339474469423294,0.11825243383646,2.86902046203613,1.7667701467871e-4,0.601453244686127,0.00278784870170057,9874.4,6278.4000000000005,13.69
2528,2024,2024,340,Millville,07-16-2024,1357,0.00664012366905808,0.00195311603602022,0.560978710651398,7.1644101990386e-4,2.58030271530151,0.0303973648697138,0.14358577132225,1.34404933452606,0.00116902578156441,0.0245471615344286,0.334812313318253,0.00240909517742693,0.00160565879195929,0.00120197818614542,0.281247407197952,0.198556527495384,5.52494441308227e-8,0.129825636744499,0.401475340127945,0.401475340127945,-0.287360638380051,1.49549734592438,5.8480905136093e-4,-0.146775633096695,-0.146775633096695,0.00122936558909714,0.0245471615344286,-0.198224917054176,1.00667023658752,0.298390001058578,0.209732130169868,2.69163799285889,1.0985151311615e-4,0.560978710651398,0.00195272720884532,9874.4,6278.4000000000005,13.69
2534,2024,2024,341,Millville,06-05-2024,1363,0.0218742433935404,0.00147091702092439,0.531312823295593,3.8408554974012e-4,0.210895121097565,0.11825704574585,0.39718034863472,0.814698576927185,5.7139177806675e-4,0.195679739117622,0.536079585552216,0.0025272446218878,5.8537162840366e-4,7.4086029781028e-4,0.306068897247314,0.611079335212708,-7.137761937059391e-9,0.247175976634026,0.209699288010597,0.209699288010597,0.202115416526794,4.14243745803833,9.7552762599661e-4,0.102111414074898,0.102111414074898,5.9047067770734e-4,0.195679739117622,0.144069790840149,2.31108689308167,0.656663298606873,-0.0914493948221207,2.59831881523132,4.6241507516242e-4,0.531312823295593,0.00466271629557014,8446.4,5486.4,5.22
2534,2024,2024,341,Millville,06-25-2024,1363,0.0173647031188011,0.00166749197524041,0.539950430393219,4.5699140173383e-4,0.716444849967957,0.0986738130450249,0.329403281211853,0.935203373432159,7.071511936374e-4,0.151138156652451,0.478939056396484,0.00251196976751089,7.9689419362694e-4,8.6611532606184e-4,0.298743069171906,0.510272979736328,-4.00635702391128e-9,0.196261361241341,0.273356586694717,0.273356586694717,0.066891223192215,3.08390927314758,7.8134814975783e-4,0.0334831103682518,0.0334831103682518,7.3071889346465e-4,0.151138156652451,0.0471378602087498,1.83832263946533,0.488371104001999,-0.0342297777533531,2.61106443405151,4.4066712143831e-4,0.539950430393219,0.00400990108028054,8446.4,5486.4,5.22
2534,2024,2024,341,Millville,07-11-2024,1363,0.0167754571884871,0.0019853136036545,0.581422984600067,6.2258105026558e-4,1.99029695987701,0.0685072690248489,0.176222935318947,1.2082998752594,0.00100638507865369,0.0558265075087547,0.412067830562592,0.00268805935047567,0.00131305342074484,0.00108841271139681,0.264688640832901,0.332776337862015,2.57411940651764e-8,0.141144722700119,0.350565284490585,0.350565284490585,-0.186988115310669,1.99749565124512,6.5238506067544e-4,-0.0943259075284004,-0.0943259075284004,0.00104672752786428,0.0558265075087547,-0.127872869372368,1.40175294876099,0.32868105173111,0.114753037691116,2.89367508888245,2.2481181076727e-4,0.581422984600067,0.00325221265666187,8446.4,5486.4,5.22
2534,2024,2024,341,Millville,07-16-2024,1363,0.00322381965816021,0.0025975126773119,0.589383065700531,9.1718562180176e-4,2.5051965713501,0.0520667284727097,0.127979218959808,1.30640923976898,0.0015027621993795,0.0257103107869625,0.357982367277145,0.00326177966780961,0.00203540665097535,0.00155477179214358,0.258349865674973,0.235449403524399,8.21449788190876e-8,0.116522692143917,0.378568798303604,0.378568798303604,-0.261094242334366,1.61591577529907,6.5694749355316e-4,-0.13285119831562,-0.13285119831562,0.00157192186452448,0.0257103107869625,-0.178836464881897,1.11517930030823,0.2637819647789,0.185939282178879,2.76505637168884,1.5570801042486e-4,0.589383065700531,0.00291472510434687,8446.4,5486.4,5.22
2538,2024,2024,342,Millville,06-05-2024,1366,0.0220239777117968,0.0014273296110332,0.529349505901337,3.8415991002693e-4,0.181571632623672,0.112292736768723,0.395249754190445,0.808327496051788,5.6722376029938e-4,0.195881739258766,0.529791653156281,0.00249699340201914,5.8023905148729e-4,7.2992622153833e-4,0.307745546102524,0.606755316257477,-8.0309527916711e-9,0.265395283699036,0.209860861301422,0.209860861301422,0.209633558988571,4.08589315414429,9.9511398002505e-4,0.105994381010532,0.105994381010532,5.8568286476656e-4,0.195881739258766,0.150198921561241,2.2534339427948,0.72255265712738,-0.100312933325768,2.53797483444214,4.8066608724184e-4,0.529349505901337,0.00444388156756759,5830.4,3894.4,2.75
2538,2024,2024,342,Millville,06-25-2024,1366,0.0108068939298391,0.00153795082587749,0.582977950572968,4.5155096449889e-4,0.927954852581024,0.094328984618187,0.271083146333694,0.984621167182922,6.6414911998435e-4,0.121270783245564,0.500959813594818,0.00237620039843023,7.6059607090428e-4,7.8830169513821e-4,0.263441473245621,0.509193420410156,-8.327444289690791e-10,0.218283668160439,0.256717532873154,0.256717532873154,0.0154971303418279,3.0749249458313,8.176636765711e-4,0.00774903036653996,0.00774903036653996,6.8358896533027e-4,0.121270783245564,0.0109482277184725,2.00769281387329,0.558472812175751,-0.00793215911835432,2.86652493476868,3.5390377161093e-4,0.582977950572968,0.00389081961475313,5830.4,3894.4,2.75
2538,2024,2024,342,Millville,07-11-2024,1366,0.0182754285633564,0.00192426762077957,0.596745073795319,6.4111006213352e-4,2.00454926490784,0.0663098618388176,0.165372952818871,1.20322871208191,0.00100864924024791,0.0533945895731449,0.410323470830917,0.00261840387247503,0.00129803677555174,0.00108329800423235,0.252548098564148,0.32957535982132,2.42855087151383e-8,0.149954319000244,0.33659690618515,0.33659690618515,-0.182926192879677,1.98318409919739,6.6127860918641e-4,-0.0922413021326065,-0.0922413021326065,0.00104686967097223,0.0533945895731449,-0.126440986990929,1.39169001579285,0.352814733982086,0.11523874104023,2.87769770622253,2.1926403860561e-4,0.596745073795319,0.00313899922184646,5830.4,3894.4,2.75
2538,2024,2024,342,Millville,07-16-2024,1366,0.0113323051482439,0.00220474041998386,0.577110290527344,7.4724352452904e-4,2.34809756278992,0.0491655766963959,0.146830186247826,1.28285002708435,0.00123339693527669,0.0355598963797092,0.366442799568176,0.00286261388100684,0.0016552786109969,0.00129982375074178,0.268142133951187,0.250377506017685,5.13651556843797e-8,0.12909708917141,0.379656583070755,0.379656583070755,-0.244057565927505,1.66800963878632,6.1932048993185e-4,-0.123902134597301,-0.123902134597301,0.00128988490905613,0.0355598963797092,-0.166177615523338,1.15677881240845,0.296467214822769,0.17240734398365,2.78158974647522,1.8321772222407e-4,0.577110290527344,0.00268541113473475,5830.4,3894.4,2.75
2590,2024,2024,354,Millville,06-05-2024,1413,0.0168875586241484,0.00128738768398762,0.570290148258209,3.5241883597336e-4,0.666913986206055,0.0713007524609566,0.304007738828659,0.929003894329071,5.2914838306605e-4,0.14196939766407,0.480493307113647,0.00198625237680972,5.6838715681806e-4,6.6186190815642e-4,0.273649960756302,0.515130043029785,-2.01666749966023e-9,0.206707373261452,0.247193336486816,0.247193336486816,0.073509737849235507,3.12481737136841,5.8863253798335e-4,0.0368046574294567,0.0368046574294567,5.475734360516e-4,0.14196939766407,0.0524433963000774,1.84980607032776,0.521137833595276,-0.0379279218614101,2.59124445915222,3.1761426362209e-4,0.570290148258209,0.00290762167423964,9518.4,6466.4,5.93
2590,2024,2024,354,Millville,06-25-2024,1413,0.00686684949323535,0.00140033988282084,0.616165220737457,4.6780525008216e-4,1.60069620609283,0.0557408556342125,0.186059087514877,1.11394143104553,6.9525995058938e-4,0.0711058899760246,0.4101881980896,0.00195491453632712,8.4612111095339e-4,7.761693559587e-4,0.23749728500843,0.374750763177872,6.0964988612966e-9,0.15989662706852,0.283310562372208,0.283310562372208,-0.107487685978413,2.19872450828552,4.7740174341015e-4,-0.053899984806776,-0.053899984806776,7.1481626946479e-4,0.0711058899760246,-0.076141893863678,1.39091205596924,0.380659341812134,0.0650372952222824,2.58046936988831,2.1732106688432e-4,0.616165220737457,0.00244340114295483,9518.4,6466.4,5.93
2590,2024,2024,354,Millville,07-11-2024,1413,0.0146664045751095,0.00176534405909479,0.612129151821136,5.82026084885e-4,2.13823771476746,0.0515509769320488,0.147240161895752,1.2213214635849,9.0917665511369e-4,0.0440175011754036,0.39793336391449,0.00231091026216745,0.00117688707541674,9.7024609567597e-4,0.240595385432243,0.313107490539551,2.18455316058908e-8,0.13202466070652,0.329594105482101,0.329594105482101,-0.197311401367188,1.91166377067566,5.1580532453954e-4,-0.0996350720524788,-0.0996350720524788,9.4041717238724e-4,0.0440175011754036,-0.13744044303894,1.3218914270401,0.304212927818298,0.126823708415031,2.77698945999146,1.6479009354952e-4,0.612129151821136,0.00248161377385259,9518.4,6466.4,5.93
2590,2024,2024,354,Millville,07-16-2024,1413,0.00413119187578559,0.00240461435168982,0.601955533027649,8.9789158664643e-4,2.67423510551453,0.0450663268566132,0.110182650387287,1.33046305179596,0.0014502078993246,0.0163890495896339,0.346027344465256,0.00302664027549326,0.00196699425578117,0.00148450303822756,0.248474076390266,0.215655297040939,7.99644297444502e-8,0.116076275706291,0.376646041870117,0.376646041870117,-0.278012722730637,1.54989922046661,6.2791258096694e-4,-0.141801446676254,-0.141801446676254,0.00151689420454204,0.0163890495896339,-0.191480100154877,1.05823171138763,0.262638688087463,0.20181043446064,2.74560689926147,9.23644620343111e-5,0.601955533027649,0.00265475688502192,9518.4,6466.4,5.93
2600,2024,2024,356,Millville,06-05-2024,1422,0.0125874653458595,0.00180077739059925,0.63652366399765,7.1927084354683e-4,1.66056048870087,0.0559363625943661,0.156486734747887,1.11121118068695,0.00106887228321284,0.0606044605374336,0.349846363067627,0.00248123006895185,0.00133067695423961,0.00115101726260036,0.222102671861649,0.285816937685013,1.61143383081708e-8,0.143612161278725,0.252460569143295,0.252460569143295,-0.10506147146225,1.80040240287781,5.7946756714955e-4,-0.0526764988899231,-0.0526764988899231,0.00109884236007929,0.0606044605374336,-0.0764909163117409,1.07619595527649,0.335390478372574,0.0750785693526268,2.28114008903503,2.7581048198044e-4,0.63652366399765,0.00255130999721587,4006.3999999999996,2602.4,4.16
2600,2024,2024,356,Millville,06-25-2024,1422,0.00896131806075573,0.0018875029636547,0.66097766160965,8.0101808998733e-4,2.17116165161133,0.0447109565138817,0.112884432077408,1.19213438034058,0.00116119103040546,0.0353831201791763,0.320905715227127,0.00240222527645528,0.00146614096593112,0.00121056567877531,0.204110100865364,0.236250415444374,2.99579134832584e-8,0.116176106035709,0.287665635347366,0.287665635347366,-0.173958078026772,1.61865949630737,4.8465232248418e-4,-0.0876472145318985,-0.0876472145318985,0.00119003839790821,0.0353831201791763,-0.126608729362488,0.945099055767059,0.262894243001938,0.124218136072159,2.34688448905945,1.6498050536029e-4,0.66097766160965,0.00225243763998151,4006.3999999999996,2602.4,4.16
2600,2024,2024,356,Millville,07-11-2024,1422,0.0112011330202222,0.00223890459164977,0.636439204216003,8.9596968609839e-4,2.34229922294617,0.0454640500247478,0.1150733679533,1.23899126052856,0.00135014241095632,0.0303235519677401,0.324737727642059,0.00278350408188999,0.00175887462683022,0.00139935757033527,0.222165763378143,0.21493199467659,5.23187964063254e-8,0.105293393135071,0.321307510137558,0.321307510137558,-0.211076349020004,1.54755008220673,5.232417024672e-4,-0.106740638613701,-0.106740638613701,0.00139683799352497,0.0303235519677401,-0.149882346391678,0.961812198162079,0.235369652509689,0.151573345065117,2.48310017585754,1.6503309598192e-4,0.636439204216003,0.00247337319888175,4006.3999999999996,2602.4,4.16
2600,2024,2024,356,Millville,07-16-2024,1422,0.00213662814348936,0.00253026699647307,0.606853663921356,9.643433149904e-4,2.54535961151123,0.0443925075232983,0.115843959152699,1.30156910419464,0.00154366972856224,0.0225771721452475,0.32923486828804,0.00317455898039043,0.00206810957752168,0.00159287662245333,0.244668394327164,0.204919010400772,8.389739747372e-8,0.112154550850391,0.364424973726273,0.364424973726273,-0.257632076740265,1.51546704769135,6.3463096739724e-4,-0.131027579307556,-0.131027579307556,0.00160692015197128,0.0225771721452475,-0.178406283259392,0.981669485569,0.252644270658493,0.191387161612511,2.58542537689209,1.4216797717381e-4,0.606853663921356,0.00263674580492079,4006.3999999999996,2602.4,4.16
2622,2024,2024,361,Millville,06-05-2024,1442,0.00872749928385019,0.0016368223587051,0.605685591697693,5.664742202498e-4,0.900725245475769,0.0845289900898933,0.255324006080627,0.979613125324249,8.154526585713e-4,0.11479864269495,0.426395207643509,0.00247552501969039,9.2123041395098e-4,9.5368776237592e-4,0.245573833584785,0.435968518257141,-1.4747438825679602e-9,0.18887947499752,0.233376994729042,0.233376994729042,0.0205946508795023,2.54590153694153,7.4629351729527e-4,0.0102984169498086,0.0102984169498086,8.382360683754e-4,0.11479864269495,0.0145562589168549,1.48672115802765,0.465724855661392,-0.0110597107559443,2.35950565338135,3.7963458453305e-4,0.605685591697693,0.00348629965446889,3594.3999999999996,2378.3999999999996,4.96
2622,2024,2024,361,Millville,06-25-2024,1442,0.00682415533810854,0.00169449427630752,0.5886390209198,5.531555507332e-4,1.0113890171051,0.0865821689367294,0.261241525411606,1.00227546691895,8.1215781392529e-4,0.115697883069515,0.43048083782196,0.00248403870500624,9.4406836433336e-4,9.4488053582608e-4,0.258939236402512,0.436771482229233,2.13843942553638e-10,0.181972727179527,0.260790795087814,0.260790795087814,-0.00227287691086531,2.55095672607422,7.2356587043032e-4,-0.00113642436917871,-0.00113642436917871,8.3399738650769e-4,0.115697883069515,-0.00164760695770383,1.51173436641693,0.444906294345856,0.00120707449968904,2.4915566444397,3.8053671596571e-4,0.5886390209198,0.00358287617564201,3594.3999999999996,2378.3999999999996,4.96
2622,2024,2024,361,Millville,07-11-2024,1442,0.00642264215275645,0.00210306257940829,0.608080148696899,7.4577372288331e-4,2.21455669403076,0.0581147931516171,0.141740173101425,1.2389543056488,0.00116603821516037,0.0400985144078732,0.373907089233398,0.00272053014487028,0.00152262672781944,0.00122980703599751,0.243719130754471,0.277571469545364,3.89335461647988e-8,0.123125560581684,0.339863270521164,0.339863270521164,-0.211047738790512,1.76843988895416,5.9878395404666e-4,-0.106725834310055,-0.106725834310055,0.00120941177010536,0.0400985144078732,-0.146788284182549,1.19441401958466,0.280828267335892,0.140313491225243,2.72137141227722,1.8986748182214e-4,0.608080148696899,0.00293278344906867,3594.3999999999996,2378.3999999999996,4.96
2622,2024,2024,361,Millville,07-16-2024,1442,0.00331935426220298,0.00241782888770103,0.595109343528748,8.7729276856407e-4,2.51311254501343,0.0467705056071281,0.125793278217316,1.30542373657227,0.00142547185532749,0.0253752563148737,0.342852562665939,0.00306180887855589,0.0019213636405766,0.00147492357064039,0.253832548856735,0.21976874768734,7.29306606217506e-8,0.113555952906609,0.37346825003624,0.37346825003624,-0.260390937328339,1.56334257125854,6.1264692340046e-4,-0.132480531930923,-0.132480531930923,0.00148843950591981,0.0253752563148737,-0.178622484207153,1.04345703125,0.256205588579178,0.18756490945816,2.67322039604187,1.442295324523e-4,0.595109343528748,0.00268937763758004,3594.3999999999996,2378.3999999999996,4.96
2654,2024,2024,368,Millville,06-05-2024,1471,0.0315671227872372,0.00131240708287805,0.563208699226379,3.8066948764026e-4,0.357062458992004,0.0872356593608856,0.345501810312271,0.860313773155212,5.4640910821035e-4,0.167832016944885,0.489112228155136,0.00208436814136803,5.7097926037386e-4,6.9152144715189e-4,0.279419660568237,0.552036821842194,-4.85133844208008e-9,0.226949691772461,0.205613002181053,0.205613002181053,0.149332970380783,3.46465277671814,7.2872405871748e-4,0.0750874653458595,0.0750874653458595,5.6279922137036e-4,0.167832016944885,0.107477985322475,1.91475439071655,0.587153851985931,-0.0748074278235435,2.39541149139404,3.8228605990298e-4,0.563208699226379,0.00346438982523978,5114.4,3538.3999999999996,1.43
2654,2024,2024,368,Millville,06-25-2024,1471,0.0217296238988638,0.00142499187495559,0.612745702266693,4.45378216682e-4,1.25607657432556,0.0672610327601433,0.214344471693039,1.04929757118225,6.5930001437664e-4,0.0907047092914581,0.445502370595932,0.00209320080466568,7.6903525041416e-4,7.6907809125259e-4,0.240121155977249,0.424440056085587,2.4912532037291203e-9,0.187766164541245,0.266858786344528,0.266858786344528,-0.0480838008224964,2.47487688064575,6.0384749667719e-4,-0.0240558125078678,-0.0240558125078678,6.7826232407242e-4,0.0907047092914581,-0.0345714539289474,1.60686862468719,0.462345093488693,0.0278504230082035,2.69464659690857,2.6250822702422e-4,0.612745702266693,0.00288178585469723,5114.4,3538.3999999999996,1.43
2654,2024,2024,368,Millville,07-11-2024,1471,0.0332852713763714,0.0016902640927583,0.620703876018524,5.7335861492902e-4,2.3461217880249,0.0476899184286594,0.123185113072395,1.24916172027588,9.0333708794787e-4,0.031203955411911,0.389812260866165,0.00222063390538096,0.00118437199853361,9.5354486256837e-4,0.234031707048416,0.290698796510696,2.41538913314798e-8,0.131011784076691,0.336365967988968,0.336365967988968,-0.218873605132103,1.81967663764954,4.9997423775494e-4,-0.110779829323292,-0.110779829323292,9.378440445289e-4,0.031203955411911,-0.154219329357147,1.27767944335938,0.301527202129364,0.146195888519287,2.81228184700012,1.2409444025252e-4,0.620703876018524,0.0023963013663888,5114.4,3538.3999999999996,1.43
2654,2024,2024,368,Millville,07-16-2024,1471,0.0115248467773199,0.00205370341427624,0.603223085403442,7.4748299084603e-4,2.51316666603088,0.0451839305460453,0.120036102831364,1.29669487476349,0.00118616071995348,0.0245933495461941,0.36432883143425,0.00265979534015059,0.00158278760500252,0.0012253918685019,0.247487053275108,0.24736399948597,4.72155470276903e-8,0.128115996718407,0.364543855190277,0.364543855190277,-0.25412592291832,1.65732705593109,5.8725324925035e-4,-0.129183441400528,-0.129183441400528,0.00123626389540732,0.0245933495461941,-0.175528898835182,1.14628076553345,0.293883115053177,0.180718868970871,2.78342056274414,1.1811538570327e-4,0.603223085403442,0.00248424732126296,5114.4,3538.3999999999996,1.43
2690,2024,2024,376,Millville,06-05-2024,1503,0.0404168404638767,0.00141721020918339,0.473238259553909,3.005716134794e-4,0.0269692521542311,0.115464858710766,0.49039563536644,0.737531542778015,4.7546255518682e-4,0.250422567129135,0.566759645938873,0.00243411352857947,4.6518514864146e-4,6.6993536893278e-4,0.357553660869598,0.669593811035156,-7.843281579766881e-9,0.271816492080688,0.22017103433609,0.22017103433609,0.295376390218735,5.05315589904785,9.8745466675609e-4,0.151058226823807,0.151058226823807,4.986974527128e-4,0.250422567129135,0.205968335270882,2.61637496948242,0.746560454368591,-0.125038534402847,2.49928283691406,4.8530628555454e-4,0.473238259553909,0.00452530989423394,10686.4,7170.4,15.17
2690,2024,2024,376,Millville,06-25-2024,1503,0.0293008517473936,0.00165493728127331,0.561522722244263,4.633562057279e-4,1.2353104352951,0.082838274538517,0.253773272037506,1.05041682720184,7.3538732249289e-4,0.105052798986435,0.473750233650208,0.00234248535707593,8.88780108653e-4,8.508144528605e-4,0.280801057815552,0.458426088094711,3.3544913513594603e-9,0.185359224677086,0.297036498785019,0.297036498785019,-0.0491474643349648,2.69293999671936,6.9093814818188e-4,-0.0245885886251926,-0.0245885886251926,7.6046132016927e-4,0.105052798986435,-0.0340228676795959,1.80047678947449,0.455069810152054,0.0267166513949633,2.84427642822266,3.1910685356706e-4,0.561522722244263,0.00348294293507934,10686.4,7170.4,15.17
2690,2024,2024,376,Millville,07-11-2024,1503,0.0409190729260445,0.00193989102263004,0.579924702644348,5.6696316460147e-4,2.00857639312744,0.0707106217741966,0.174835532903671,1.20887875556946,9.2494755517691e-4,0.0540072545409203,0.440567821264267,0.00260969717055559,0.00120522652287036,0.00100071891210973,0.265883088111877,0.361686855554581,2.22106901759389e-8,0.146831721067429,0.342344135046005,0.342344135046005,-0.187450304627419,2.13325834274292,6.3024007249623e-4,-0.0945632606744766,-0.0945632606744766,9.617586620152e-4,0.0540072545409203,-0.129085600376129,1.57505357265472,0.344203412532806,0.112713672220707,3.05333495140076,2.091147180181e-4,0.579924702644348,0.00326567399315536,10686.4,7170.4,15.17
2690,2024,2024,376,Millville,07-16-2024,1503,0.00732174469158053,0.00245575373992324,0.588371694087982,8.7149650789797e-4,2.42617583274841,0.0474377050995827,0.135524809360504,1.29282212257385,0.00142525706905872,0.0301233269274235,0.354167759418488,0.00310710933990777,0.00191524997353554,0.00149159191641957,0.259151101112366,0.233031168580055,6.97268873750545e-8,0.122767820954323,0.373531132936478,0.373531132936478,-0.251325726509094,1.60766792297363,6.4029137138277e-4,-0.127712473273277,-0.127712473273277,0.0014891296159476,0.0301233269274235,-0.171864613890648,1.09677946567535,0.279898166656494,0.182280823588371,2.70084071159363,1.7496390501037e-4,0.588371694087982,0.00268442812375724,10686.4,7170.4,15.17
2691,2024,2024,376,Millville,06-05-2024,1504,0.0406867079436779,0.00152010482270271,0.466115027666092,3.2826646929606e-4,-0.187981680035591,0.13900168240070301,0.5192631483078,0.679184794425964,5.0478987395763e-4,0.271910011768341,0.5823575258255,0.00273707485757768,4.7392622218467e-4,7.1728322654962e-4,0.364149451255798,0.69556075334549,-1.18117053915512e-8,0.282844245433807,0.194551780819893,0.194551780819893,0.368651866912842,5.56945562362671,0.00114841863978654,0.191054150462151,0.191054150462151,5.3023011423647e-4,0.271910011768341,0.26303032040596,2.78878474235535,0.788794457912445,-0.151984855532646,2.44316673278809,5.9149198932573e-4,0.466115027666092,0.00538591854274273,11878.4,7766.4,6.19
2691,2024,2024,376,Millville,06-25-2024,1504,0.0329420678317547,0.0017594899982214,0.548240602016449,4.8555282410234e-4,1.11613500118256,0.0939852148294449,0.276358902454376,1.02500522136688,7.662012358196e-4,0.116076789796352,0.484147876501083,0.00251858192496002,9.1382983373478e-4,8.9999358169734e-4,0.291788905858994,0.479028791189194,1.9329309264293203e-9,0.187040835618973,0.296479940414429,0.296479940414429,-0.0246927179396152,2.83898377418518,7.7136413892731e-4,-0.0123482411727309,-0.0123482411727309,7.9141545575112e-4,0.116076789796352,-0.0171552989631891,1.87708079814911,0.460148185491562,0.0132686840370297,2.86003637313843,3.8111850153654e-4,0.548240602016449,0.00392697239294648,11878.4,7766.4,6.19
2691,2024,2024,376,Millville,07-11-2024,1504,0.0333064012229443,0.00201982748694718,0.575714707374573,5.9336761478334e-4,1.99264013767242,0.0751639828085899,0.178282216191292,1.20592319965363,9.5816288376227e-4,0.0557259134948254,0.44014436006546,0.00273979222401977,0.00125049008056521,0.00104417931288481,0.269265294075012,0.366785109043121,2.40399238293776e-8,0.147122502326965,0.347096145153046,0.347096145153046,-0.185087308287621,2.15848541259766,6.7692651646211e-4,-0.0933501049876213,-0.0933501049876213,9.9903938826173e-4,0.0557259134948254,-0.127560377120972,1.57234954833984,0.3450026512146,0.110827818512917,3.02173614501953,2.2361625451594e-4,0.575714707374573,0.00346668041311204,11878.4,7766.4,6.19
2691,2024,2024,376,Millville,07-16-2024,1504,0.00257712719030678,0.00229542679153383,0.605612576007843,8.8787340791896e-4,2.56354832649231,0.040793240070343,0.116901621222496,1.30807960033417,0.00141762790735811,0.0219856146723032,0.32890596985817,0.00286476733162999,0.00190318061504513,0.00145847036037594,0.245630472898483,0.205411449074745,7.0718812139603e-8,0.114327557384968,0.367795795202255,0.367795795202255,-0.26228454709053,1.5170259475708,5.7740951888263e-4,-0.133478760719299,-0.133478760719299,0.00147669634316117,0.0219856146723032,-0.181061550974846,0.980208337306976,0.258171200752258,0.194906279444695,2.59453248977661,1.2283613614272e-4,0.605612576007843,0.00240058358758688,11878.4,7766.4,6.19
2694,2024,2024,377,Millville,06-05-2024,1506,0.0129505302757025,0.00141927436925471,0.556813538074493,4.079639329575e-4,0.234686866402626,0.0972202196717262,0.365123480558395,0.832993507385254,5.8681849623099e-4,0.178220063447952,0.491117984056473,0.00225783814676106,6.0514116194099e-4,7.5266708154231e-4,0.284675389528275,0.560384213924408,-6.4702891933166e-9,0.229852259159088,0.199536144733429,0.199536144733429,0.180722430348396,3.54942727088928,8.1358582247048e-4,0.0911113247275352,0.0911113247275352,6.0370482970029e-4,0.178220063447952,0.133835792541504,1.93018400669098,0.596904337406158,-0.090538002550602,2.39362192153931,4.3686246499419e-4,0.556813538074493,0.00383677752688527,6866.4,4518.4,4.89
2694,2024,2024,377,Millville,06-25-2024,1506,0.00490787671878934,0.00151547894347459,0.618823111057281,4.8764553503133e-4,1.66964137554169,0.0661814287304878,0.176391005516052,1.1262629032135,7.2608998743817e-4,0.0668133348226547,0.446762412786484,0.00215695053339005,8.9411332737654e-4,8.0025562783703e-4,0.235465452075005,0.393763899803162,7.665141410484471e-9,0.168870359659195,0.293261915445328,0.293261915445328,-0.118347741663456,2.2990448474884,5.9147592401132e-4,-0.0593825355172157,-0.0593825355172157,7.4638123624026e-4,0.0668133348226547,-0.0838291347026825,1.61508333683014,0.40636345744133,0.0683660134673119,2.88411545753479,2.2056276793591e-4,0.618823111057281,0.00293514970690012,6866.4,4518.4,4.89
2694,2024,2024,377,Millville,07-11-2024,1506,0.00602445239201188,0.00179700006265193,0.618574559688568,6.1946536879986e-4,2.16994857788086,0.0542896874248981,0.138888224959373,1.22340965270996,9.5788168255239e-4,0.0412391647696495,0.387588679790497,0.00237328512594104,0.00124248990323395,0.00101340794935822,0.235655158758163,0.299352467060089,2.41835351744157e-8,0.134967967867851,0.328751713037491,0.328751713037491,-0.198952615261078,1.85450232028961,5.482382257469e-4,-0.100480653345585,-0.100480653345585,9.9324225448072e-4,0.0412391647696495,-0.139129057526588,1.2657790184021,0.312053114175797,0.128979161381721,2.76800131797791,1.6096379840746e-4,0.618574559688568,0.00267352210357785,6866.4,4518.4,4.89
2694,2024,2024,377,Millville,07-16-2024,1506,0.00480332737788558,0.00225361087359488,0.591711223125458,7.9692597500979e-4,2.52965378761292,0.0467011891305447,0.124758467078209,1.31040287017822,0.00129884982015938,0.0244640149176121,0.365051418542862,0.00289375358261168,0.00175681186374277,0.00135285826399922,0.256509304046631,0.242013946175575,6.11107040526804e-8,0.127481713891029,0.377806901931763,0.377806901931763,-0.263936132192612,1.63857090473175,6.3029769808054e-4,-0.134350091218948,-0.134350091218948,0.00135720439720899,0.0244640149176121,-0.180699825286865,1.14986145496368,0.292215555906296,0.18874354660511,2.80433201789856,1.269547647098e-4,0.591711223125458,0.00263338466174901,6866.4,4518.4,4.89
2734,2024,2024,386,Millville,06-05-2024,1543,0.0141336182132363,0.00155092042405158,0.552321553230286,4.3648335849866e-4,0.171180829405785,0.107908494770527,0.384435057640076,0.81233161687851,6.3559028785675e-4,0.190696254372597,0.502809762954712,0.00245549948886037,6.5220182295888e-4,8.1707857316359e-4,0.288392871618271,0.58130007982254,-7.74915243084706e-9,0.233430087566376,0.20135223865509,0.20135223865509,0.204904541373253,3.77669095993042,9.1269466793164e-4,0.103550873696804,0.103550873696804,6.5576966153457e-4,0.190696254372597,0.148835107684135,2.02260565757751,0.609024941921234,-0.0988634005188942,2.39848351478577,4.7254751552827e-4,0.552321553230286,0.0042643966153264,7298.4000000000005,4654.4,7.28
2734,2024,2024,386,Millville,06-25-2024,1543,0.00672380067408085,0.00169823493342847,0.576022386550903,5.0318811554461e-4,1.19180476665497,0.0880002304911613,0.25556468963623,1.04132556915283,7.6620874460786e-4,0.107645213603973,0.457698136568069,0.00241813436150551,9.1963884187862e-4,8.8951643556356e-4,0.269017487764359,0.446749150753021,2.7324995599542502e-9,0.183307737112045,0.286827862262726,0.286827862262726,-0.0404724292457104,2.61499691009521,7.4471649713814e-4,-0.0202445089817047,-0.0202445089817047,7.9122860915958e-4,0.107645213603973,-0.0279980637133121,1.68798303604126,0.44890284538269,0.0215660724788904,2.77190017700195,3.3614679705351e-4,0.576022386550903,0.0037122368812561,7298.4000000000005,4654.4,7.28
2734,2024,2024,386,Millville,07-11-2024,1543,0.0097605986520648,0.00198813178576529,0.586338937282562,6.4482109155505e-4,1.87219500541687,0.0725736171007156,0.184665843844414,1.18382251262665,0.0010163439437747,0.0625109821557999,0.408690959215164,0.00266233924776316,0.00129874353297055,0.00111083558294922,0.260764628648758,0.344351291656494,2.24847802599015e-8,0.14716799557209,0.332827061414719,0.332827061414719,-0.167164891958237,2.05041408538818,6.6509388852864e-4,-0.0841746628284454,-0.0841746628284454,0.00105270370841026,0.0625109821557999,-0.114189393818378,1.38232612609863,0.345127731561661,0.100690461695194,2.78092932701111,2.5208451552316e-4,0.586338937282562,0.00329085299745202,7298.4000000000005,4654.4,7.28
2734,2024,2024,386,Millville,07-16-2024,1543,0.00380555656738579,0.00249521271325648,0.59322988986969,9.2000066069886e-4,2.56463360786438,0.047980535775423,0.120270200073719,1.30968642234802,0.0014850408770144,0.0222281720489264,0.345122277736664,0.00315266475081444,0.00200033164583147,0.00153423415031284,0.255311608314514,0.218235865235329,7.99461474798591e-8,0.114712432026863,0.376607656478882,0.376607656478882,-0.263427376747131,1.5583164691925,6.4320582896471e-4,-0.134081616997719,-0.134081616997719,0.00154976954218,0.0222281720489264,-0.18157234787941,1.0540052652359,0.259152919054031,0.193263038992882,2.69653248786926,1.3425962242763e-4,0.59322988986969,0.00281362165696919,7298.4000000000005,4654.4,7.28
2740,2024,2024,387,Millville,06-05-2024,1548,0.00633614649996161,0.00148791365791112,0.601270914077759,5.0563702825456e-4,0.476130157709122,0.0870641767978668,0.300916969776154,0.895081639289856,7.0974946720525e-4,0.143549293279648,0.431959420442581,0.00225244485773146,7.6015468221157e-4,8.6170487338677e-4,0.249007880687714,0.477270364761353,-5.4258482151681206e-9,0.200224369764328,0.20362363755703,0.20362363755703,0.110388621687889,2.82606959342957,7.3193950811401e-4,0.0553634911775589,0.0553634911775589,7.2651478694751e-4,0.143549293279648,0.081371121108532,1.52087569236755,0.500701308250427,-0.0623106211423874,2.25201845169067,4.1590273031033e-4,0.601270914077759,0.00348737090826035,6686.4,4486.4,8.4
2740,2024,2024,387,Millville,06-25-2024,1548,0.0033487225882709,0.00162136997096241,0.622902929782867,5.8141781482845e-4,1.42882323265076,0.067911259829998,0.197550714015961,1.07938194274902,8.3431514212861e-4,0.0795563757419586,0.398008435964584,0.00222162529826164,9.9705427419394e-4,9.2857342679053e-4,0.23235958814621,0.369445294141769,6.44718989306625e-9,0.153951168060303,0.269762605428696,0.269762605428696,-0.0762403830885887,2.17181062698364,5.7552731595933e-4,-0.0381757467985153,-0.0381757467985153,8.5569790098816e-4,0.0795563757419586,-0.0547817014157772,1.32230579853058,0.363929718732834,0.0465539619326591,2.50066828727722,2.7476344257593e-4,0.622902929782867,0.00293495156802237,6686.4,4486.4,8.4
2740,2024,2024,387,Millville,07-11-2024,1548,0.00729726161807775,0.00190843490418047,0.621361911296844,6.9520162651315e-4,2.26276302337646,0.0486013330519199,0.130799323320389,1.24038505554199,0.0010661908891052,0.0364919006824493,0.359147965908051,0.00243689981289208,0.00138437142595649,0.00111763959284872,0.233530879020691,0.260785341262817,3.20450439517117e-8,0.119704037904739,0.332067847251892,0.332067847251892,-0.212150245904922,1.70557415485382,5.1323289517313e-4,-0.107296302914619,-0.107296302914619,0.00110441748984158,0.0364919006824493,-0.148059949278831,1.12084519863129,0.271963149309158,0.142160922288895,2.64321708679199,1.5578127931803e-4,0.621361911296844,0.00247963354922831,6686.4,4486.4,8.4
2740,2024,2024,387,Millville,07-16-2024,1548,0.00164321553893387,0.00237042782828212,0.610005915164948,8.9873612159863e-4,2.63049459457397,0.0411460995674133,0.108933307230473,1.31897461414337,0.00144368619658053,0.0184311307966709,0.336493611335754,0.00295795034617186,0.00194256822578609,0.00147860869765282,0.242231488227844,0.208303019404411,7.63201342124376e-8,0.110166020691395,0.367128312587738,0.367128312587738,-0.269991427659988,1.52621912956238,5.8011955115944e-4,-0.137549817562103,-0.137549817562103,0.00150294578634202,0.0184311307966709,-0.186759695410728,1.014289021492,0.24761027097702001,0.198167279362679,2.65138459205627,1.044309901772e-4,0.610005915164948,0.00247073592618108,6686.4,4486.4,8.4
2742,2024,2024,388,Millville,06-05-2024,1550,0.022183321416378,0.00139701529406011,0.555593371391296,4.1557705844752e-4,0.317400544881821,0.096257209777832,0.361099720001221,0.848114371299744,6.0119770932942e-4,0.175848081707954,0.481764644384384,0.00224596937187016,6.319576059468e-4,7.5651943916454e-4,0.285683035850525,0.546293795108795,-6.8993375457182504e-9,0.225198358297348,0.205689907073975,0.205689907073975,0.163265451788902,3.4081392288208,8.0426392378285e-4,0.0821840986609459,0.0821840986609459,6.1796500813216e-4,0.175848081707954,0.11722968518734,1.85925030708313,0.581305861473083,-0.0840398892760277,2.35635852813721,4.4987592264078e-4,0.555593371391296,0.00379632390104234,5326.4,3406.3999999999996,1.21
2742,2024,2024,388,Millville,06-25-2024,1550,0.030310645699501,0.00152077781967819,0.583279490470886,4.7971282037906e-4,1.13488328456879,0.0771348625421524,0.251124620437622,1.0276350975036601,7.1675912477076e-4,0.107706032693386,0.44876828789711,0.00219654012471437,8.4525311831384e-4,8.2863110583275e-4,0.263200849294662,0.438333362340927,1.7747731062556202e-9,0.180864259600639,0.274568557739258,0.274568557739258,-0.0272534508258104,2.56083106994629,6.4205541275441e-4,-0.013629256747663,-0.013629256747663,7.3721894295886e-4,0.107706032693386,-0.0193328317254782,1.62823832035065,0.441597759723663,0.0153318597003818,2.66437196731567,3.215245087631e-4,0.583279490470886,0.00324731110595167,5326.4,3406.3999999999996,1.21
2742,2024,2024,388,Millville,07-11-2024,1550,0.0266406200826168,0.00182796374429017,0.616645991802216,6.4104743069037e-4,2.31109952926636,0.0505466759204865,0.129767268896103,1.25014901161194,9.9676824174821e-4,0.0340495742857456,0.384294450283051,0.00238794134929776,0.00130404834635556,0.00104345020372421,0.237129226326942,0.285399585962296,2.9095852838168e-8,0.125296041369438,0.337437659502029,0.337437659502029,-0.219625726342201,1.79876697063446,5.2160921040922e-4,-0.111170023679733,-0.111170023679733,0.00103395874612033,0.0340495742857456,-0.153591126203537,1.24830603599548,0.286487907171249,0.144977107644081,2.79598069190979,1.3794314872939e-4,0.616645991802216,0.00254760519601405,5326.4,3406.3999999999996,1.21
2742,2024,2024,388,Millville,07-16-2024,1550,0.0126777291297913,0.00214560911990702,0.599268674850464,7.5906189158558e-4,2.59144878387451,0.0463886559009552,0.117146000266075,1.31753051280975,0.0012290581362322,0.0206070244312286,0.369984000921249,0.00276437913998961,0.00166290206834674,0.00126778543926775,0.250571608543396,0.244331911206245,5.51333272369448e-8,0.125846892595291,0.373845905065536,0.373845905065536,-0.268975496292114,1.6466646194458,6.0784537345171e-4,-0.137012407183647,-0.137012407183647,0.00128293095622212,0.0206070244312286,-0.185177639126778,1.17452263832092,0.287928730249405,0.188984259963036,2.86184358596802,1.0170368477702e-4,0.599268674850464,0.00261127226985991,5326.4,3406.3999999999996,1.21
2755,2024,2024,391,Millville,06-05-2024,1562,0.0217074509710073,0.00142333435360342,0.550204157829285,4.0114737930707e-4,0.110279805958271,0.102640360593796,0.392614752054214,0.79976624250412,5.7566270697861e-4,0.195935010910034,0.508666455745697,0.00232043443247676,5.7696661679074e-4,7.4513506842777e-4,0.290152668952942,0.590823471546173,-7.616706376722961e-9,0.240914285182953,0.188424959778786,0.188424959778786,0.219790309667587,3.88786602020264,8.4638781845569e-4,0.111255407333374,0.111255407333374,5.945906159468e-4,0.195935010910034,0.160833388566971,2.07055473327637,0.634748697280884,-0.106984101235867,2.40625810623169,4.6141946222633e-4,0.550204157829285,0.00401177396997809,7430.399999999999,4874.4,4.11
2755,2024,2024,391,Millville,06-25-2024,1562,0.0131515320390463,0.00146446435246617,0.647157311439514,5.1082961726933e-4,1.46756732463837,0.0638955533504486,0.178395420312881,1.0825332403183,7.3292036540806e-4,0.0729770958423615,0.437454432249069,0.00210563442669809,8.6671503959223e-4,8.1511278403922e-4,0.214213103055954,0.408142507076263,4.5772319268166906e-9,0.18318510055542,0.254505276679993,0.254505276679993,-0.0791380628943443,2.37919187545776,5.7719036703929e-4,-0.0396311804652214,-0.0396311804652214,7.5083097908645e-4,0.0729770958423615,-0.0570915378630161,1.55526781082153,0.448535114526749,0.0457499474287033,2.6848475933075,2.2273667855188e-4,0.647157311439514,0.0027492162771523,7430.399999999999,4874.4,4.11
2755,2024,2024,391,Millville,07-11-2024,1562,0.0136920856311917,0.00176798575557768,0.621319234371185,6.2069634441286e-4,2.17797780036926,0.0503843687474728,0.137316852807999,1.22353065013885,9.5080205937847e-4,0.0405053645372391,0.38061061501503,0.00234029558487236,0.00122850341722369,0.00100621348246932,0.233563333749771,0.294428914785385,2.43139695044192e-8,0.128826320171356,0.32445102930069,0.32445102930069,-0.199047580361366,1.83458316326141,5.0672399811446e-4,-0.100529596209526,-0.100529596209526,9.8466279450804e-4,0.0405053645372391,-0.139802813529968,1.22898662090302,0.295753479003906,0.131351962685585,2.70885014533997,1.6459707694593e-4,0.621319234371185,0.00248184683732688,7430.399999999999,4874.4,4.11
2755,2024,2024,391,Millville,07-16-2024,1562,0.00388913345523179,0.00242765829898417,0.609411001205444,9.2216138727963e-4,2.64746737480164,0.0434738323092461,0.108407653868198,1.31893408298492,0.00146727741230279,0.0175444092601538,0.338081777095795,0.00302601442672312,0.00197629421018064,0.00150184019003063,0.24269063770771,0.210997998714447,7.8566671390945e-8,0.111516818404198,0.367462903261185,0.367462903261185,-0.269962966442108,1.53484785556793,6.0093583306297e-4,-0.137534752488136,-0.137534752488136,0.00153011200018227,0.0175444092601538,-0.187127575278282,1.02152132987976,0.251027405261993,0.196377903223038,2.66761565208435,1.0109284630743e-4,0.609411001205444,0.0025741143617779,7430.399999999999,4874.4,4.11
2779,2024,2024,396,Millville,06-05-2024,1584,0.00883266795426607,0.00190371682401747,0.62199854850769,7.1415607817471e-4,1.17830634117126,0.0850771889090538,0.217246904969215,1.03329849243164,0.00101869786158204,0.0941369831562042,0.389721095561981,0.00274798786267638,0.00119111977983266,0.00115942372940481,0.23304671049118,0.37406998872757,3.89927024002645e-9,0.168777048587799,0.24465611577034,0.24465611577034,-0.0327443107962608,2.19524550437927,7.5854751048609e-4,-0.0163765456527472,-0.0163765456527472,0.00104365730658174,0.0941369831562042,-0.023728720843792,1.27719008922577,0.406093299388885,0.0206061769276857,2.24265599250793,4.1095810593105e-4,0.62199854850769,0.00358978053554893,2158.4,1354.4,1.91
2779,2024,2024,396,Millville,06-25-2024,1584,0.00783391576260328,0.00206735683605075,0.605548560619354,7.3925359174609e-4,1.22238945960999,0.0839494094252586,0.228880345821381,1.04415023326874,0.00107567710801959,0.0972565487027168,0.378970891237259,0.00274690147489309,0.00126575154718012,0.00122166180517524,0.245680138468742,0.362018585205078,5.89847592991077e-9,0.13802511990070301,0.266304075717926,0.266304075717926,-0.0431766547262669,2.13488745689392,6.5653386991471e-4,-0.0215983986854553,-0.0215983986854553,0.0011026025749743,0.0972565487027168,-0.0306320283561945,1.22046077251434,0.320253223180771,0.025976475328207,2.30289483070374,4.2075442615896e-4,0.605548560619354,0.00355778448283672,2158.4,1354.4,1.91
2779,2024,2024,396,Millville,07-11-2024,1584,0.00569562241435051,0.00243875244632363,0.626247048377991,9.2380749993026e-4,2.17757821083069,0.0589943043887615,0.134120270609856,1.21939897537231,0.00140398379880935,0.0398374162614346,0.34234943985939,0.00302631291560829,0.0018052461091429,0.00148271804209799,0.229825437068939,0.252244263887405,4.93561707060053e-8,0.1074293628335,0.319977253675461,0.319977253675461,-0.195796847343445,1.67467021942139,5.7377119082957e-4,-0.0988551154732704,-0.0988551154732704,0.00145005295053124,0.0398374162614346,-0.137657463550568,1.04112887382507,0.240719020366669,0.13338477909565,2.47562551498413,2.2283114958554e-4,0.626247048377991,0.00296354247257113,2158.4,1354.4,1.91
2779,2024,2024,396,Millville,07-16-2024,1584,0.00296376319602132,0.00259492569603026,0.603714764118195,9.6266181208193e-4,2.48930096626282,0.0495527759194374,0.121985554695129,1.29191100597382,0.00154519104398787,0.0258309803903103,0.332643002271652,0.00326284999027848,0.00206977361813188,0.00160134525503963,0.247104555368423,0.215260803699493,8.3332203359987e-8,0.112403936684132,0.362857222557068,0.362857222557068,-0.250665247440338,1.54861748218536,6.5630482276901e-4,-0.12736576795578,-0.12736576795578,0.00161069422028959,0.0258309803903103,-0.173370435833931,0.996896743774414,0.253277212381363,0.182645544409752,2.57896757125854,1.637332024984e-4,0.603714764118195,0.00283775199204683,2158.4,1354.4,1.91
2797,2024,2024,400,Millville,06-05-2024,1599,0.0188135132193565,0.00154678837861866,0.510567307472229,3.9457384264096e-4,0.121198944747448,0.113842844963074,0.428866535425186,0.785010635852814,5.9567106654867e-4,0.213968560099602,0.522093117237091,0.00246292329393327,5.9778767172247e-4,7.9767784336581e-4,0.324005872011185,0.60882443189621,-9.09333319754069e-9,0.244178459048271,0.213527202606201,0.213527202606201,0.237438693642616,4.11279392242432,9.4874529168009e-4,0.120441511273384,0.120441511273384,6.198474438861e-4,0.213968560099602,0.168637827038765,2.18491554260254,0.646127283573151,-0.110609292984009,2.42393589019775,5.152283119969e-4,0.510567307472229,0.00448357965797186,4678.4,3050.4,1.03
2797,2024,2024,400,Millville,06-25-2024,1599,0.014642977155745,0.0015624234220013,0.593260586261749,5.0587835721671e-4,1.46109592914581,0.0743693113327026,0.215219184756279,1.09464228153229,7.646371377632e-4,0.08586286008358,0.453007787466049,0.00223071221262217,9.299119701609e-4,8.5845607100054e-4,0.255287438631058,0.416567206382751,6.2288578739355704e-9,0.180151551961899,0.295411825180054,0.295411825180054,-0.0901819542050362,2.42798709869385,6.7886803299188e-4,-0.0451830290257931,-0.0451830290257931,7.877656025812e-4,0.08586286008358,-0.0633258298039436,1.65635919570923,0.439475208520889,0.0506478771567345,2.86934494972229,2.55207385635e-4,0.593260586261749,0.00322765158489347,4678.4,3050.4,1.03
2797,2024,2024,400,Millville,07-11-2024,1599,0.00587977888062596,0.00195288856048137,0.601061344146729,6.6023221006617e-4,2.08628296852112,0.0640221610665321,0.154282599687576,1.21354532241821,0.00103706540539861,0.0471985936164856,0.408370196819305,0.00258892751298845,0.00134772667661309,0.00110717641655356,0.24917134642601,0.322131961584091,2.79672764946781e-8,0.144056171178818,0.33653461933136,0.33653461933136,-0.191165059804916,1.95042669773102,6.4215203747153e-4,-0.0964720994234085,-0.0964720994234085,0.00107549177482724,0.0471985936164856,-0.133324041962624,1.38049221038818,0.336601912975311,0.120990678668022,2.88713884353638,1.9033721764572e-4,0.601061344146729,0.00305708381347358,4678.4,3050.4,1.03
2797,2024,2024,400,Millville,07-16-2024,1599,0.00575294625014067,0.00210491567850113,0.57091349363327,7.2164763696491e-4,2.48853540420532,0.0466184578835964,0.140775829553604,1.30692946910858,0.00121479295194149,0.0276836715638638,0.368328005075455,0.00271404511295259,0.00164656376000494,0.00126269075553864,0.273144572973251,0.244132965803146,5.5049561353826e-8,0.12907475233078,0.39430359005928,0.39430359005928,-0.261465191841125,1.64596796035767,6.1850965721532e-4,-0.133046761155128,-0.133046761155128,0.00127397070173174,0.0276836715638638,-0.178587138652802,1.16620028018951,0.296408355236053,0.187360435724258,2.81913805007935,1.3266297173686e-4,0.57091349363327,0.00258135632611811,4678.4,3050.4,1.03
2801,2024,2024,401,Millville,06-05-2024,1603,0.00814136024564505,0.00143648160155863,0.585445642471313,4.4303369941189e-4,0.540984094142914,0.0944207906723022,0.309029400348663,0.903909802436829,6.3188857166096e-4,0.146821767091751,0.487117141485214,0.00230010668747127,6.7279767245054e-4,7.7452755067497e-4,0.261474967002869,0.530063211917877,-4.10616829427113e-9,0.227701902389526,0.21518762409687,0.21518762409687,0.100683398544788,3.2558913230896,8.2280678907409e-4,0.0504699312150478,0.0504699312150478,6.4606976229697e-4,0.146821767091751,0.0727512091398239,1.8995258808136,0.589673578739166,-0.0522754080593586,2.52042841911316,3.8323097396642e-4,0.585445642471313,0.00379866128787398,5118.4,3266.3999999999996,6.27
2801,2024,2024,401,Millville,06-25-2024,1603,0.0152146648615599,0.00171094306278974,0.570667386054993,5.2092096302658e-4,1.15539574623108,0.0844450145959854,0.255213439464569,1.03342294692993,8.0282503040507e-4,0.10773990303278,0.437359511852264,0.00245135626755655,9.2806643806397e-4,9.5806113677099e-4,0.273344039916992,0.441520273685455,2.2466566385048703e-9,0.178030639886856,0.282401293516159,0.282401293516159,-0.0328647494316101,2.58115077018738,7.1117363404482e-4,-0.0164368133991957,-0.0164368133991957,8.2980474689975e-4,0.10773990303278,-0.0228991396725178,1.55466783046722,0.433180749416351,0.0179766956716776,2.53550601005554,3.4857139689847e-4,0.570667386054993,0.00357662839815021,5118.4,3266.3999999999996,6.27
2801,2024,2024,401,Millville,07-11-2024,1603,0.0149115677922964,0.00201537716202438,0.599525570869446,6.6331325797364e-4,2.25481653213501,0.0614016987383366,0.143111079931259,1.25024199485779,0.00105684855952859,0.0387271754443645,0.403547555208206,0.00267359358258545,0.0013926177052781,0.00111704529263079,0.250370770692825,0.307412803173065,3.31410419107669e-8,0.136135011911392,0.351293295621872,0.351293295621872,-0.219696432352066,1.88772308826447,6.3410302391275e-4,-0.111206695437431,-0.111206695437431,0.00109981454443187,0.0387271754443645,-0.151617467403412,1.35315930843353,0.315176606178284,0.140181243419647,2.93437695503235,1.6634076018817e-4,0.599525570869446,0.00302018015645444,5118.4,3266.3999999999996,6.27
2801,2024,2024,401,Millville,07-16-2024,1603,0.00706596113741398,0.00241870922036469,0.588793575763702,8.3427177742123e-4,2.66485357284546,0.0496542081236839,0.115474201738834,1.33979368209839,0.00137784355320036,0.0174725092947483,0.373014777898788,0.00311187701299787,0.00188857014290988,0.00141448795329779,0.258816778659821,0.238635092973709,7.62391607622703e-8,0.125571832060814,0.390479445457458,0.390479445457458,-0.284448534250259,1.62686133384705,6.7751301685348e-4,-0.145223766565323,-0.145223766565323,0.0014455842319876,0.0174725092947483,-0.194326668977737,1.18986773490906,0.287209004163742,0.20136870443821,2.93421792984009,9.7151190857403e-5,0.588793575763702,0.00286903418600559,5118.4,3266.3999999999996,6.27
2804,2024,2024,402,Millville,06-05-2024,1605,0.010641603730619,0.00148032081779093,0.630519330501556,4.9622869119048e-4,0.9281165599823,0.0677656307816505,0.227333635091782,0.986262261867523,7.0470664650201e-4,0.103746578097343,0.403201103210449,0.00230133207514882,7.8523263800889e-4,8.3100533811375e-4,0.226603090763092,0.405815988779068,-8.018207209303801e-10,0.183643355965614,0.218583688139915,0.218583688139915,0.0138321435078979,2.36596655845642,6.1101443134248e-4,0.00691638002172112,0.00691638002172112,7.2101451223716e-4,0.103746578097343,0.00991951860487461,1.35121262073517,0.449909597635269,-0.00819430314004421,2.30170464515686,3.0064268503338e-4,0.630519330501556,0.00283762416802347,4582.4000000000005,2998.3999999999996,2
2804,2024,2024,402,Millville,06-25-2024,1605,0.00781330931931734,0.00150078523438424,0.679352521896362,5.9417699230834e-4,1.78416156768799,0.0575113408267498,0.135556191205978,1.1268150806427,8.0819241702556e-4,0.0517080724239349,0.394198447465897,0.0021757772192359,9.688202990219e-4,8.7247404735535e-4,0.19093519449234,0.346061795949936,8.048541388916421e-9,0.165813192725182,0.241877198219299,0.241877198219299,-0.118831031024456,2.0583930015564,5.7206331985071e-4,-0.0596267580986023,-0.0596267580986023,8.280326728709e-4,0.0517080724239349,-0.0873355343937874,1.30141115188599,0.397544533014297,0.0756040811538696,2.5658233165741,1.7831881996244e-4,0.679352521896362,0.0026244861073792,4582.4000000000005,2998.3999999999996,2
2804,2024,2024,402,Millville,07-11-2024,1605,0.00572144100442529,0.00197361619211733,0.633978068828583,7.6709396671503e-4,2.28303408622742,0.0481862090528011,0.122870109975338,1.23574531078339,0.00115775933954865,0.0338503234088421,0.347020119428635,0.00258367322385311,0.00149458250962198,0.00121094798669219,0.224006593227386,0.251534461975098,3.63757663990327e-8,0.122210867702961,0.321804285049438,0.321804285049438,-0.20856848359108,1.67213380336761,5.5259861983358e-4,-0.105443716049194,-0.105443716049194,0.00119729689322412,0.0338503234088421,-0.146893352270126,1.06288146972656,0.278451502323151,0.144778028130531,2.54246354103088,1.6017674352042e-4,0.633978068828583,0.00251660589128733,4582.4000000000005,2998.3999999999996,2
2804,2024,2024,402,Millville,07-16-2024,1605,0.00149442243855447,0.00228207116015255,0.603578805923462,8.8062055874615e-4,2.52976107597351,0.0426457896828651,0.119317077100277,1.30062830448151,0.00140326586551964,0.0238224864006042,0.329442173242569,0.00287761143408716,0.00188111618626863,0.00145355262793601,0.247210279107094,0.208068192005157,6.93923780659134e-8,0.115159630775452,0.365653812885284,0.365653812885284,-0.256956905126572,1.52547001838684,5.9769244398921e-4,-0.130672246217728,-0.130672246217728,0.00146276992745697,0.0238224864006042,-0.177599087357521,0.982591331005096,0.260294705629349,0.191876158118248,2.57449531555176,1.3259203115012e-4,0.603578805923462,0.00249062338843942,4582.4000000000005,2998.3999999999996,2
2806,2024,2024,402,Millville,06-05-2024,1607,0.0249287355691195,0.00155332719441503,0.567899107933044,4.1894844616763e-4,0.345261484384537,0.100657239556313,0.342249184846878,0.860763549804688,6.1333185294643e-4,0.165425419807434,0.495788365602493,0.00246153585612774,6.288270233199e-4,8.0592650920152e-4,0.275592297315598,0.563237488269806,-6.07270811414651e-9,0.228161424398422,0.206859350204468,0.206859350204468,0.148821830749512,3.57914757728577,8.2931341603398e-4,0.0748275592923164,0.0748275592923164,6.3517643138766e-4,0.165425419807434,0.107840493321419,1.96658825874329,0.591215431690216,-0.0752455741167068,2.40858745574951,4.4128426816314e-4,0.567899107933044,0.00400897627696395,4786.4,3314.4,3.71
2806,2024,2024,402,Millville,06-25-2024,1607,0.0215099062770605,0.00164087302982807,0.62287962436676,5.2905891789123e-4,1.46585977077484,0.0816455259919167,0.193836331367493,1.08625674247742,7.7342294389382e-4,0.0781197920441628,0.463184028863907,0.00240517151542008,9.3326898058876e-4,8.6087291128933e-4,0.232377275824547,0.441008239984512,5.28868238092173e-9,0.189489707350731,0.26577165722847,0.26577165722847,-0.0825492963194847,2.5778706073761,7.3116365820169e-4,-0.0413452051579952,-0.0413452051579952,7.9243018990382e-4,0.0781197920441628,-0.0599315129220486,1.7256715297699,0.467581212520599,0.0451997444033623,2.88751840591431,2.3898186918813e-4,0.62287962436676,0.00348293175920844,4786.4,3314.4,3.71
2806,2024,2024,402,Millville,07-11-2024,1607,0.0230954270809889,0.00201710849069059,0.61027204990387,6.8219425156712e-4,2.32744669914246,0.0585867390036583,0.131636828184128,1.25614821910858,0.00108241033740342,0.0335924811661243,0.400123864412308,0.00271956296637654,0.00143909745384008,0.00113628292456269,0.242026150226593,0.30343142151832603,3.72478794474773e-8,0.141455829143524,0.344837039709091,0.344837039709091,-0.22417725622654,1.87121748924255,6.3778512412682e-4,-0.113533429801464,-0.113533429801464,0.00112506689038128,0.0335924811661243,-0.155689686536789,1.33402168750763,0.329524874687195,0.149581521749496,2.92688608169556,1.4948735770303e-4,0.61027204990387,0.00289452634751797,4786.4,3314.4,3.71
2806,2024,2024,402,Millville,07-16-2024,1607,0.0040374705567956,0.00234306696802378,0.589663028717041,8.3438819274306e-4,2.54687070846558,0.0453185401856899,0.124395132064819,1.31287598609924,0.00137610908132046,0.0233614314347506,0.357003927230835,0.00298877130262554,0.00186232314445078,0.00142715126276016,0.258128255605698,0.232349932193756,6.91756270043697e-8,0.124066069722176,0.380195707082748,0.380195707082748,-0.265689522027969,1.60535383224487,6.4012117218226e-4,-0.13527575135231,-0.13527575135231,0.00144001666922122,0.0233614314347506,-0.181976720690727,1.11043918132782,0.283277243375778,0.193796440958977,2.7642285823822,1.3269836199469e-4,0.589663028717041,0.00260998797602952,4786.4,3314.4,3.71
2812,2024,2024,404,Millville,06-05-2024,1613,0.0220550764352083,0.00139316997956485,0.628033816814423,4.5512453652918e-4,0.917513966560364,0.0611562840640545,0.230429023504257,0.983676016330719,6.4276409102603e-4,0.103607006371021,0.408176302909851,0.00212513655424118,7.0870929630473e-4,7.8545854194089e-4,0.228475615382195,0.416124910116196,-6.68014976668019e-10,0.177240386605263,0.213345617055893,0.213345617055893,0.0164572242647409,2.42539000511169,5.659949965775e-4,0.00822916906327009,0.00822916906327009,6.6175102256238e-4,0.103607006371021,0.0119317639619112,1.37938475608826,0.430843651294708,-0.00969997979700565,2.22385597229004,2.8627208666876e-4,0.628033816814423,0.00255902810022235,4726.4,3042.4,1.12
2812,2024,2024,404,Millville,06-25-2024,1613,0.0162825621664524,0.00154327251948416,0.673930764198303,5.7115399977192e-4,1.82189619541168,0.0525550581514835,0.132842913269997,1.13181114196777,7.962827803567e-4,0.0489662475883961,0.381525576114655,0.0021575135178864,9.593385620974e-4,8.6698966333642e-4,0.194792523980141,0.320881456136703,8.992870448309991e-9,0.153110206127167,0.249241411685944,0.249241411685944,-0.123190321028233,1.94499397277832,5.10111276526e-4,-0.0618306361138821,-0.0618306361138821,8.1598351243883e-4,0.0489662475883961,-0.0900652930140495,1.23376357555389,0.361582398414612,0.0786262527108192,2.54768204689026,1.8883711891248e-4,0.673930764198303,0.00239732954651117,4726.4,3042.4,1.12
2812,2024,2024,404,Millville,07-11-2024,1613,0.0195039268583059,0.00186547811608762,0.632616877555847,6.9175061071291e-4,2.21179962158203,0.0445880889892578,0.127557456493378,1.2253030538559,0.00105755450204015,0.0375594086945057,0.346174836158752,0.00240427209064364,0.00136084097903222,0.00111767975613475,0.225027158856392,0.253979116678238,2.87550605548859e-8,0.117942169308662,0.321373134851456,0.321373134851456,-0.200437426567078,1.6808899641037,4.8458456876687e-4,-0.101246036589146,-0.101246036589146,0.00109353777952492,0.0375594086945057,-0.140467464923859,1.05892181396484,0.267425030469894,0.135286718606949,2.55733823776245,1.597791997483e-4,0.632616877555847,0.00233768834732473,4726.4,3042.4,1.12
2812,2024,2024,404,Millville,07-16-2024,1613,0.00557892583310604,0.00224553304724395,0.600925624370575,8.4495655028149e-4,2.57138729095459,0.0442915335297585,0.118245378136635,1.31198823451996,0.00135415873955935,0.0218669567257166,0.339450180530548,0.00283929100260139,0.00181935052387416,0.00139538699295372,0.249277263879776,0.21732622385025,6.5906370139146e-8,0.117007128894329,0.369948923587799,0.369948923587799,-0.265060693025589,1.55534315109253,6.0743250651285e-4,-0.134943693876266,-0.134943693876266,0.00141129631083459,0.0218669567257166,-0.182737693190575,1.02778077125549,0.265023946762085,0.193110346794128,2.66229104995728,1.1887092114193e-4,0.600925624370575,0.00255771679803729,4726.4,3042.4,1.12
2820,2024,2024,405,Millville,06-05-2024,1620,0.00231628376059234,0.00226727896369994,0.696470439434052,0.00115418643690646,2.28247427940369,0.0323346070945263,0.0917322859168053,1.19303119182587,0.00158873142208904,0.0277038160711527,0.244287997484207,0.00272832671180367,0.00196977844461799,0.00164447084534913,0.178918242454529,0.159793213009834,5.10952240517781e-8,0.09121173620224,0.260590374469757,0.260590374469757,-0.174687176942825,1.38036632537842,4.5469758333638e-4,-0.0880202800035477,-0.0880202800035477,0.00162504077889025,0.0277038160711527,-0.12922103703022,0.646510779857635,0.20073264837265,0.140988990664482,1.96369659900665,1.803235936677e-4,0.696470439434052,0.00186298810876906,686.4,302.4,0.05
2820,2024,2024,405,Millville,06-25-2024,1620,0.00409752829000354,0.00235492293722928,0.700656235218048,0.00114709592889994,2.16679000854492,0.0396673791110516,0.0969275236129761,1.17478811740875,0.0015681249788031,0.0319925211369991,0.260693401098251,0.00279746507294476,0.00192274781875312,0.00163293408695608,0.176016643643379,0.181885063648224,4.52648691862123e-8,0.0839849188923836,0.252612054347992,0.252612054347992,-0.159708723425865,1.44464433193207,4.2816772474907e-4,-0.0803701728582382,-0.0803701728582382,0.00160078785847872,0.0319925211369991,-0.118743740022182,0.705237627029419,0.183370158076286,0.121663428843021,2.00341939926147,2.0446011330932e-4,0.700656235218048,0.00212650536559522,686.4,302.4,0.05
2820,2024,2024,405,Millville,07-11-2024,1620,0.00670385407283902,0.00257718586362898,0.656386435031891,0.00112436525523663,2.45043182373047,0.0375453382730484,0.0987766459584236,1.24899208545685,0.00165877304971218,0.0240960363298655,0.281746387481689,0.00305653433315456,0.00214116694405675,0.0017122586723417,0.207447722554207,0.175645604729652,7.63075931331514e-8,0.0854849219322205,0.310785502195358,0.310785502195358,-0.218744218349457,1.42614102363586,4.8290260019712e-4,-0.110712721943855,-0.110712721943855,0.00171075854450464,0.0240960363298655,-0.156442761421204,0.784531831741333,0.186951369047165,0.165006220340729,2.23172402381897,1.5885283937677e-4,0.656386435031891,0.00226109148934484,686.4,302.4,0.05
2820,2024,2024,405,Millville,07-16-2024,1620,0.00414070999249816,0.00265223439782858,0.617540121078491,0.00108042941428721,2.57849264144897,0.0334380939602852,0.108921281993389,1.30012738704681,0.00170647667255253,0.0204543713480234,0.290473341941833,0.00320025160908699,0.00228227768093348,0.0017522806301713,0.236445412039757,0.166515305638313,1.02334638540924e-7,0.0937670022249222,0.35559344291687,0.35559344291687,-0.256597101688385,1.39956414699554,5.4515182273462e-4,-0.130482941865921,-0.130482941865921,0.00177654554136097,0.0204543713480234,-0.178552553057671,0.818780660629272,0.206937968730927,0.199095219373703,2.36233258247375,1.4091603225097e-4,0.617540121078491,0.00224141916260123,686.4,302.4,0.05
2824,2024,2024,406,Millville,06-05-2024,1624,0.0112552447244525,0.0019413902191445201,0.621928513050079,7.6390925096347e-4,1.10766577720642,0.0787207186222076,0.223278716206551,1.02023863792419,0.00108429172541946,0.0974894464015961,0.373736530542374,0.00272735091857612,0.00124722509644926,0.00123378250282258,0.233099982142448,0.360571533441544,2.54224152840266e-9,0.160732075572014,0.236726865172386,0.236726865172386,-0.0200337842106819,2.12779331207275,7.0515973493456e-4,-0.010017897002399,-0.010017897002399,0.00110956688877195,0.0974894464015961,-0.0145529415458441,1.19354403018951,0.383029252290726,0.0129132382571697,2.16615891456604,4.0699582314118e-4,0.621928513050079,0.00330847781151533,2546.3999999999996,1698.3999999999999,4.82
2824,2024,2024,406,Millville,06-25-2024,1624,0.0119351232424378,0.00209919549524784,0.620681345462799,7.6948833884671e-4,1.48275995254517,0.0720899924635887,0.191309213638306,1.09023642539978,0.00111774005927145,0.0770638734102249,0.370403110980988,0.00277125043794513,0.00132871756795794,0.00126159575302154,0.23404885828495,0.3377346098423,1.17518910158765e-8,0.136949494481087,0.270934969186783,0.270934969186783,-0.0861801654100418,2.01993775367737,6.1897805426269e-4,-0.0431703925132751,-0.0431703925132751,0.0011477810330689,0.0770638734102249,-0.0619283616542816,1.17663586139679,0.31736147403717,0.0546680279076099,2.32074594497681,3.4395037801004e-4,0.620681345462799,0.00318894139491022,2546.3999999999996,1698.3999999999999,4.82
2824,2024,2024,406,Millville,07-11-2024,1624,0.00690069328993559,0.00256275408901274,0.620166122913361,9.7209308296442e-4,2.36399245262146,0.0529606565833092,0.121539331972599,1.25325870513916,0.00150402344297618,0.0305292345583439,0.334901660680771,0.00313019030727446,0.00196874467656016,0.00156610447447747,0.234441310167313,0.231570988893509,6.62514878513321e-8,0.102634750306606,0.33562234044075,0.33562234044075,-0.221988886594772,1.60271275043488,5.6221010163426e-4,-0.112396635115147,-0.112396635115147,0.00155745341908187,0.0305292345583439,-0.155995696783066,1.00707423686981,0.228746876120567,0.156637772917747,2.51617622375488,1.838690805016e-4,0.620166122913361,0.00282556260935962,2546.3999999999996,1698.3999999999999,4.82
2824,2024,2024,406,Millville,07-16-2024,1624,0.00287346472032368,0.00251295743510127,0.577125906944275,8.8229059474542e-4,2.41975784301758,0.051967054605484,0.138589009642601,1.29192173480988,0.00145820050965995,0.0308324582874775,0.351766645908356,0.00321201491169631,0.00198041484691203,0.00152458949014544,0.26812955737114,0.231234133243561,7.90082026469463e-8,0.117578819394112,0.381945103406906,0.381945103406906,-0.250672996044159,1.60157227516174,6.6717958543449e-4,-0.127369850873947,-0.127369850873947,0.00152682268526405,0.0308324582874775,-0.171157255768776,1.08530879020691,0.266491383314133,0.181483566761017,2.69369435310364,1.9358044664841e-4,0.577125906944275,0.00293012848123908,2546.3999999999996,1698.3999999999999,4.82
2834,2024,2024,409,Millville,06-05-2024,1633,0.0174088533967733,0.00130161747802049,0.609253227710724,4.676625248976e-4,0.689227283000946,0.0689479634165764,0.271873831748962,0.941580891609192,6.5644714049994e-4,0.127079680562019,0.422140896320343,0.00191002851352096,7.205294095911e-4,7.6994230039417e-4,0.242812469601631,0.455514043569565,-2.4971766876547e-9,0.19733652472496,0.211232632398605,0.211232632398605,0.0601224154233932,2.67318916320801,6.1263190582394e-4,0.030088422819972,0.030088422819972,6.7380612017586e-4,0.127079680562019,0.0438315123319626,1.46105134487152,0.491704255342484,-0.0350364595651627,2.26877617835999,3.1241471879184e-4,0.609253227710724,0.00280225370079279,4902.4,3246.3999999999996,2.64
2834,2024,2024,409,Millville,06-25-2024,1633,0.0100394980981946,0.00142131000757217,0.662689387798309,5.5230868747457e-4,1.67547523975372,0.0521697402000427,0.151461407542229,1.11212921142578,7.7984854578971e-4,0.059143528342247,0.39103439450264,0.00193970976397395,9.4318942865356e-4,8.4486132254824e-4,0.202870473265648,0.34701806306839,7.422473302654e-9,0.157684206962585,0.257588922977448,0.257588922977448,-0.105878055095673,2.06287169456482,5.0470005953684e-4,-0.05308822914958,-0.05308822914958,7.98515684437e-4,0.059143528342247,-0.0779524892568588,1.28425776958466,0.374406427145004,0.0685005262494087,2.48028707504272,1.8914142856374e-4,0.662689387798309,0.00230497634038329,4902.4,3246.3999999999996,2.64
2834,2024,2024,409,Millville,07-11-2024,1633,0.0137632954865694,0.00175537681207061,0.633828341960907,6.6052173497155e-4,2.25740075111389,0.0448007918894291,0.124059125781059,1.22929072380066,9.97906900011e-4,0.0355280600488186,0.355551421642303,0.00223019858822227,0.00128581665921956,0.0010460609337315,0.224118798971176,0.262841016054153,2.63582293769105e-8,0.119107440114021,0.318215876817703,0.318215876817703,-0.20355398952961,1.71311902999878,4.6873165410943e-4,-0.102853678166866,-0.102853678166866,0.00103017792571336,0.0355280600488186,-0.144039288163185,1.10342836380005,0.270424455404282,0.138461530208588,2.58640575408936,1.4272292901296e-4,0.633828341960907,0.00224636495113373,4902.4,3246.3999999999996,2.64
2834,2024,2024,409,Millville,07-16-2024,1633,0.00614693248644471,0.00219374871812761,0.616619110107422,8.576312684454e-4,2.70027756690979,0.0366837903857231,0.101227805018425,1.32436800003052,0.00135568575933576,0.014569254592061,0.327833503484726,0.0027348161675036,0.00182593229692429,0.00138082052581012,0.237149760127068,0.199012979865074,6.84000127648687e-8,0.111337527632713,0.363763421773911,0.363763421773911,-0.273770600557327,1.49691939353943,5.4099841509014e-4,-0.139551073312759,-0.139551073312759,0.00141130771953613,0.014569254592061,-0.190274015069008,0.97545325756073,0.25057327747345,0.204084560275078,2.61664009094238,7.73475694586523e-5,0.616619110107422,0.00224683340638876,4902.4,3246.3999999999996,2.64
2842,2024,2024,410,Millville,06-05-2024,1640,0.0113944718614221,0.00163407321088016,0.586556017398834,5.012743640691e-4,0.218851074576378,0.0875957310199738,0.346284866333008,0.837863147258759,7.1208603912964e-4,0.169477462768555,0.469485729932785,0.00248403265140951,7.1016862057149e-4,9.4028434250503e-4,0.260592222213745,0.540722131729126,-5.49855982967529e-9,0.216078206896782,0.189236715435982,0.189236715435982,0.17507803440094,3.35466289520264,7.5405306415632e-4,0.0882203206419945,0.0882203206419945,7.3697016341611e-4,0.169477462768555,0.127667024731636,1.76992678642273,0.55127489566803,-0.0943238511681557,2.22250819206238,4.0234051994048e-4,0.586556017398834,0.00347851146943867,8558.4,5418.4,6.68
2842,2024,2024,410,Millville,06-25-2024,1640,0.00551533699035645,0.00171056261751801,0.643850266933441,5.9352442622184e-4,1.66565895080566,0.0576849691569805,0.164083495736122,1.11536288261414,8.6286268197e-4,0.0651768296957016,0.403159141540527,0.00230401335284114,0.00103569217026234,9.7611336968839e-4,0.216655850410461,0.357585996389389,8.31858404382047e-9,0.163530007004738,0.27019327878952,0.27019327878952,-0.108747996389866,2.11325740814209,5.5454147513955e-4,-0.0545357130467892,-0.0545357130467892,8.8883878197521e-4,0.0651768296957016,-0.0793145000934601,1.3509773015976,0.391000300645828,0.0674900487065315,2.5463981628418,2.2858103329781e-4,0.643850266933441,0.00257515045814216,8558.4,5418.4,6.68
2842,2024,2024,410,Millville,07-11-2024,1640,0.00457097636535764,0.00192656321451068,0.62887042760849,6.7342945840209e-4,2.10126638412476,0.0489243641495705,0.138546168804169,1.20906317234039,0.00104875734541565,0.0437152609229088,0.372875362634659,0.00250655156560242,0.00134224141947925,0.00112187478225678,0.227844774723053,0.293834507465363,2.4354886107858e-8,0.126299813389778,0.318317234516144,0.318317234516144,-0.187597513198853,1.83219730854034,5.1245855866e-4,-0.0946388617157936,-0.0946388617157936,0.00108784891199321,0.0437152609229088,-0.131641134619713,1.1891587972641,0.289114773273468,0.120393492281437,2.63234996795654,1.7445575213059e-4,0.62887042760849,0.00244432920590043,8558.4,5418.4,6.68
2842,2024,2024,410,Millville,07-16-2024,1640,0.00196450832299888,0.00232934998348355,0.614558041095734,9.0433692093938e-4,2.68171072006226,0.0375471450388432,0.103556595742702,1.32128977775574,0.00143829698208719,0.0154614159837365,0.323117017745972,0.00289016240276396,0.00194129720330238,0.00147072551771998,0.23872908949852,0.194959059357643,7.62443193025319e-8,0.108152016997337,0.363751232624054,0.363751232624054,-0.271616578102112,1.48434579372406,5.5839965352788e-4,-0.138410016894341,-0.138410016894341,0.00150020630098879,0.0154614159837365,-0.188932627439499,0.954720377922058,0.242534652352333,0.203512385487556,2.57932662963867,8.93675314728171e-5,0.614558041095734,0.00232567498460412,8558.4,5418.4,6.68
2854,2024,2024,413,Millville,06-05-2024,1651,0.00522711593657732,0.00154037878382951,0.579081177711487,4.9275200581178e-4,0.385657995939255,0.0966466069221497,0.330188870429993,0.869697690010071,6.9702259497717e-4,0.160229220986366,0.461772382259369,0.00237651425413787,7.4093911098316e-4,8.5878674872219e-4,0.266559332609177,0.516222178936005,-6.991019319002591e-9,0.212950244545937,0.202014967799187,0.202014967799187,0.138709560036659,3.13412952423096,7.9632940469309e-4,0.0696916431188583,0.0696916431188583,7.1548443520441e-4,0.160229220986366,0.101138763129711,1.715900182724,0.541135370731354,-0.0740897879004478,2.34148406982422,4.5224130735732e-4,0.579081177711487,0.00383340357802808,3374.4,2198.4,1.88
2854,2024,2024,413,Millville,06-25-2024,1651,0.00150172668509185,0.00170322298072278,0.609890222549438,5.6885444791987e-4,1.39691030979156,0.073730856180191,0.206876337528229,1.07375693321228,8.3568022819235e-4,0.0843898206949234,0.427221596240997,0.00236650439910591,9.9587778095156e-4,9.428194607608e-4,0.242320775985718,0.399380952119827,5.6423634653413e-9,0.167633846402168,0.2750084400177,0.2750084400177,-0.0710437223315239,2.3298978805542,6.4357195515185e-4,-0.035566795617342,-0.035566795617342,8.5690355626866e-4,0.0843898206949234,-0.0512941032648087,1.4917516708374,0.402788698673248,0.0425229072570801,2.66144776344299,2.8960176859982e-4,0.609890222549438,0.00317176198586822,3374.4,2198.4,1.88
2854,2024,2024,413,Millville,07-11-2024,1651,0.00228238222189248,0.00203194841742516,0.632362842559814,7.337499409914e-4,2.46333622932434,0.0493040457367897,0.110704906284809,1.26989245414734,0.00113436102401465,0.0252763610333204,0.371101647615433,0.00257225031964481,0.00149033532943577,0.00117366178892553,0.225217774510384,0.262703657150269,3.99353439206607e-8,0.116829164326191,0.336242437362671,0.336242437362671,-0.234486907720566,1.71261346340179,5.2723498083651e-4,-0.1189009770751,-0.1189009770751,0.00117663247510791,0.0252763610333204,-0.164758205413818,1.18016421794891,0.264567524194717,0.157637745141983,2.76561284065247,1.1490714678075e-4,0.632362842559814,0.00257194717414677,3374.4,2198.4,1.88
2854,2024,2024,413,Millville,07-16-2024,1651,0.00159075600095093,0.00253374455496669,0.606217265129089,9.2766090529039e-4,2.75240778923035,0.0430723577737808,0.103191323578358,1.34391975402832,0.00150442239828408,0.0121749518439174,0.34724497795105,0.00317189865745604,0.00205167196691036,0.00153168209362775,0.245161578059196,0.210175037384033,9.02434322824774e-8,0.111073561012745,0.378208994865417,0.378208994865417,-0.287272185087204,1.53220665454865,6.2693021027371e-4,-0.146728470921516,-0.146728470921516,0.00157286960165948,0.0121749518439174,-0.198102295398712,1.06393659114838,0.249904960393906,0.20829530060291301,2.77582979202271,7.17789807822555e-5,0.606217265129089,0.0026249261572957,3374.4,2198.4,1.88
2875,2024,2024,418,Millville,06-05-2024,1670,0.0361431092023849,0.00156454963143915,0.514863014221191,3.944952331949e-4,-9.9884520750492e-4,0.13277243077755,0.441499650478363,0.757887482643127,5.8140017790719e-4,0.222502797842026,0.552291452884674,0.00275803986005485,5.5852765217423e-4,7.8999594552442e-4,0.320251405239105,0.651115238666534,-1.11377387312928e-8,0.272329330444336,0.191260397434235,0.191260397434235,0.27033057808876,4.73255205154419,0.00115112483035773,0.137729272246361,0.137729272246361,6.0506333829835e-4,0.222502797842026,0.194413855671883,2.46719193458557,0.748496115207672,-0.122043810784817,2.5196316242218,5.6113698519766e-4,0.514863014221191,0.00520613370463252,5722.4,3658.3999999999996,6.25
2875,2024,2024,418,Millville,06-25-2024,1670,0.0210033301264048,0.00169855367857963,0.60255241394043,5.1954900845885e-4,1.52900886535645,0.084291011095047,0.201246798038483,1.10299408435822,7.8028289135545e-4,0.0780432298779488,0.472727209329605,0.00248136650770903,9.577790624462e-4,0.00086743599968031005,0.248009100556374,0.435644418001175,7.2832602171502e-9,0.189046293497086,0.293735384941101,0.293735384941101,-0.0977155938744545,2.54386496543884,7.5002870289608e-4,-0.048974983394146,-0.048974983394146,8.0436654388904e-4,0.0780432298779488,-0.0690511614084244,1.79310297966003,0.466232031583786,0.0542699918150902,3.05415821075439,2.5875851861201e-4,0.60255241394043,0.00363540556281805,5722.4,3658.3999999999996,6.25
2875,2024,2024,418,Millville,07-11-2024,1670,0.0109345875680447,0.00211417255923152,0.593952715396881,6.696690688841e-4,2.13657665252686,0.0733640938997269,0.156381174921989,1.22883403301239,0.00106874469202012,0.0460135191679001,0.426153689622879,0.0028539935592562,0.00139885698445141,0.00113885244354606,0.254742354154587,0.341118395328522,3.10548173843017e-8,0.147515445947647,0.345060050487518,0.345060050487518,-0.20319776237011,2.03544688224792,7.0931867230683e-4,-0.102669842541218,-0.102669842541218,0.00111125502735376,0.0460135191679001,-0.140287756919861,1.48525357246399,0.346083551645279,0.124155662953854,3.03299021720886,1.9081392383668e-4,0.593952715396881,0.00344692822545767,5722.4,3658.3999999999996,6.25
2875,2024,2024,418,Millville,07-16-2024,1670,0.00633372040465474,0.00254858797416091,0.576865136623383,8.5329031571745e-4,2.54106950759888,0.0566247925162315,0.132039234042168,1.31977844238281,0.0014218968572095,0.02433299459517,0.382650315761566,0.0033213859423995,0.00193697109352797,0.00147610052954406,0.268339306116104,0.254470020532608,7.68357040215051e-8,0.129027396440506,0.392068296670914,0.392068296670914,-0.270556271076202,1.68265533447266,7.361063035205e-4,-0.137848719954491,-0.137848719954491,0.00148784928023815,0.02433299459517,-0.184298157691956,1.23965489864349,0.296283453702927,0.188619762659073,2.96999859809875,1.4329934492707e-4,0.576865136623383,0.00316934753209352,5722.4,3658.3999999999996,6.25
2904,2024,2024,424,Millville,06-05-2024,1695,0.0174058526754379,0.00150664360262454,0.565150082111359,4.4881721260026e-4,0.214986220002174,0.104255370795727,0.360024392604828,0.829264402389526,6.3485815189778e-4,0.176723152399063,0.485575616359711,0.00244137202389538,6.524032796733e-4,8.1050308654084e-4,0.277832686901093,0.553192436695099,-8.255399031043e-9,0.231142356991768,0.188419312238693,0.188419312238693,0.185059189796448,3.47619986534119,8.7739358423277e-4,0.0933356657624245,0.0933356657624245,6.5230031032115e-4,0.176723152399063,0.134901821613312,1.88784050941467,0.601261734962463,-0.0935793444514275,2.35752153396606,4.852075362578e-4,0.565150082111359,0.00412866054102778,4994.4,3258.3999999999996,1.47
2904,2024,2024,424,Millville,06-25-2024,1695,0.0240515526384115,0.00168634857982397,0.616281926631927,5.3849024698138e-4,1.31104362010956,0.0843065306544304,0.211957842111588,1.05889046192169,7.7993492595851e-4,0.0883526727557182,0.460884720087051,0.00242809951305389,9.3089556321501e-4,8.7574194185435e-4,0.23740790784359,0.44349616765976,4.177157286733291e-9,0.185911536216736,0.263642579317093,0.263642579317093,-0.0571593642234802,2.59386587142944,7.2996050585061e-4,-0.0286030638962984,-0.0286030638962984,7.9902436118573e-4,0.0883526727557182,-0.040862675756216,1.70978200435638,0.456735461950302,0.0311052836477757,2.83082365989685,2.8017276781611e-4,0.616281926631927,0.00357885309495032,4994.4,3258.3999999999996,1.47
2904,2024,2024,424,Millville,07-11-2024,1695,0.0147140612825751,0.0020082734990865,0.593515872955322,6.5351062221452e-4,2.10519194602966,0.0632987543940544,0.15809753537178,1.22197985649109,0.00103723350912333,0.0470347590744495,0.404491484165192,0.00269172852858901,0.00135201076045632,0.00110488873906434,0.255086332559586,0.313646823167801,2.87631607420735e-8,0.140659481287003,0.34609791636467,0.34609791636467,-0.197829216718674,1.91395163536072,6.3664210028946e-4,-0.0999018177390099,-0.0999018177390099,0.00107684975955635,0.0470347590744495,-0.136729583144188,1.35847437381744,0.32736611366272,0.126392468810081,2.89373636245728,2.0260739256627e-4,0.593515872955322,0.00304249534383416,4994.4,3258.3999999999996,1.47
2904,2024,2024,424,Millville,07-16-2024,1695,0.0101261511445045,0.00233300891704857,0.594770908355713,8.2767946878448e-4,2.76164484024048,0.0426360219717026,0.105110459029675,1.35501599311829,0.00136686069890857,0.0122509887441993,0.359257370233536,0.00297867716290057,0.00188140745740384,0.0013905520318076,0.254098623991013,0.218457773327827,7.85977576356345e-8,0.121113531291485,0.391414493322372,0.391414493322372,-0.294798374176025,1.55904293060303,6.3075718935579e-4,-0.150748863816261,-0.150748863816261,0.00143403338734061,0.0122509887441993,-0.201813474297523,1.12137818336487,0.275606781244278,0.214763268828392,2.88675999641418,6.90106899128295e-5,0.594770908355713,0.00260456465184689,4994.4,3258.3999999999996,1.47
2917,2024,2024,427,Millville,06-05-2024,1707,0.0193146653473377,0.00176056276541203,0.614164113998413,6.2928110128268e-4,0.873112618923187,0.0843439847230911,0.250484198331833,0.975550293922424,8.8958826381713e-4,0.11402577906847,0.398657351732254,0.00243403087370098,9.8600168712437e-4,0.00106184335891157,0.239031374454498,0.414377480745316,-2.16037010503101e-9,0.166542768478394,0.225873559713364,0.225873559713364,0.0247484631836414,2.41516923904419,6.8810256198048e-4,0.0123761268332601,0.0123761268332601,9.0967112919315e-4,0.11402577906847,0.0180741902440786,1.32589077949524,0.399643242359161,-0.0145100317895412,2.20316219329834,3.9961285074241e-4,0.614164113998413,0.00345989526249468,1694.4,1238.4,0.47
2917,2024,2024,427,Millville,06-25-2024,1707,0.0144681986421347,0.0018253136659041,0.652038156986237,7.2345603257417e-4,1.78814935684204,0.0627004057168961,0.146942645311356,1.13657140731812,0.00104239315260202,0.0549056902527809,0.366481363773346,0.00240713148377836,0.00126069434918463,0.0011307077948004,0.210625797510147,0.311566710472107,1.5075142911769e-8,0.141942381858826,0.26954048871994,0.26954048871994,-0.127321437001228,1.90514731407166,5.9901108033955e-4,-0.063920833170414,-0.063920833170414,0.00106672872789204,0.0549056902527809,-0.0917805880308151,1.15697109699249,0.330845862627029,0.0835359990596771,2.40812158584595,2.2872975387144e-4,0.652038156986237,0.00284942053258419,1694.4,1238.4,0.47
2917,2024,2024,427,Millville,07-11-2024,1707,0.0151585936546326,0.00218474166467786,0.636613428592682,8.4748223889619e-4,2.53139281272888,0.0453559830784798,0.102028928697109,1.27742803096771,0.0012994350399822,0.0216199513524771,0.341798275709152,0.00268008257262409,0.00170564779546112,0.00133522611577064,0.22203566133976,0.230092078447342,5.23503622673616e-8,0.103324040770531,0.335180222988129,0.335180222988129,-0.240070313215256,1.59771323204041,5.0570251187309e-4,-0.121816381812096,-0.121816381812096,0.00134760094806552,0.0216199513524771,-0.169247806072235,1.03858208656311,0.23046013712883,0.167718946933746,2.60145354270935,1.1080710828537e-4,0.636613428592682,0.00250056083314121,1694.4,1238.4,0.47
2917,2024,2024,427,Millville,07-16-2024,1707,0.00739281764253974,0.00242570997215807,0.599237740039825,9.0100418310612e-4,2.72803664207458,0.0412347391247749,0.107173830270767,1.3456734418869,0.00147056498099118,0.013852970674634,0.343823939561844,0.00304218614473939,0.00200486881658435,0.00150212191510946,0.250595837831497,0.206007242202759,8.62742339791112e-8,0.113108061254025,0.382831990718842,0.382831990718842,-0.288468182086945,1.51891469955444,6.1748415464535e-4,-0.147366404533386,-0.147366404533386,0.00154026737436652,0.013852970674634,-0.197970375418663,1.04796242713928,0.255066186189651,0.211892575025558,2.74626588821411,8.1480058724992e-5,0.599237740039825,0.00255446112714708,1694.4,1238.4,0.47
2933,2024,2024,431,Millville,06-05-2024,1722,0.0269629675894976,0.00148035713937134,0.520517885684967,3.966366930399e-4,-0.0370377190411091,0.112597368657589,0.440391451120377,0.750369012355804,5.7937245583161e-4,0.223645955324173,0.501075923442841,0.00243880203925073,5.6996603962034e-4,7.7573827002197e-4,0.315341293811798,0.60657799243927,-1.08019557742978e-8,0.243295550346375,0.182541832327843,0.182541832327843,0.279546588659286,4.08360052108765,9.1107288608327e-4,0.14261619746685,0.14261619746685,6.0040788957849e-4,0.223645955324173,0.202058434486389,2.00862598419189,0.64303982257843,-0.134248822927475,2.25660586357117,5.5052747484296e-4,0.520517885684967,0.00434117950499058,8202.4,5450.4,5.08
2933,2024,2024,431,Millville,06-25-2024,1722,0.0193486101925373,0.00153433356899768,0.5712970495224,4.6927435323596e-4,1.10674095153809,0.0793473348021507,0.265566676855087,1.02322912216187,7.1089481934905e-4,0.114189028739929,0.456058263778687,0.00223059509880841,8.3528028335422e-4,8.2505081081762e-4,0.272833794355392,0.455272316932678,1.2466970789049e-9,0.189971521496773,0.274875789880753,0.274875789880753,-0.0229594372212887,2.67155933380127,6.6311919363215e-4,-0.0114812320098281,-0.0114812320098281,7.3083024471998e-4,0.114189028739929,-0.0157552622258663,1.67686426639557,0.469048976898193,0.012005053460598,2.65436840057373,3.3380591776222e-4,0.5712970495224,0.00328032928518951,8202.4,5450.4,5.08
2933,2024,2024,431,Millville,07-11-2024,1722,0.018531434237957,0.00183123745955527,0.607978105545044,6.0754537116736e-4,2.10775685310364,0.0559388920664787,0.150079280138016,1.21504521369934,9.5116649754345e-4,0.0455024838447571,0.389368832111359,0.00239650439471006,0.00122983974870294,0.00101566454395652,0.24379800260067,0.30591294169426,2.35147332716679e-8,0.127645045518875,0.332167863845825,0.332167863845825,-0.192354783415794,1.88148272037506,5.3130520973354e-4,-0.0970838889479637,-0.0970838889479637,9.8586804233491e-4,0.0455024838447571,-0.134126752614975,1.27529966831207,0.292644709348679,0.123015329241753,2.74594807624817,1.8413423094898e-4,0.607978105545044,0.00269685732200742,8202.4,5450.4,5.08
2933,2024,2024,431,Millville,07-16-2024,1722,0.00489419279620051,0.00227468530647457,0.604066908359528,8.5006299195811e-4,2.72926616668701,0.0369723178446293,0.10432705283165,1.34122240543365,0.0013833282282576,0.0134596498683095,0.342567324638367,0.00283548375591636,0.0018791084876284,0.00141216081101447,0.246830806136131,0.208811640739441,7.4209602018982e-8,0.11213693022728,0.378814667463303,0.378814667463303,-0.285427898168564,1.52784299850464,5.4431485477834e-4,-0.145745426416397,-0.145745426416397,0.00144341855775565,0.0134596498683095,-0.196654766798019,1.04213654994965,0.252599596977234,0.20926707983017,2.73285555839539,7.26239595678635e-5,0.604066908359528,0.00227868789806962,8202.4,5450.4,5.08
2963,2024,2024,438,Millville,06-05-2024,1749,0.0244851801544428,0.0014113161014393,0.544936001300812,3.9777249912731e-4,0.233227267861366,0.100377961993217,0.382210701704025,0.823222458362579,5.8095611166209e-4,0.188511937856674,0.494358897209167,0.00238644238561392,6.0195435071364e-4,7.4318959377706e-4,0.294551998376846,0.567633628845215,-6.89279211485427e-9,0.240184843540192,0.209492057561874,0.209492057561874,0.192111626267433,3.62570643424988,8.4822694770991e-4,0.0969588384032249,0.0969588384032249,6.0145364841446e-4,0.188511937856674,0.137105464935303,1.95537495613098,0.632219135761261,-0.094367116689682,2.50567698478699,4.4510827865451e-4,0.544936001300812,0.00394858699291945,6410.399999999999,4038.3999999999996,0.91
2963,2024,2024,438,Millville,06-25-2024,1749,0.0102115990594029,0.00156212749425322,0.661062002182007,5.547841428779e-4,2.13804268836975,0.0575625598430634,0.118811510503292,1.1923588514328,8.0053211422637e-4,0.0375620424747467,0.425131857395172,0.00219429563730955,0.00100216560531408,8.4808887913823e-4,0.204048976302147,0.355252087116241,1.30846560253417e-8,0.167609930038452,0.286736130714417,0.286736130714417,-0.174140557646751,2.10198736190796,5.7272845879197e-4,-0.0877405852079391,-0.0877405852079391,8.2192965783178e-4,0.0375620424747467,-0.126138493418694,1.47905874252319,0.402719676494598,0.105974234640598,2.91663813591003,1.2391075142659e-4,0.661062002182007,0.00265482626855373,6410.399999999999,4038.3999999999996,0.91
2963,2024,2024,438,Millville,07-11-2024,1749,0.00744910025969148,0.00192319019697607,0.613125681877136,6.5934669692069e-4,2.18082451820374,0.0591198913753033,0.139291122555733,1.22724556922913,0.00101872417144477,0.04061284288764,0.39519727230072,0.00258637289516628,0.00132344895973802,0.0010794309200719,0.239829003810883,0.305777341127396,2.76004072929936e-8,0.141897082328796,0.332331120967865,0.332331120967865,-0.201957389712334,1.88092017173767,6.2285288004204e-4,-0.102029897272587,-0.102029897272587,0.00105392059776932,0.04061284288764,-0.140474021434784,1.30686318874359,0.330722749233246,0.129977285861969,2.80993461608887,1.6820331802591e-4,0.613125681877136,0.00289374380372465,6410.399999999999,4038.3999999999996,0.91
2963,2024,2024,438,Millville,07-16-2024,1749,0.00302101857960224,0.00231775874271989,0.603099286556244,8.6568808183074e-4,2.7538640499115,0.0415983870625496,0.103284761309624,1.34600627422333,0.00140023371204734,0.0123469540849328,0.345995038747787,0.00292138732038438,0.00191098288632929,0.00142490759026259,0.247583374381065,0.210282921791077,7.88719418665096e-8,0.114764049649239,0.380459725856781,0.380459725856781,-0.288694828748703,1.53255248069763,6.0654641129076e-4,-0.147487342357635,-0.147487342357635,0.0014666523784399,0.0123469540849328,-0.198751822113991,1.05808067321777,0.259284645318985,0.211849734187126,2.76805281639099,6.89819935359992e-5,0.603099286556244,0.00253160018473864,6410.399999999999,4038.3999999999996,0.91
2975,2024,2024,440,Millville,06-05-2024,1760,0.006483543664217,0.0018648769473657,0.657661497592926,7.4383406899869e-4,1.74100828170776,0.0649142041802406,0.148815393447876,1.12601327896118,0.00105868827085942,0.0564817413687706,0.373905122280121,0.00256613665260375,0.00128724332898855,0.00114406435750425,0.206518948078156,0.318199902772903,1.66257443368067e-8,0.150075361132622,0.260866433382034,0.260866433382034,-0.118129171431065,1.93341100215912,6.5204978454858e-4,-0.0592720918357372,-0.0592720918357372,0.00108295644167811,0.0564817413687706,-0.0861579105257988,1.19440388679504,0.353149801492691,0.080420196056366,2.40438795089722,2.5314645608887e-4,0.657661497592926,0.00296524842269719,14534.4,13574.4,0.14
2975,2024,2024,440,Millville,06-25-2024,1760,0.00659706117585301,0.00191412807907909,0.656993806362152,7.6000083936378e-4,1.98635935783386,0.0608303211629391,0.126511037349701,1.16747808456421,0.00108868221286684,0.0444541089236736,0.372524052858353,0.00255433563143015,0.00135889183729887,0.00115562207065523,0.207005098462105,0.29897341132164,2.26640537448475e-8,0.137793838977814,0.277710348367691,0.277710348367691,-0.153620079159737,1.85295879840851,6.0379086062312e-4,-0.0772686302661896,-0.0772686302661896,0.00111923611257225,0.0444541089236736,-0.111437566578388,1.18737316131592,0.319630950689316,0.103058978915215,2.49845457077026,2.0196729747112e-4,0.656993806362152,0.00286626815795898,14534.4,13574.4,0.14
2975,2024,2024,440,Millville,07-11-2024,1760,0.00758447917178273,0.00218608765862882,0.647989213466644,8.5991201922297e-4,2.57151317596436,0.047260906547308,0.0946681797504425,1.27350354194641,0.00128947966732085,0.0192136205732822,0.347612202167511,0.00275687268003821,0.00168833578936756,0.00132580590434372,0.213600143790245,0.235966742038727,5.23978762601018e-8,0.113024108111858,0.325106471776962,0.325106471776962,-0.237168565392494,1.61768698692322,5.529728368856e-4,-0.120300464332104,-0.120300464332104,0.00133209652267396,0.0192136205732822,-0.169045403599739,1.0656613111496,0.254852712154388,0.168747782707214,2.62200379371643,1.0248635953757e-4,0.647989213466644,0.0025784308090806,14534.4,13574.4,0.14
2975,2024,2024,440,Millville,07-16-2024,1760,0.00577759929001331,0.00217955210246146,0.600554406642914,7.8953988850116e-4,2.67701458930969,0.0390214882791042,0.108310028910637,1.3298579454422,0.00128640839830041,0.0160889737308025,0.349028944969177,0.0027731885202229,0.00175570696592331,0.00131458300165832,0.249567046761513,0.21245801448822,6.752960501899e-8,0.116821222007275,0.377165377140045,0.377165377140045,-0.277592957019806,1.53954708576202,5.723520880565e-4,-0.141578570008278,-0.141578570008278,0.0013447618111968,0.0160889737308025,-0.191347897052765,1.07233333587646,0.264547169208527,0.205579981207848,2.75696587562561,8.68644347065128e-5,0.600554406642914,0.00237842067144811,14534.4,13574.4,0.14
2976,2024,2024,441,Millville,06-05-2024,1761,0.00360800721682608,0.0016550529981032,0.654375910758972,7.0422695716843e-4,1.68952083587646,0.0494997501373291,0.150765836238861,1.11193633079529,9.863058803603e-4,0.0584709867835045,0.325387448072433,0.00229476904496551,0.00119581678882241,0.00106669182423502,0.20891509950161,0.275161355733871,1.18812071292496e-8,0.131726160645485,0.251580983400345,0.251580983400345,-0.105706594884396,1.75923478603363,5.0567620201036e-4,-0.053001768887043,-0.053001768887043,0.00100658799055964,0.0584709867835045,-0.0779983624815941,0.964664697647095,0.303420782089233,0.0766521021723747,2.2045750617981,2.4114098050631e-4,0.654375910758972,0.00228909868746996,4898.4,3250.3999999999996,10.91
2976,2024,2024,441,Millville,06-25-2024,1761,0.00858069770038128,0.00180891971103847,0.649820029735565,7.3333067120984e-4,1.62937390804291,0.057377353310585,0.161627620458603,1.10884344577789,0.0010350588709116,0.0628651902079582,0.336228758096695,0.00244182161986828,0.00124399526976049,0.00113087834324688,0.212253466248512,0.288032025098801,1.14380460658481e-8,0.13545560836792,0.266956120729446,0.266956120729446,-0.102951526641846,1.80911529064178,5.3719780407846e-4,-0.0516128912568092,-0.0516128912568092,0.0010590817546472,0.0628651902079582,-0.0750429332256317,1.01308631896973,0.313357204198837,0.0710026398301125,2.27887654304504,2.745506062638e-4,0.649820029735565,0.00263506034389138,4898.4,3250.3999999999996,10.91
2976,2024,2024,441,Millville,07-11-2024,1761,0.00518668815493584,0.00211483519524336,0.618570744991302,7.8801374183967e-4,2.24732136726379,0.0516374073922634,0.132016748189926,1.23720705509186,0.00120991189032793,0.0370392613112926,0.349989771842957,0.00271773780696094,0.00158346816897392,0.00126560358330607,0.235658064484596,0.248662501573563,4.1556251773045e-8,0.117935471236706,0.333571046590805,0.333571046590805,-0.209699049592018,1.66191983222961,5.610404186882e-4,-0.106028236448765,-0.106028236448765,0.00125415564980358,0.0370392613112926,-0.146786943078041,1.0768746137619,0.267407834529877,0.143823355436325,2.60702610015869,1.8515234114602e-4,0.618570744991302,0.0026803039945662,4898.4,3250.3999999999996,10.91
2976,2024,2024,441,Millville,07-16-2024,1761,0.00264132511802018,0.00250449986197054,0.607537806034088,9.5867487834766e-4,2.60383605957031,0.0423639006912708,0.112080313265324,1.31294417381287,0.00153696548659354,0.0198443066328764,0.326586008071899,0.00309984828345478,0.00206820107996464,0.00158165825996548,0.244138717651367,0.199344277381897,8.58950599536001e-8,0.108803376555443,0.367116063833237,0.367116063833237,-0.265737682580948,1.49795258045197,5.9975683689117e-4,-0.135301202535629,-0.135301202535629,0.00160264153964818,0.0198443066328764,-0.183448120951653,0.969941198825836,0.244173660874367,0.197394713759422,2.58525109291077,1.2088225776096e-4,0.607537806034088,0.00255489838309586,4898.4,3250.3999999999996,10.91
2979,2024,2024,441,Millville,06-05-2024,1764,0.0347213335335255,0.00146294734440744,0.532437920570374,3.6160394665785e-4,0.104582667350769,0.091083712875843,0.407186686992645,0.789773225784302,5.3012400167062e-4,0.202954575419426,0.479207158088684,0.00248737772926688,5.2023219177499e-4,7.3939852882176e-4,0.305109977722168,0.56831282377243,-7.56628271147974e-9,0.211743980646133,0.198760151863098,0.198760151863098,0.231723338365555,3.63298487663269,7.010810659267e-4,0.11746022850275,0.11746022850275,5.5582559434697e-4,0.202954575419426,0.165984407067299,1.84029865264893,0.537246763706207,-0.114185102283955,2.15167045593262,4.91987564601e-4,0.532437920570374,0.00359635893255472,12010.399999999998,7734.4,11.26
2979,2024,2024,441,Millville,06-25-2024,1764,0.0317108444869518,0.00175906240474433,0.536394357681274,4.4821147457696e-4,0.492050141096115,0.0978017523884773,0.360275745391846,0.879346311092377,7.1402039611712e-4,0.171765431761742,0.454890102148056,0.00248617376200855,7.5777136953547e-4,9.4320008065551e-4,0.30174908041954,0.509702742099762,-7.322639383744441e-9,0.178901389241219,0.25838714838028,0.25838714838028,0.127872541546822,3.07915830612183,6.9171609356999e-4,0.064199797809124,0.064199797809124,7.4617558857426e-4,0.171765431761742,0.0896573141217232,1.66898500919342,0.435761034488678,-0.0623999200761318,2.30276894569397,5.0374481361359e-4,0.536394357681274,0.00388479023240507,12010.399999999998,7734.4,11.26
2979,2024,2024,441,Millville,07-11-2024,1764,0.0226580761373043,0.00212886999361217,0.603302717208862,6.7876803223043e-4,2.02209901809692,0.0611316785216331,0.161990165710449,1.20287048816681,0.00106588238850236,0.0517929010093212,0.392323434352875,0.00283944513648748,0.00137917615938932,0.00115869997534901,0.247425064444542,0.317819148302078,2.7633618060463e-8,0.135506749153137,0.329661697149277,0.329661697149277,-0.182618007063866,1.93177390098572,6.161801284179e-4,-0.0920832455158234,-0.0920832455158234,0.00110764056444168,0.0517929010093212,-0.126671478152275,1.29122447967529,0.313494086265564,0.115426786243916,2.69197702407837,2.1964691404718e-4,0.603302717208862,0.00295952125452459,12010.399999999998,7734.4,11.26
2979,2024,2024,441,Millville,07-16-2024,1764,0.0029405802488327,0.00256348587572575,0.60907781124115,9.6781115280464e-4,2.609215259552,0.0435456372797489,0.111116498708725,1.31274056434631,0.00155307236127555,0.0196355618536472,0.335337519645691,0.00316717266105115,0.00208882289007306,0.00159477267879993,0.242947950959206,0.207501456141472,8.72194902967749e-8,0.108674399554729,0.366479396820068,0.366479396820068,-0.265593588352203,1.52366387844086,6.0761556960642e-4,-0.135225087404251,-0.135225087404251,0.00161881092935801,0.0196355618536472,-0.183876752853394,1.00904595851898,0.243848949670792,0.195200771093369,2.64091920852661,1.1996726243523e-4,0.60907781124115,0.00261438870802522,12010.399999999998,7734.4,11.26
3004,2024,2024,447,Millville,06-05-2024,1785,0.0085463086143136,0.00130282121244818,0.597589313983917,4.3609426938928e-4,0.509575486183167,0.0773955732584,0.297724694013596,0.902626872062683,6.0294807190075e-4,0.140934303402901,0.43648773431778,0.00209597474895418,6.5329001517966e-4,7.2916795033961e-4,0.25188621878624,0.489005327224731,-4.2147494383471e-9,0.199903607368469,0.204233631491661,0.204233631491661,0.102089151740074,2.91393518447876,6.1590399127453e-4,0.0511782765388489,0.0511782765388489,6.1615917365998e-4,0.140934303402901,0.0744031071662903,1.54916858673096,0.499698787927628,-0.0565325282514095,2.24065804481506,3.6336202174425e-4,0.597589313983917,0.00308548263274133,5762.4,3770.4,2.36
3004,2024,2024,447,Millville,06-25-2024,1785,0.00516396760940552,0.0014656858984381,0.618120968341827,5.0876050954684e-4,1.39526772499084,0.0682245343923569,0.202463135123253,1.07601702213287,7.3073816020041e-4,0.0831345170736313,0.419924080371857,0.00210292381234467,8.6343084694817e-4,8.2278420450165e-4,0.236001551151276,0.395786166191101,4.46680870069827e-9,0.175351202487946,0.262486100196838,0.262486100196838,-0.0731355249881744,2.31008672714233,6.0550478519871e-4,-0.0366167910397053,-0.0366167910397053,7.4827490607276e-4,0.0831345170736313,-0.0519781373441219,1.4478245973587,0.425274848937988,0.0422131307423115,2.5376250743866,2.5943049695342e-4,0.618120968341827,0.00292492611333728,5762.4,3770.4,2.36
3004,2024,2024,447,Millville,07-11-2024,1785,0.00666813226416707,0.00175522104837,0.625057399272919,6.1560218455269e-4,2.30506730079651,0.0455722510814667,0.126322731375694,1.24218952655792,9.4205030472949e-4,0.0340427570044994,0.372435867786407,0.00227197399362922,0.00123203371185809,9.9099532235413e-4,0.230725765228271,0.28163081407547,2.57451375773599e-8,0.123385034501553,0.326964974403381,0.326964974403381,-0.213538140058517,1.7840838432312,4.7649134648963e-4,-0.108014762401581,-0.108014762401581,9.7452395129948e-4,0.0340427570044994,-0.150003299117088,1.18692529201508,0.28150337934494,0.14176519215107,2.68225264549255,1.3420227332972e-4,0.625057399272919,0.0022806387860328,5762.4,3770.4,2.36
3004,2024,2024,447,Millville,07-16-2024,1785,0.00365761294960976,0.00241507962346077,0.611821949481964,9.4091246137395e-4,2.6900315284729,0.0396762229502201,0.1038663610816,1.32786333560944,0.00150175194721669,0.0152894668281078,0.328948974609375,0.00300857075490057,0.00202572555281222,0.00153273774776608,0.240831851959229,0.197794944047928,8.35133064924776e-8,0.111302949488163,0.369246602058411,0.369246602058411,-0.276207000017166,1.49312818050385,5.9340370353311e-4,-0.140843018889427,-0.140843018889427,0.0015656987670809,0.0152894668281078,-0.19074010848999,0.980399370193481,0.250485688447952,0.205089256167412,2.63156771659851,9.08354631974362e-5,0.611821949481964,0.00245554768480361,5762.4,3770.4,2.36
3005,2024,2024,447,Millville,06-05-2024,1786,0.0105031654238701,0.00136204296723008,0.596119165420532,4.2924395529553e-4,0.700018346309662,0.0781824737787247,0.280088394880295,0.939207434654236,6.1584264039993e-4,0.129608020186424,0.464583516120911,0.00217237044125795,6.8317074328661e-4,7.3962908936664e-4,0.25303927063942,0.492137581110001,-2.45869968829027e-9,0.219492614269257,0.228875130414963,0.228875130414963,0.0626368150115013,2.93807435035706,7.1590818697586e-4,0.0313491895794868,0.0313491895794868,6.3026347197592e-4,0.129608020186424,0.0449652448296547,1.73540985584259,0.562435686588287,-0.0348002538084984,2.49317860603333,3.3023848664015e-4,0.596119165420532,0.00320100714452565,6742.4000000000005,4498.4,5.6
3005,2024,2024,447,Millville,06-25-2024,1786,0.00409912085160613,0.00152509810868651,0.609026670455933,5.0228188047185e-4,1.33179175853729,0.0709396526217461,0.213800400495529,1.06323850154877,7.4146292172372e-4,0.0884800553321838,0.437490016222,0.00217532855458558,8.8308157864958e-4,8.4091385360807e-4,0.242987439036369,0.417084485292435,3.8110310462968805e-9,0.176297307014465,0.274842590093613,0.274842590093613,-0.0612427890300751,2.43102884292603,6.361870910041e-4,-0.0306501612067223,-0.0306501612067223,7.6138280564919e-4,0.0884800553321838,-0.0439899750053883,1.55549240112305,0.428060561418533,0.035367451608181,2.67837953567505,2.6453949976712e-4,0.609026670455933,0.00303350342437625,6742.4000000000005,4498.4,5.6
3005,2024,2024,447,Millville,07-11-2024,1786,0.00781858526170254,0.00185962952673435,0.620673358440399,6.3629576470702e-4,2.36468601226807,0.049396313726902,0.122870489954948,1.25677978992462,9.8852103110402e-4,0.0311250053346157,0.392318606376648,0.00242411065846682,0.00130105204880238,0.00103499740362167,0.23405496776104,0.289691895246506,2.94382722643149e-8,0.126104056835175,0.339673966169357,0.339673966169357,-0.224654540419579,1.8156795501709,5.1779678324237e-4,-0.113781481981277,-0.113781481981277,0.00102659536059946,0.0311250053346157,-0.157020956277847,1.29119849205017,0.288601964712143,0.146432459354401,2.87958216667175,1.2353544298093e-4,0.620673358440399,0.0025399366859346602,6742.4000000000005,4498.4,5.6
3005,2024,2024,447,Millville,07-16-2024,1786,0.0028020201716572,0.00238757370971143,0.612194776535034,9.1731012798845e-4,2.74632406234741,0.0409669280052185,0.0999970585107803,1.33853125572205,0.00146938557736576,0.0124736959114671,0.339091330766678,0.00300792302004993,0.0019892395939678,0.00149195687845349,0.240544870495796,0.204937338829041,8.21447159182753e-8,0.115121774375439,0.371950000524521,0.371950000524521,-0.283581852912903,1.51552498340607,6.0955242952331e-4,-0.144762307405472,-0.144762307405472,0.00153183611109853,0.0124736959114671,-0.196483567357063,1.0261367559433,0.260198026895523,0.209052249789238,2.71587085723877,7.31998879928142e-5,0.612194776535034,0.00251114298589528,6742.4000000000005,4498.4,5.6
3013,2024,2024,449,Millville,06-05-2024,1794,0.0172101259231567,0.00146494037471712,0.570447623729706,4.6048616059124e-4,0.61584734916687,0.0892431512475014,0.308457434177399,0.918211221694946,6.7499349825084e-4,0.144285574555397,0.458915054798126,0.00226977071724832,7.4122223304584e-4,8.308413089253e-4,0.273522257804871,0.493376582860947,-4.591115043695031e-9,0.208475887775421,0.230777561664581,0.230777561664581,0.0851213708519936,2.94770526885986,7.6484191231429e-4,0.0426380634307861,0.0426380634307861,6.9497252115979e-4,0.144285574555397,0.061363123357296,1.69627737998962,0.526770770549774,-0.0461579076945782,2.34100389480591,4.1719008004292e-4,0.570447623729706,0.00359478057362139,4582.4000000000005,3130.4,2.81
3013,2024,2024,449,Millville,06-25-2024,1794,0.0127789936959743,0.00159172469284385,0.599579155445099,5.2051868988201e-4,1.23637318611145,0.0772530511021614,0.226904019713402,1.04607892036438,7.7221845276653e-4,0.0952258706092834,0.432427793741226,0.00226703053340316,9.1118912678211e-4,8.8517490075901e-4,0.250328898429871,0.415198355913162,3.07155523238123e-9,0.171388074755669,0.273537158966064,0.273537158966064,-0.0450183041393757,2.41996312141418,6.5574899781495e-4,-0.0225205682218075,-0.0225205682218075,7.9395214561373e-4,0.0952258706092834,-0.0319857709109783,1.52378082275391,0.413675129413605,0.0258207749575377,2.60531258583069,3.0810944736003e-4,0.599579155445099,0.00328575912863016,4582.4000000000005,3130.4,2.81
3013,2024,2024,449,Millville,07-11-2024,1794,0.0116566903889179,0.00188306404743344,0.612986087799072,6.5907591488212e-4,2.32803869247437,0.0547575168311596,0.129428401589394,1.25490593910217,0.00102138624060899,0.0335612706840038,0.393493175506592,0.00246534473262727,0.00133869296405464,0.00106917112134397,0.239936307072639,0.294320970773697,3.074902821254e-8,0.129763811826706,0.343073904514313,0.343073904514313,-0.223237246274948,1.83414971828461,5.6886638049036e-4,-0.113045014441013,-0.113045014441013,0.00105875032022595,0.0335612706840038,-0.155742183327675,1.29757213592529,0.298226624727249,0.144755810499191,2.86687040328979,1.3912373105995e-4,0.612986087799072,0.00274897133931518,4582.4000000000005,3130.4,2.81
3013,2024,2024,449,Millville,07-16-2024,1794,0.00745601113885641,0.00237586628645658,0.599955916404724,8.4218382835388e-4,2.72457218170166,0.0466903075575829,0.106730699539185,1.34317290782928,0.00137473503127694,0.013902623206377,0.367276877164841,0.00302967778407037,0.00187651300802827,0.00140853133052588,0.250034421682358,0.231900319457054,7.57323945776989e-8,0.125020056962967,0.382374227046967,0.382374227046967,-0.286762148141861,1.60382866859436,6.6014344338327e-4,-0.146456524729729,-0.146456524729729,0.00143905985169113,0.013902623206377,-0.196909457445145,1.16094028949738,0.285766690969467,0.205967456102371,2.90638542175293,7.66121884225868e-5,0.599955916404724,0.0027602503541857,4582.4000000000005,3130.4,2.81
3021,2024,2024,451,Millville,06-05-2024,1801,0.00774323148652911,0.00159741460811347,0.620440721511841,5.4602010641247e-4,0.750442385673523,0.0805126950144768,0.256550163030624,0.953121244907379,7.6280464418232e-4,0.118666388094425,0.416638076305389,0.00240835431031883,8.5531914373859e-4,9.0383255155757e-4,0.234232142567635,0.43696802854538,-3.1315900983486203e-9,0.187031865119934,0.218726873397827,0.218726873397827,0.0479763187468052,2.55219626426697,7.0979649899527e-4,0.0240019783377647,0.0240019783377647,7.8181718708947e-4,0.118666388094425,0.0358616448938847,1.42840337753296,0.460121035575867,-0.0291351713240147,2.23358225822449,3.8162316195666e-4,0.620440721511841,0.00331038562580943,4634.4,3002.4,3.23
3021,2024,2024,451,Millville,06-25-2024,1801,0.00772686861455441,0.00170138129033148,0.662629425525665,6.8521400680765e-4,1.81296026706696,0.0596939325332642,0.138574287295341,1.1329253911972,9.5065025379881e-4,0.0521097108721733,0.376387268304825,0.00232388288713992,0.00114946463145316,0.00101544114295393,0.202913895249367,0.321473717689514,1.29702906193074e-8,0.146422803401947,0.261256605386734,0.261256605386734,-0.124159246683121,1.9475644826889,5.73807337787e-4,-0.0623207353055477,-0.0623207353055477,9.7063544671982e-4,0.0521097108721733,-0.091478057205677,1.20711863040924,0.343080431222916,0.0819613486528397,2.49024057388306,2.0295727881602e-4,0.662629425525665,0.00271249562501907,4634.4,3002.4,3.23
3021,2024,2024,451,Millville,07-11-2024,1801,0.00977654196321964,0.00200882228091359,0.630517363548279,7.3847657768055e-4,2.24243712425232,0.047316811978817,0.127129584550858,1.2293084859848,0.00112652941606939,0.0362845659255981,0.350814402103424,0.00255931681022048,0.00146038189996034,0.00118587957695127,0.226604551076889,0.258378773927689,3.42314550039191e-8,0.115819074213505,0.319302916526794,0.319302916526794,-0.203567862510681,1.6967945098877,5.0454016309231e-4,-0.10286083817482,-0.10286083817482,0.00116531481035054,0.0362845659255981,-0.143484428524971,1.0807831287384,0.261980533599854,0.139136835932732,2.54606223106384,1.6524152306374e-4,0.630517363548279,0.00246597058139741,4634.4,3002.4,3.23
3021,2024,2024,451,Millville,07-16-2024,1801,0.0035098975058645,0.00254071038216352,0.608152270317078,9.6858147298917e-4,2.69715905189514,0.0432404726743698,0.104647971689701,1.33230090141296,0.00155436922796071,0.0149516984820366,0.334991127252579,0.00317504676058888,0.00210275733843446,0.0015868745977059,0.243663355708122,0.203028559684753,9.18610325584268e-8,0.112387247383595,0.373338550329208,0.373338550329208,-0.279285967350006,1.50950026512146,6.3627929193899e-4,-0.142477720975876,-0.142477720975876,0.00162137532606721,0.0149516984820366,-0.192695364356041,1.00747847557068,0.253234893083572,0.206463649868965,2.66954874992371,9.29469533730298e-5,0.608152270317078,0.00264428090304136,4634.4,3002.4,3.23
3028,2024,2024,452,Millville,06-05-2024,1807,0.0115144914016128,0.00156691763550043,0.547912538051605,4.7492468729615e-4,0.386664360761642,0.101582489907742,0.357097148895264,0.861750602722168,6.9665705086663e-4,0.171245545148849,0.469492465257645,0.00246915360912681,7.4137392221018e-4,8.7010138668119e-4,0.292062669992447,0.529775261878967,-7.578834448906951e-9,0.218016430735588,0.222200646996498,0.222200646996498,0.147701025009155,3.25328540802002,8.4831594722345e-4,0.0742577463388443,0.0742577463388443,7.16109178029e-4,0.171245545148849,0.105222471058369,1.76997470855713,0.557598471641541,-0.0781146660447121,2.3362352848053,4.9223558744415e-4,0.547912538051605,0.00403730059042573,3962.4,2690.4,2.16
3028,2024,2024,452,Millville,06-25-2024,1807,0.00289944629184902,0.00169302651192993,0.612807273864746,5.9087126282975e-4,1.46817624568939,0.0750897079706192,0.200408473610878,1.08843910694122,8.6830783402547e-4,0.0797121599316597,0.422445356845856,0.00238078949041665,0.00103992444928735,9.7138137789443e-4,0.240073755383492,0.391383409500122,7.2837731401875805e-9,0.169123724102974,0.276598393917084,0.276598393917084,-0.084542378783226,2.28614115715027,6.6952424822375e-4,-0.0423469953238964,-0.0423469953238964,8.9048926020041e-4,0.0797121599316597,-0.0608431175351143,1.46287572383881,0.40709725022316,0.0507556237280369,2.62826061248779,2.8607703279703e-4,0.612807273864746,0.00326748052611947,3962.4,2690.4,2.16
3028,2024,2024,452,Millville,07-11-2024,1807,0.00923158507794142,0.0020296722650528,0.618902802467346,7.3409272590652e-4,2.32075977325439,0.0522347055375576,0.126872763037682,1.25038015842438,0.00113743415568024,0.033232256770134,0.369482815265656,0.00260539236478508,0.00147977995220572,0.00119354564230889,0.235404580831528,0.271999895572662,3.66188288580815e-8,0.122549086809158,0.335957318544388,0.335957318544388,-0.219801619648933,1.74725234508514,5.5318034719675e-4,-0.111261293292046,-0.111261293292046,0.00117885624058545,0.033232256770134,-0.153621628880501,1.17199921607971,0.279329776763916,0.146536380052567,2.71033930778503,1.4979456318542e-4,0.618902802467346,0.00267113884910941,3962.4,2690.4,2.16
3028,2024,2024,452,Millville,07-16-2024,1807,0.0059608849696815,0.00263211317360401,0.599738001823425,9.6270197536796e-4,2.68959593772888,0.0485911220312119,0.109844692051411,1.3371387720108,0.00156856689136475,0.0158538911491632,0.35083869099617,0.00330875813961029,0.00213769474066794,0.00160687381867319,0.250204741954803,0.219475835561752,9.50987697478922e-8,0.117243535816669,0.38007128238678,0.38007128238678,-0.282624512910843,1.56238067150116,6.7705026594921e-4,-0.144252792000771,-0.144252792000771,0.00163875136058778,0.0158538911491632,-0.193959027528763,1.08089828491211,0.265630543231964,0.203581571578979,2.77918457984924,9.73925416474231e-5,0.599738001823425,0.00288142426870763,3962.4,2690.4,2.16
3037,2024,2024,454,Millville,06-05-2024,1815,0.00903815403580666,0.00140957697294652,0.550449371337891,4.2373803444206e-4,0.4628826379776,0.0933908000588417,0.343896687030792,0.881081759929657,6.2344258185476e-4,0.163350164890289,0.47772741317749,0.00224042613990605,6.7398051032796e-4,7.6993409311398e-4,0.289948612451553,0.525199711322784,-5.91603432908983e-9,0.22176131606102,0.221807256340981,0.221807256340981,0.125932723283768,3.21229720115662,7.9443503636866e-4,0.0632180124521255,0.0632180124521255,6.397133693099e-4,0.163350164890289,0.0893457382917404,1.82941806316376,0.569905638694763,-0.0665673613548279,2.3782742023468,4.418991447892e-4,0.550449371337891,0.00374081660993397,6622.4000000000005,4362.4,7.14
3037,2024,2024,454,Millville,06-25-2024,1815,0.00685246055945754,0.00162112968973815,0.597643435001373,5.3108518477529e-4,1.36475229263306,0.0735968053340912,0.220144763588905,1.07355940341949,7.9429161269217e-4,0.0899999514222145,0.433362007141113,0.00226911692880094,9.4718160107731e-4,9.0432586148381e-4,0.25184378027916,0.408574849367142,5.04062658279736e-9,0.168102607131004,0.285153299570084,0.285153299570084,-0.0708607509732246,2.38166213035583,6.3512648921459e-4,-0.0354749597609043,-0.0354749597609043,8.1591721391305e-4,0.0899999514222145,-0.0500571615993977,1.52959048748016,0.404142618179321,0.0404106564819813,2.67144250869751,2.8219987871125e-4,0.597643435001373,0.00316209485754371,6622.4000000000005,4362.4,7.14
3037,2024,2024,454,Millville,07-11-2024,1815,0.013959045521915,0.00182676455006003,0.612539947032928,6.2635686481371e-4,2.21347069740295,0.0563987493515015,0.138744235038757,1.23243498802185,9.6693908562883e-4,0.0393526554107666,0.398348689079285,0.00241582351736724,0.00126121344510466,0.00102584110572934,0.240279346704483,0.30624333024025,2.52667078370905e-8,0.136087402701378,0.336454749107361,0.336454749107361,-0.206001296639442,1.88285505771637,5.7509617181494e-4,-0.104117222130299,-0.104117222130299,0.00100258598104119,0.0393526554107666,-0.143818750977516,1.3241845369339,0.31504899263382,0.133039683103561,2.85690760612488,1.5931075904518e-4,0.612539947032928,0.0027481943834573,6622.4000000000005,4362.4,7.14
3037,2024,2024,454,Millville,07-16-2024,1815,0.00813161768019199,0.00240078195929527,0.603953540325165,8.6626940174028e-4,2.71209931373596,0.0459461212158203,0.106980726122856,1.33770966529846,0.00140672968700528,0.014624279923737,0.357949495315552,0.0030433910433203,0.00191861065104604,0.00143887801095843,0.246918886899948,0.226572066545486,7.72138974980408e-8,0.122030600905418,0.37747523188591,0.37747523188591,-0.283017188310623,1.58589053153992,6.4649904379621e-4,-0.144461765885353,-0.144461765885353,0.00147193693555892,0.014624279923737,-0.194676086306572,1.11501979827881,0.277983725070953,0.203754276037216,2.83082222938538,8.11822537798434e-5,0.603953540325165,0.00270826299674809,6622.4000000000005,4362.4,7.14
3048,2024,2024,457,Millville,06-05-2024,1825,0.0144901359453797,0.00151479756459594,0.591943979263306,4.640907573048e-4,0.660612404346466,0.0867375582456589,0.297620236873627,0.928740262985229,6.663286476396e-4,0.139665275812149,0.469546109437943,0.00241070846095681,7.3812151094898e-4,8.0072390846908e-4,0.256325572729111,0.497049570083618,-3.0142055518211902e-9,0.202099278569221,0.226431831717491,0.226431831717491,0.0737918391823769,2.97653841972351,7.1569241117686e-4,0.0369463227689266,0.0369463227689266,6.8347278283909e-4,0.139665275812149,0.0518573746085167,1.77035641670227,0.506577551364899,-0.0383966453373432,2.41421031951904,3.6408269079402e-4,0.591943979263306,0.00353832519613206,9126.4,5702.4,10.33
3048,2024,2024,457,Millville,06-25-2024,1825,0.00853552110493183,0.00164779089391232,0.642097473144531,5.6090910220518e-4,1.67465841770172,0.0599538460373878,0.168231904506683,1.12208306789398,8.0298923421651e-4,0.0646151080727577,0.412233680486679,0.0022904840297996998,9.5874961698427e-4,8.9288165327161e-4,0.217954501509666,0.362434148788452,8.150744079671311e-9,0.165758177638054,0.263267487287521,0.263267487287521,-0.114680036902428,2.1369309425354,5.6165398564189e-4,-0.0575297959148884,-0.0575297959148884,8.2207506056875e-4,0.0646151080727577,-0.0822480618953705,1.40271294116974,0.397386401891708,0.0701693594455719,2.62681150436401,1.9905301451217e-4,0.642097473144531,0.00268008024431765,9126.4,5702.4,10.33
3048,2024,2024,457,Millville,07-11-2024,1825,0.0083118099719286,0.00195206119678915,0.623219788074493,6.7339581437408e-4,2.12796068191528,0.0549509674310684,0.139466479420662,1.21358132362366,0.00102391303516924,0.043145626783371,0.383440285921097,0.00259173405356705,0.00131085549946874,0.00109160400461406,0.232119053602219,0.297268867492676,2.59802348523408e-8,0.134124577045441,0.32109534740448,0.32109534740448,-0.19119356572628,1.84603869915009,5.6749104987829e-4,-0.0964867621660233,-0.0964867621660233,0.00105926219839603,0.043145626783371,-0.13407701253891,1.24380600452423,0.30980110168457,0.122333481907845,2.72180271148682,1.7530897457618e-4,0.623219788074493,0.00268181203864515,9126.4,5702.4,10.33
3048,2024,2024,457,Millville,07-16-2024,1825,8.6983590153977e-4,0.0023860433138907,0.612472653388977,9.287042194046e-4,2.73704743385315,0.0379374213516712,0.100056059658527,1.33587121963501,0.00148207833990455,0.0128725776448846,0.328678727149963,0.00297046615742147,0.00200540223158896,0.00150718970689923,0.240331083536148,0.195560246706009,8.35587599112841e-8,0.110788263380527,0.371261179447174,0.371261179447174,-0.281751573085785,1.48620235919952,5.8589212130755e-4,-0.143788412213326,-0.143788412213326,0.00154451269190758,0.0128725776448846,-0.195105135440826,0.979199528694153,0.249183088541031,0.211080238223076,2.64430665969849,7.51112820580602e-5,0.612472653388977,0.00239056954160333,9126.4,5702.4,10.33
3051,2024,2024,457,Millville,06-05-2024,1828,0.0363651588559151,0.00138000305742025,0.486926406621933,3.2945160637609e-4,0.132749557495117,0.113769702613354,0.452035516500473,0.77656477689743,5.1210151286795e-4,0.225799605250359,0.5442054271698,0.00234860950149596,5.2215065807104e-4,6.8715203087776e-4,0.345056474208832,0.631843686103821,-8.190248479422732e-9,0.252911865711212,0.228781044483185,0.228781044483185,0.247619479894638,4.43247509002686,9.3665375607088e-4,0.12576812505722,0.12576812505722,5.3349626250565e-4,0.225799605250359,0.172646686434746,2.38794159889221,0.67706036567688,-0.110061310231686,2.53645968437195,4.9323705025017e-4,0.486926406621933,0.00445173541083932,10374.400000000001,6750.4,6.34
3051,2024,2024,457,Millville,06-25-2024,1828,0.0236943587660789,0.00151813635602593,0.617760241031647,4.6228355495259e-4,1.68563616275787,0.0739435106515884,0.177287206053734,1.13109266757965,6.9772655842825e-4,0.0667918175458908,0.482020348310471,0.00223476998507977,8.7090663146227e-4,7.682493305765e-4,0.236277148127556,0.433329343795776,7.91310483805319e-9,0.191007494926453,0.290942341089249,0.290942341089249,-0.122564822435379,2.5293869972229,6.8847695365548e-4,-0.0615143030881882,-0.0615143030881882,7.2032085154205e-4,0.0667918175458908,-0.0867205783724785,1.86115562915802,0.472210794687271,0.0683243051171303,3.11606907844543,2.0204644533805e-4,0.617760241031647,0.00322095165029168,10374.400000000001,6750.4,6.34
3051,2024,2024,457,Millville,07-11-2024,1828,0.0232801400125027,0.00180555193219334,0.59455943107605,5.5491842795163e-4,2.09757804870605,0.0654600188136101,0.158048063516617,1.22044146060944,8.8695128215476e-4,0.0476124957203865,0.437043696641922,0.00246320338919759,0.00116370222531259,9.454182581976e-4,0.254264920949936,0.354731678962708,2.19765627917923e-8,0.151256069540977,0.342712223529816,0.342712223529816,-0.196618556976318,2.09948587417603,6.2746042385697e-4,-0.0992782264947891,-0.0992782264947891,9.2216528719291e-4,0.0476124957203865,-0.136026933789253,1.55267369747162,0.356423318386078,0.119907334446907,3.07715559005737,1.7633377865422e-4,0.59455943107605,0.00305654038675129,10374.400000000001,6750.4,6.34
3051,2024,2024,457,Millville,07-16-2024,1828,0.00711602857336402,0.00228652567602694,0.602068960666656,8.390640723519e-4,2.7039852142334,0.0409383438527584,0.106401443481445,1.34069764614105,0.00138568144757301,0.0147934574633837,0.361651957035065,0.00290214829146862,0.00188233656808734,0.00142286240588874,0.248385697603226,0.225461199879646,7.34559790771527e-8,0.123196840286255,0.38187849521637,0.38187849521637,-0.285068303346634,1.5821818113327,6.0005026170983e-4,-0.14555387198925,-0.14555387198925,0.00145098834764212,0.0147934574633837,-0.19571341574192,1.13308715820312,0.281013667583466,0.20761251449585,2.86526823043823,7.94967418187298e-5,0.602068960666656,0.00242275139316916,10374.400000000001,6750.4,6.34
3075,2024,2024,463,Millville,06-05-2024,1850,0.00895785726606846,0.0014361513312906,0.573266088962555,4.449792613741e-4,0.613011956214905,0.0950214415788651,0.307458162307739,0.919303119182587,6.4804562134668e-4,0.144041985273361,0.487237572669983,0.00235437927767634,7.1317324182018e-4,7.9192395787686e-4,0.271240770816803,0.515673160552979,-3.8166212412704706e-9,0.235472559928894,0.229096263647079,0.229096263647079,0.0839413702487946,3.12944340705872,8.524446748197e-4,0.0420448817312717,0.0420448817312717,6.644410896115e-4,0.144041985273361,0.0600054673850536,1.90044188499451,0.615995049476624,-0.0454465039074421,2.5693142414093,3.9258779725059e-4,0.573266088962555,0.00383377959951758,6078.4000000000005,3986.3999999999996,2.98
3075,2024,2024,463,Millville,06-25-2024,1850,0.00589834386482835,0.00160376005806029,0.622740089893341,5.4335530148819e-4,1.1223863363266,0.0847991853952408,0.22236242890358,1.02251410484314,7.7088910620659e-4,0.0968962162733078,0.463112950325012,0.00237586488947272,8.8732270523905e-4,8.7845139205455e-4,0.232483252882957,0.455464869737625,1.43613865244419e-9,0.194817081093788,0.242526292800903,0.242526292800903,-0.0222607776522636,2.67285752296448,7.4695615330711e-4,-0.0111317681148648,-0.0111317681148648,7.8808574471622e-4,0.0968962162733078,-0.0159213040024042,1.72517836093903,0.483907639980316,0.0123243061825633,2.75854849815369,3.0083718593232e-4,0.622740089893341,0.00358559587039053,6078.4000000000005,3986.3999999999996,2.98
3075,2024,2024,463,Millville,07-11-2024,1850,0.00500724604353309,0.00185351737309247,0.604413986206055,6.2774150865152e-4,2.02267646789551,0.0622320026159286,0.158564150333405,1.20230388641357,9.7374763572588e-4,0.0507082529366016,0.402788281440735,0.00251181609928608,0.00124937226064503,0.00104553357232362,0.2465610653162,0.323719471693039,2.24581118146716e-8,0.145530462265015,0.329766303300858,0.329766303300858,-0.182182863354683,1.95735275745392,6.2216894002631e-4,-0.0918600857257843,-0.0918600857257843,0.00100734538864344,0.0507082529366016,-0.126573950052261,1.34889614582062,0.340633511543274,0.11463987827301,2.82381463050842,2.0002498058602e-4,0.604413986206055,0.00296751968562603,6078.4000000000005,3986.3999999999996,2.98
3075,2024,2024,463,Millville,07-16-2024,1850,0.0049525978974998,0.0025688128080219,0.586832940578461,8.8826590217649e-4,2.37266206741333,0.0602499544620514,0.141562521457672,1.28067219257355,0.00144383311271667,0.0335475504398346,0.374861150979996,0.00333989481441677,0.00193464884068817,0.00151352235116065,0.260372132062912,0.261064261198044,6.92390713652458e-8,0.131670728325844,0.37008798122406,0.37008798122406,-0.242459058761597,1.70659530162811,7.5348210521042e-4,-0.123065561056137,-0.123065561056137,0.00150647212285548,0.0335475504398346,-0.166317358613014,1.19928920269012,0.303273737430573,0.169215977191925,2.81747937202454,1.9854301353916e-4,0.586832940578461,0.00324336788617074,6078.4000000000005,3986.3999999999996,2.98
3081,2024,2024,464,Millville,06-05-2024,1855,0.0279478933662176,0.00175713968928903,0.617806613445282,6.6245085326954e-4,1.06795191764832,0.0806684195995331,0.229506522417068,1.01231062412262,9.4006519066169e-4,0.100821010768414,0.393133848905563,0.00255108391866088,0.00107374705839902,0.00108601129613817,0.236241668462753,0.38938906788826,1.3319189084981502e-9,0.174684554338455,0.23637330532074,0.23637330532074,-0.0122348731383681,2.27540802955627,7.2342227213084e-4,-0.00611766567453742,-0.00611766567453742,9.6252624643966e-4,0.100821010768414,-0.00909727532416582,1.29561972618103,0.423315852880478,0.00828400161117315,2.21249198913574,3.9264259976334e-4,0.617806613445282,0.00334962061606348,1778.3999999999999,1222.3999999999999,3.42
3081,2024,2024,464,Millville,06-25-2024,1855,0.0113297114148736,0.00191014062147588,0.615238308906555,6.8699591793119e-4,1.3953241109848,0.0769843757152557,0.205706268548965,1.07474589347839,9.9608104210346e-4,0.0840555876493454,0.389460921287537,0.00261516380123794,0.00119159114547074,0.00111745658796281,0.238207370042801,0.35961440205574,8.579765342631161e-9,0.147329822182655,0.269980877637863,0.269980877637863,-0.0719596967101097,2.12311816215515,6.4649066189304e-4,-0.0360265448689461,-0.0360265448689461,0.00102199940010905,0.0840555876493454,-0.0514370985329151,1.27579367160797,0.345572829246521,0.0439871028065681,2.42895936965942,3.4615484764799e-4,0.615238308906555,0.00333884498104453,1778.3999999999999,1222.3999999999999,3.42
3081,2024,2024,464,Millville,07-11-2024,1855,0.011688138358295,0.00216888333670795,0.611081421375275,7.8520318493247e-4,2.14013051986694,0.0545016229152679,0.144306048750877,1.22027456760406,0.001216558390297,0.0434005111455917,0.355643957853317,0.0027457585092634,0.00156706268899143,0.00129012623801827,0.241402179002762,0.265312880277634,3.76968500859221e-8,0.11589727550745,0.332656145095825,0.332656145095825,-0.196487084031105,1.72224712371826,5.5567151866853e-4,-0.0992105230689049,-0.0992105230689049,0.00125954940449446,0.0434005111455917,-0.137212634086609,1.10387396812439,0.26218056678772,0.133593767881393,2.57000756263733,2.1541777823586e-4,0.611081421375275,0.0027602578047663,1778.3999999999999,1222.3999999999999,3.42
3081,2024,2024,464,Millville,07-16-2024,1855,0.00667035346850753,0.00257652276195586,0.586580395698547,8.9294632198289e-4,2.30612516403198,0.058933924883604,0.14629915356636,1.26749169826508,0.00145064119715244,0.0366491563618183,0.362184137105942,0.00331500428728759,0.00192773423623294,0.00152515957597643,0.260572701692581,0.25031715631485,6.84000411865782e-8,0.121949419379234,0.36810964345932,0.36810964345932,-0.23269784450531,1.66779482364655,7.0214545121416e-4,-0.117968089878559,-0.117968089878559,0.00151209440082312,0.0366491563618183,-0.159570261836052,1.13570129871368,0.27777311205864,0.163223713636398,2.7101743221283,2.2507891117129e-4,0.586580395698547,0.00317000108771026,1778.3999999999999,1222.3999999999999,3.42
3089,2024,2024,466,Millville,06-05-2024,1863,0.0044603836722672,0.00151782482862473,0.606358230113983,5.0471280701458e-4,0.737250804901123,0.0848577693104744,0.271048069000244,0.94931948184967,7.1268092142418e-4,0.124818250536919,0.445968896150589,0.00235247169621289,7.8941771062091e-4,8.4793637506663e-4,0.245052292943001,0.468249320983887,-2.8883324620920803e-9,0.204855680465698,0.221709102392197,0.221709102392197,0.051962960511446,2.76116132736206,7.3063903255388e-4,0.0259990449994802,0.0259990449994802,7.2871800512075e-4,0.124818250536919,0.0377813018858433,1.6099054813385,0.51526665687561,-0.0297798328101635,2.38129162788391,3.6667892709374e-4,0.606358230113983,0.00344687723554671,4490.4,3134.3999999999996,5.42
3089,2024,2024,466,Millville,06-25-2024,1863,0.00125820841640234,0.00172938033938408,0.62296187877655,6.2323443125933e-4,1.57029855251312,0.0694753974676132,0.184655696153641,1.10670638084412,9.0878503397107e-4,0.0722957029938698,0.404083013534546,0.0024023144505918,0.00111052487045527,9.9205342121422e-4,0.232314825057983,0.362010419368744,1.04369926035019e-8,0.151310056447983,0.279864132404327,0.279864132404327,-0.101042404770851,2.13484764099121,6.01832580287e-4,-0.0506508126854897,-0.0506508126854897,9.3208573525771e-4,0.0722957029938698,-0.0721122324466705,1.35617208480835,0.356573224067688,0.0615192018449306,2.59726691246033,2.6060559321194e-4,0.62296187877655,0.0030536309350282,4490.4,3134.3999999999996,5.42
3089,2024,2024,466,Millville,07-11-2024,1863,0.00270668277516961,0.00201566563919187,0.615484535694122,6.9531030021607e-4,2.3508448600769,0.0509314835071564,0.125713244080544,1.25611555576324,0.00108491932041943,0.0320363976061344,0.380816340446472,0.00257600168697536,0.00143222941551358,0.00113135727588087,0.238018661737442,0.275668025016785,3.59386937986983e-8,0.120642893016338,0.341811269521713,0.341811269521713,-0.224152594804764,1.76116514205933,5.2552501438185e-4,-0.113520614802837,-0.113520614802837,0.00112622731830925,0.0320363976061344,-0.156515195965767,1.23005938529968,0.27438884973526,0.147804290056229,2.80823802947998,1.3831380056217e-4,0.615484535694122,0.00261417822912335,4490.4,3134.3999999999996,5.42
3089,2024,2024,466,Millville,07-16-2024,1863,8.2740822108462e-4,0.0024477350525558,0.594293177127838,8.7821763008832e-4,2.54601430892944,0.0500521995127201,0.122770212590694,1.31127059459686,0.00143321917857975,0.0235838536173105,0.358177363872528,0.00309747620485723,0.00193592300638556,0.00148235121741891,0.254474431276321,0.234326422214508,7.45859338735499e-8,0.120144240558147,0.377101242542267,0.377101242542267,-0.264551907777786,1.61207926273346,6.5437518060207e-4,-0.134675070643425,-0.134675070643425,0.0014976809034124,0.0235838536173105,-0.181915163993835,1.11612570285797,0.27309986948967,0.188856169581413,2.77028942108154,1.3455739826895e-4,0.594293177127838,0.00282432045787573,4490.4,3134.3999999999996,5.42
3099,2024,2024,468,Millville,06-05-2024,1872,0.015558734536171,0.0016127509297803,0.62701815366745,5.9543264796957e-4,1.0927906036377,0.075647696852684,0.220974549651146,1.01684403419495,8.417364442721e-4,0.0979296341538429,0.40844401717186,0.00236776703968644,9.7252818522974e-4,9.6069701248779e-4,0.229242533445358,0.401687979698181,1.41605438486181e-9,0.179665774106979,0.235494151711464,0.235494151711464,-0.0167021602392197,2.34273815155029,6.7837024107575e-4,-0.00835166312754154,-0.00835166312754154,8.615207625553e-4,0.0979296341538429,-0.012007437646389,1.38091397285461,0.43803083896637,0.0105669898912311,2.29174065589905,3.3934210659936e-4,0.62701815366745,0.00317698461003602,4386.4,2918.3999999999996,5.66
3099,2024,2024,468,Millville,06-25-2024,1872,0.00605627335608006,0.00173859368078411,0.608016610145569,5.792035954073e-4,1.23332548141479,0.077849917113781,0.222639963030815,1.04455196857452,8.3811860531568e-4,0.0944299101829529,0.428549379110336,0.00245528458617628,9.7323179943487e-4,9.6420402405783e-4,0.243768244981766,0.41730210185051,3.14966031034203e-9,0.167110323905945,0.262411415576935,0.262411415576935,-0.0435605496168137,2.4323103427887,6.5934855956584e-4,-0.0217906162142754,-0.0217906162142754,8.5866771405562e-4,0.0944299101829529,-0.0313396826386452,1.49986493587494,0.401278406381607,0.0251394659280777,2.4433870315551798,3.2033858587965e-4,0.608016610145569,0.00331780477426946,4386.4,2918.3999999999996,5.66
3099,2024,2024,468,Millville,07-11-2024,1872,0.0107967965304852,0.00201064045540988,0.631430864334106,7.283886661753e-4,2.31368350982666,0.0481735207140446,0.120198972523212,1.23895680904388,0.00110323214903474,0.0324226245284081,0.367824405431747,0.00254102796316147,0.00142271944787353,0.00115528120659292,0.225917726755142,0.269760221242905,3.3161946078053e-8,0.117432311177254,0.32557275891304,0.32557275891304,-0.211049720644951,1.73882651329041,4.9052067333832e-4,-0.106726855039597,-0.106726855039597,0.00113978504668921,0.0324226245284081,-0.149187982082367,1.16367793083191,0.266115128993988,0.142196148633957,2.69483256340027,1.461688807467e-4,0.631430864334106,0.00244865939021111,4386.4,2918.3999999999996,5.66
3099,2024,2024,468,Millville,07-16-2024,1872,0.00492680631577969,0.00240463367663324,0.607607543468475,8.5974810644984e-4,2.56858539581299,0.0460541099309921,0.113818615674973,1.30614995956421,0.0013830402167514,0.0216015987098217,0.359558969736099,0.00303935771808028,0.00186067004688084,0.00142769003286958,0.244084715843201,0.233706533908844,6.78905323070467e-8,0.118001148104668,0.365584224462509,0.365584224462509,-0.260909259319305,1.60996615886688,6.1570544494316e-4,-0.132753700017929,-0.132753700017929,0.00144381471909583,0.0216015987098217,-0.180695340037346,1.12284803390503,0.267576634883881,0.186426639556885,2.7737340927124,1.202534258482e-4,0.607607543468475,0.00264715985395014,4386.4,2918.3999999999996,5.66
3104,2024,2024,469,Millville,06-05-2024,1876,0.0159604642540216,0.00169978407211602,0.620507717132568,6.1820721020922e-4,0.96116578578949,0.077360711991787,0.233648285269737,0.992520928382874,8.6699042003601e-4,0.104990147054195,0.391435116529465,0.00253159808926284,9.8255486227572e-4,9.9278381094336e-4,0.234181091189384,0.39553627371788,-5.47559275698717e-10,0.17227903008461,0.229498952627182,0.229498952627182,0.00750702759250998,2.30871796607971,6.712139584124e-4,0.0037535666488111,0.0037535666488111,8.8657479500398e-4,0.104990147054195,0.00547208450734615,1.2864203453064,0.416273206472397,-0.00454248022288084,2.16981911659241,3.8029989809729e-4,0.620507717132568,0.00323165534064174,6838.4,4406.4,7.68
3104,2024,2024,469,Millville,06-25-2024,1876,0.0207545626908541,0.00188596837688237,0.622693419456482,6.4507580827921e-4,1.39657235145569,0.0724976137280464,0.197870388627052,1.07379996776581,9.317547082901e-4,0.0815007984638214,0.391120404005051,0.00257761660031974,0.00111169798765332,0.00104738469235599,0.232518687844276,0.364775478839874,7.523782485918671e-9,0.15227073431015,0.268325090408325,0.268325090408325,-0.0710835829377174,2.14849305152893,6.2553014140576e-4,-0.0355868004262447,-0.0355868004262447,9.5510220853611e-4,0.0815007984638214,-0.0506879016757011,1.2847216129303,0.359243810176849,0.0440342277288437,2.38329291343689,3.2713601831346e-4,0.622693419456482,0.0031314198859036,6838.4,4406.4,7.68
3104,2024,2024,469,Millville,07-11-2024,1876,0.0125220827758312,0.00215841550379992,0.621855795383453,7.8082358231768e-4,2.21560502052307,0.0533204562962055,0.132969528436661,1.22849369049072,0.00118959229439497,0.0385220050811768,0.358518958091736,0.00276509393006563,0.00153636874165386,0.00125509465578943,0.233155235648155,0.266203969717026,3.72199053799704e-8,0.113783925771713,0.326976090669632,0.326976090669632,-0.202932134270668,1.72555303573608,5.3098576609045e-4,-0.102532781660557,-0.102532781660557,0.0012301973765716,0.0385220050811768,-0.142692342400551,1.11778497695923,0.256786018610001,0.13553960621357,2.59421396255493,1.8631738203112e-4,0.621855795383453,0.00269565428607166,6838.4,4406.4,7.68
3104,2024,2024,469,Millville,07-16-2024,1876,0.00467427633702755,0.00255214259959757,0.605757057666779,9.5247785793617e-4,2.51469802856445,0.0467578209936619,0.120049931108952,1.29824209213257,0.00151899002958089,0.0244729351252317,0.338507086038589,0.00317704421468079,0.00204287632368505,0.00157348369248211,0.245518431067467,0.21694178879261,8.09188662742599e-8,0.108278043568134,0.363633006811142,0.363633006811142,-0.255241006612778,1.55408847332001,6.1267823912203e-4,-0.129769667983055,-0.129769667983055,0.00158577191177756,0.0244729351252317,-0.176071226596832,1.02346408367157,0.242851585149765,0.185241967439651,2.62666058540344,1.5177340537775e-4,0.605757057666779,0.00270038819871843,6838.4,4406.4,7.68
3122,2024,2024,473,Millville,06-05-2024,1892,0.0157855860888958,0.00137125502806157,0.554028630256653,3.9776388439349e-4,0.523473978042603,0.077640101313591,0.334535092115402,0.896561145782471,5.8319536037743e-4,0.157914638519287,0.456222653388977,0.00208552530966699,6.3110521296039e-4,7.4016058351844e-4,0.286977559328079,0.506417334079742,-4.0100514020480205e-9,0.201799988746643,0.229034617543221,0.229034617543221,0.108756892383099,3.05200576782227,6.4500770531594e-4,0.0545402020215988,0.0545402020215988,6.0183717869222e-4,0.157914638519287,0.077105239033699,1.67797601222992,0.505637645721436,-0.0580806359648705,2.31609106063843,3.8726578350178e-4,0.554028630256653,0.00312887178733945,5890.4,3946.3999999999996,5.7
3122,2024,2024,473,Millville,06-25-2024,1892,0.00728117302060127,0.00147851882502437,0.617096304893494,5.0322478637099e-4,1.4032998085022,0.0640489906072617,0.201676800847054,1.0759871006012,7.2745356010273e-4,0.0825139284133911,0.424909025430679,0.0020525858271867,8.7009090930223e-4,8.1561942351982e-4,0.236784696578979,0.398452073335648,4.45106351776303e-9,0.165044292807579,0.266355782747269,0.266355782747269,-0.0731077864766121,2.32475590705872,5.6692666839808e-4,-0.0366028696298599,-0.0366028696298599,7.4622005922719e-4,0.0825139284133911,-0.0521668046712875,1.47771060466766,0.395336657762527,0.0433979071676731,2.61792683601379,2.514308434911e-4,0.617096304893494,0.00279046641662717,5890.4,3946.3999999999996,5.7
3122,2024,2024,473,Millville,07-11-2024,1892,0.0118368547409773,0.00176229560747743,0.633637249469757,6.2154553597793e-4,2.32881021499634,0.0472263246774673,0.118265755474567,1.24164092540741,9.5079513266682e-4,0.0314739979803562,0.380522817373276,0.00226374575868249,0.00123210658784956,9.9253887310624e-4,0.22426201403141,0.282857060432434,2.44539961613555e-8,0.124857999384403,0.323738873004913,0.323738873004913,-0.213116511702538,1.78884434700012,4.8005813732743e-4,-0.107796467840672,-0.107796467840672,9.8299398086965e-4,0.0314739979803562,-0.150654509663582,1.22852897644043,0.285343408584595,0.140472754836082,2.75889182090759,1.2100616731913e-4,0.633637249469757,0.00235708942636847,5890.4,3946.3999999999996,5.7
3122,2024,2024,473,Millville,07-16-2024,1892,0.00578494369983673,0.00224221381358802,0.611872434616089,8.3428801735863e-4,2.61735606193542,0.0452699214220047,0.109420038759708,1.31298267841339,0.00132507877424359,0.0188987497240305,0.358586251735687,0.00284518115222454,0.00177288195118308,0.00135692686308175,0.240792989730835,0.23481260240078,6.1925831573717e-8,0.122250594198704,0.363569408655167,0.363569408655167,-0.265765011310577,1.6137387752533,5.9999735094606e-4,-0.135315626859665,-0.135315626859665,0.00137876439839602,0.0188987497240305,-0.184209048748016,1.11811208724976,0.278554648160934,0.189422160387039,2.77792620658875,9.54732531681657e-5,0.611872434616089,0.00256607658229768,5890.4,3946.3999999999996,5.7
3128,2024,2024,475,Millville,06-05-2024,1897,0.0281708091497421,0.00167330622207373,0.558159351348877,4.7506185364909e-4,0.504612147808075,0.0850029364228249,0.334158837795258,0.893263876438141,7.0960016455501e-4,0.159251019358635,0.437140315771103,0.00248168362304568,7.5805193046107e-4,9.132656850852e-4,0.283565729856491,0.491585284471512,-5.77202552420886e-9,0.181514233350754,0.230059593915939,0.230059593915939,0.112396381795406,2.93379664421082,6.612193537876e-4,0.0563768073916435,0.0563768073916435,7.3290365980938e-4,0.159251019358635,0.0818171799182892,1.55328333377838,0.443536669015884,-0.060097049921751,2.17914915084839,4.4664076995104e-4,0.558159351348877,0.00340172392316163,4774.4,3214.4,1.38
3128,2024,2024,475,Millville,06-25-2024,1897,0.0120546547695994,0.00176689669024199,0.659351646900177,6.6577398683875e-4,1.7061060667038,0.06074183806777,0.151135146617889,1.11981129646301,9.4443641137331e-4,0.0584062598645687,0.383159935474396,0.00234876805916429,0.001144555862993,0.00103837472852319,0.205290019512177,0.334956794977188,1.21010863551874e-8,0.14260421693325,0.257854610681534,0.257854610681534,-0.11267963796854,2.00732350349426,5.4395291954278e-4,-0.0565197989344597,-0.0565197989344597,9.669151622802e-4,0.0584062598645687,-0.0827006697654724,1.24233150482178,0.332644999027252,0.0712534114718437,2.44171023368835,2.3141838028095e-4,0.659351646900177,0.0027126744389534,4774.4,3214.4,1.38
3128,2024,2024,475,Millville,07-11-2024,1897,0.0102826030924916,0.00200350396335125,0.631328523159027,7.3470297502353e-4,2.34190154075623,0.0451929643750191,0.117879591882229,1.24462306499481,0.00112591276410967,0.031066320836544,0.361004650592804,0.00250660791061819,0.00146854051854461,0.0011755550513044,0.225994601845741,0.261630982160568,3.60879681693405e-8,0.119487799704075,0.3274005651474,0.3274005651474,-0.215405240654945,1.70867276191711,5.0322379684075e-4,-0.108981810510159,-0.108981810510159,0.00116498570423573,0.031066320836544,-0.151895195245743,1.12991333007812,0.271405160427094,0.149694219231606,2.64384245872498,1.3890945410821e-4,0.631328523159027,0.00238084653392434,4774.4,3214.4,1.38
3128,2024,2024,475,Millville,07-16-2024,1897,0.00212676613591611,0.00246558384969831,0.623863220214844,9.5444940961897e-4,2.81599140167236,0.0459147356450558,0.0881533771753311,1.33991312980652,0.00150146277155727,0.00861341040581465,0.34795817732811,0.003126319963485,0.00202838121913373,0.00152083637658507,0.231630802154541,0.215282618999481,8.55818882428139e-8,0.118674375116825,0.364958107471466,0.364958107471466,-0.28453055024147,1.54868829250336,6.5624562557786e-4,-0.145267441868782,-0.145267441868782,0.00156573159620166,0.00861341040581465,-0.197864189743996,1.06728780269623,0.269308805465698,0.206979796290398,2.76772427558899,5.0663515139604e-5,0.623863220214844,0.00272780447266996,4774.4,3214.4,1.38
3138,2024,2024,477,Millville,06-05-2024,1906,0.0189169365912676,0.0015743951080367,0.540504693984985,4.0664372500032e-4,0.329849749803543,0.0970312505960464,0.3804711997509,0.845142304897308,6.0703477356582e-4,0.184342324733734,0.495490521192551,0.00255623646080494,6.3590053468942e-4,7.9877092503011e-4,0.298275828361511,0.569725811481476,-6.166663624185281e-9,0.216480076313019,0.225522071123123,0.225522071123123,0.166680365800858,3.64819931983948,7.6179747702553e-4,0.0839272066950798,0.0839272066950798,6.2643078854307e-4,0.184342324733734,0.118328601121902,1.96424674987793,0.552583456039429,-0.081126444041729,2.26495122909546,4.4414401054382e-4,0.540504693984985,0.00387459923513234,9214.4,5854.4000000000005,4.46
3138,2024,2024,477,Millville,06-25-2024,1906,0.00847144052386284,0.00161677703727037,0.638204157352448,5.5456318659707e-4,1.59735584259033,0.0679658576846123,0.173425331711769,1.10641813278198,7.9716485925018e-4,0.067460723221302,0.421632796525955,0.00230859220027924,9.7065739100799e-4,8.7952648755163e-4,0.220849022269249,0.390232771635056,7.95723043012231e-9,0.161715820431709,0.264780402183533,0.264780402183533,-0.100784495472908,2.27994012832642,6.0607324121519e-4,-0.0505208633840084,-0.0505208633840084,8.1724202027544e-4,0.067460723221302,-0.072512149810791,1.45801091194153,0.385825753211975,0.0596749074757099,2.61236548423767,2.323879598407e-4,0.638204157352448,0.00299359275959432,9214.4,5854.4000000000005,4.46
3138,2024,2024,477,Millville,07-11-2024,1906,0.0125517509877682,0.00189462874550372,0.619913280010223,6.3821696676313e-4,2.08170413970947,0.0547993034124374,0.145038098096848,1.20521628856659,9.7833981271833e-4,0.0455335006117821,0.387349933385849,0.00249151769094169,0.00125837838277221,0.00105088041163981,0.234633982181549,0.310564398765564,2.24145342286874e-8,0.13010872900486,0.317789554595947,0.317789554595947,-0.184520974755287,1.90092360973358,5.3304561879485e-4,-0.0930594727396965,-0.0930594727396965,0.00101455673575401,0.0455335006117821,-0.129569932818413,1.26450622081757,0.299137890338898,0.117261216044426,2.65941834449768,1.9023928325623e-4,0.619913280010223,0.00265390425920486,9214.4,5854.4000000000005,4.46
3138,2024,2024,477,Millville,07-16-2024,1906,0.00368744507431984,0.00248062051832676,0.610720872879028,9.4024348072707e-4,2.56240653991699,0.0447601526975632,0.1137785166502,1.30359220504761,0.001493148971349,0.021728552877903,0.339006543159485,0.00310724647715688,0.00199494254775345,0.00153622357174754,0.241680040955544,0.215253233909607,7.79303235276529e-8,0.113305702805519,0.363025784492493,0.363025784492493,-0.259081661701202,1.54859292507172,6.1479373835027e-4,-0.131790786981583,-0.131790786981583,0.00155430904123932,0.021728552877903,-0.178805157542229,1.02574861049652,0.255568832159042,0.190167903900146,2.64150762557983,1.3175823551137e-4,0.610720872879028,0.00261709117330611,9214.4,5854.4000000000005,4.46
3155,2024,2024,481,Millville,06-05-2024,1922,0.00308928964659572,0.00176452402956784,0.61464482545852706,6.2996166525408e-4,1.01292979717255,0.0924559235572815,0.234926640987396,1.00265622138977,8.901726687327e-4,0.105193927884102,0.43130898475647,0.00270094000734389,0.00101759959943593,0.00102825288195163,0.238662555813789,0.431132674217224,2.76104694663104e-10,0.196454018354416,0.236437618732452,0.236437618732452,-0.00265280902385712,2.51575827598572,8.4050098666921e-4,-0.00132640684023499,-0.00132640684023499,9.0925727272406e-4,0.105193927884102,-0.00187219690997154,1.51684844493866,0.488967686891556,0.00153866759501398,2.4263699054718,4.1065094410441e-4,0.61464482545852706,0.00385724008083344,806.4,518.4,0.89
3155,2024,2024,481,Millville,06-25-2024,1922,0.00248359143733978,0.00188123085536063,0.551316201686859,5.6693615624681e-4,0.679395258426666,0.11346910148859,0.322120934724808,0.928018808364868,8.5022347047925e-4,0.148605927824974,0.460262209177017,0.00281773041933775,9.5172686269506e-4,0.00103161204606295,0.289227813482285,0.495769321918488,-6.672105090643751e-9,0.196823924779892,0.254578739404678,0.254578739404678,0.0745646953582764,2.96643900871277,9.1016717487946e-4,0.0373343117535114,0.0373343117535114,8.7385065853595e-4,0.148605927824974,0.0519532971084118,1.70550310611725,0.490114033222198,-0.0396469309926033,2.43302917480469,5.3921522339806e-4,0.551316201686859,0.00458057364448905,806.4,518.4,0.89
3155,2024,2024,481,Millville,07-11-2024,1922,0.00655589671805501,0.00230519776232541,0.599526345729828,8.049719617702e-4,2.13892388343811,0.0660914778709412,0.152522996068001,1.22795295715332,0.00126499682664871,0.0449186228215694,0.375629723072052,0.00297787832096219,0.00164885609410703,0.00133931380696595,0.250370144844055,0.284230977296829,4.47963088845427e-8,0.12550762295723,0.344394087791443,0.344394087791443,-0.202508226037025,1.79419755935669,6.5908790566027e-4,-0.102314054965973,-0.102314054965973,0.00131189601961523,0.0449186228215694,-0.139938905835152,1.20322751998901,0.28704109787941,0.133025601506233,2.70318722724915,2.3252444225363e-4,0.599526345729828,0.00325066386722028,806.4,518.4,0.89
3155,2024,2024,481,Millville,07-16-2024,1922,0.0040330202318728,0.00248084682971239,0.568039834499359,8.4666348993778e-4,2.26509356498718,0.061598889529705,0.16108426451683,1.27247333526611,0.00139936909545213,0.0411046631634235,0.366111755371094,0.0032200391869992,0.00188814417924732,0.00147205882240087,0.275477826595306,0.251315057277679,6.80008582776281e-8,0.12683279812336,0.383151173591614,0.383151173591614,-0.236404687166214,1.67135059833527,7.2997622191906e-4,-0.119901672005653,-0.119901672005653,0.00146370241418481,0.0411046631634235,-0.160103127360344,1.15513026714325,0.290512055158615,0.162712290883064,2.7702784538269,2.3329483519773e-4,0.568039834499359,0.00324704824015498,806.4,518.4,0.89
3160,2024,2024,482,Millville,06-05-2024,1926,0.0111913839355111,0.00151645531877875,0.571391046047211,4.4084870023652e-4,0.436045944690704,0.0968658402562141,0.331895798444748,0.880466163158417,6.3785666134208e-4,0.15897510945797,0.489780992269516,0.00256465980783105,6.6409009741619e-4,7.9577480209991e-4,0.272757709026337,0.545646667480469,-5.4061950471862e-9,0.221124514937401,0.216003447771072,0.216003447771072,0.126620501279831,3.40186071395874,7.9174828715622e-4,0.0635660588741302,0.0635660588741302,6.5553653985261e-4,0.15897510945797,0.091578021645546,1.91988515853882,0.567804574966431,-0.0649598315358162,2.40934443473816,4.5136181870475e-4,0.571391046047211,0.00389077351428568,8146.4,5434.4,10.44
3160,2024,2024,482,Millville,06-25-2024,1926,0.00845544598996639,0.00161158852279186,0.612528324127197,5.0099391955882e-4,1.16527080535889,0.0784344002604485,0.226266592741013,1.03343403339386,7.319992291741e-4,0.0984764918684959,0.444196105003357,0.00236437330022454,8.6075643775984e-4,8.3889771485701e-4,0.240288287401199,0.428591310977936,1.9973076526014202e-9,0.184196606278419,0.266791075468063,0.266791075468063,-0.0328753180801868,2.50012183189392,6.9425639230758e-4,-0.0164421051740646,-0.0164421051740646,7.5154076330363e-4,0.0984764918684959,-0.0230753403156996,1.59839153289795,0.451571047306061,0.0178329516202211,2.70628833770752,3.1229172600433e-4,0.612528324127197,0.00334633281454444,8146.4,5434.4,10.44
3160,2024,2024,482,Millville,07-11-2024,1926,0.004265655297786,0.00186841655522585,0.609363913536072,6.130586261861e-4,2.19149374961853,0.0577064603567123,0.141669824719429,1.23420989513397,9.6497643971815e-4,0.0410161018371582,0.405878514051437,0.00253770570270717,0.00126083474606276,0.00102462770882994,0.242726996541023,0.316357254981995,2.62673456319362e-8,0.139400780200958,0.339633524417877,0.339633524417877,-0.207378968596458,1.92550468444824,5.8611657004803e-4,-0.10482893884182,-0.10482893884182,0.00100318144541234,0.0410161018371582,-0.144070476293564,1.36631500720978,0.323962152004242,0.132064908742905,2.89147424697876,1.6874991706572e-4,0.609363913536072,0.00283712521195412,8146.4,5434.4,10.44
3160,2024,2024,482,Millville,07-16-2024,1926,0.00361298676580191,0.00240884046070278,0.593202412128448,8.5986981866881e-4,2.42020535469055,0.0480363294482231,0.133393377065659,1.28866636753082,0.00139817874878645,0.0303846821188927,0.344804495573044,0.00302683492191136,0.00187504990026355,0.00145402853377163,0.25533327460289,0.225729316473007,6.7419527738366e-8,0.11089850962162,0.371387362480164,0.371387362480164,-0.248307064175606,1.58307600021362,6.0059013776481e-4,-0.126128628849983,-0.126128628849983,0.00146018352825195,0.0303846821188927,-0.170068219304085,1.05252408981323,0.249461993575096,0.176790505647659,2.65829253196716,1.7111988563556e-4,0.593202412128448,0.00270258402451873,8146.4,5434.4,10.44
3167,2024,2024,484,Millville,06-05-2024,1933,0.0124949952587485,0.00155869079753757,0.639168560504913,5.7467550504952e-4,1.08766233921051,0.0713620558381081,0.208685472607613,1.01682555675507,7.9592270776629e-4,0.0927609875798225,0.405483275651932,0.00232769572176039,9.0417504543438e-4,9.0512132737785e-4,0.220130786299706,0.397908866405487,8.87472373367615e-10,0.176537171006203,0.21993000805378,0.21993000805378,-0.0166840218007565,2.32175636291504,6.4564496278762e-4,-0.00834259297698736,-0.00834259297698736,8.1120547838509e-4,0.0927609875798225,-0.0123763121664524,1.36407697200775,0.428767770528793,0.0108286570757627,2.25595998764038,3.1225976999849e-4,0.639168560504913,0.003000408411026,4294.4,2626.3999999999996,4.34
3167,2024,2024,484,Millville,06-25-2024,1933,0.011306393891573,0.00165620143525302,0.652225077152252,5.9126626001671e-4,1.80401837825775,0.0576000362634659,0.144475221633911,1.13389933109283,8.417225908488e-4,0.053960744291544,0.397249966859818,0.00233896262943745,0.00101719412487,9.1585994232446e-4,0.210488811135292,0.334576815366745,1.02299475557288e-8,0.150152072310448,0.271430760622025,0.271430760622025,-0.125005111098289,2.00560617446899,5.514807999134e-4,-0.0627486556768417,-0.0627486556768417,8.622255991213e-4,0.053960744291544,-0.0911388918757439,1.31812512874603,0.353362232446671,0.080361470580101,2.61640596389771,1.9990827422589e-4,0.652225077152252,0.00266054319217801,4294.4,2626.3999999999996,4.34
3167,2024,2024,484,Millville,07-11-2024,1933,0.0108275050297379,0.00174788280855864,0.629589140415192,6.4811401534825e-4,2.25482702255249,0.0441260524094105,0.125088959932327,1.22931337356567,9.855885291472e-4,0.0354081504046917,0.362320572137833,0.00233678868971765,0.00126169400755316,0.00103278737515211,0.227303206920624,0.262828379869461,2.48987870321571e-8,0.124742157757282,0.323399633169174,0.323399633169174,-0.203571677207947,1.71307229995728,4.9157079774886e-4,-0.102862812578678,-0.102862812578678,0.00101679959334433,0.0354081504046917,-0.143984109163284,1.13637220859528,0.285040944814682,0.141167208552361,2.6418821811676,1.4781460049562e-4,0.629589140415192,0.00233185011893511,4294.4,2626.3999999999996,4.34
3167,2024,2024,484,Millville,07-16-2024,1933,0.00624696165323257,0.00219936342909932,0.598216533660889,8.050991455093e-4,2.45039081573486,0.0467760525643826,0.129526719450951,1.28870558738708,0.00129416212439537,0.0283370018005371,0.348418116569519,0.00279115629382432,0.00173065520357341,0.00134141847956926,0.251394867897034,0.232843443751335,5.81195500615195e-8,0.121173091232777,0.363147735595703,0.363147735595703,-0.248335584998131,1.60702979564667,6.0165137983858e-4,-0.126143574714661,-0.126143574714661,0.00134669046383351,0.0283370018005371,-0.170883849263191,1.06945323944092,0.275760978460312,0.180123150348663,2.64105296134949,1.5228695701807e-4,0.598216533660889,0.0025985708925873,4294.4,2626.3999999999996,4.34
3177,2024,2024,486,Millville,06-05-2024,1942,0.00965792778879404,0.00149448215961456,0.567075371742249,4.5917651732452e-4,0.440835565328598,0.0906457081437111,0.336754322052002,0.876851379871368,6.611428107135e-4,0.160963520407677,0.444196969270706,0.00230978173203766,7.0734566543251e-4,8.2241115160286e-4,0.276262760162354,0.506036400794983,-5.5849205260472e-9,0.188697919249535,0.220423266291618,0.220423266291618,0.130666390061378,3.04888129234314,6.7492120433598e-4,0.0656144693493843,0.0656144693493843,6.7937903804704e-4,0.160963520407677,0.0937697738409042,1.59839725494385,0.465173035860062,-0.0668944269418716,2.202064037323,4.3534755241125e-4,0.567075371742249,0.00359015958383679,8910.4,5610.4,7.63
3177,2024,2024,486,Millville,06-25-2024,1942,0.00214162701740861,0.00159653287846595,0.617792546749115,5.0264433957636e-4,1.303346991539,0.0699293613433838,0.208319574594498,1.0557450056076,7.3596421862021e-4,0.0872341245412827,0.425732880830765,0.0023132124915719,8.6762011051178e-4,8.6312158964574e-4,0.236252442002296,0.408855855464935,3.2727314192015902e-9,0.173373773694038,0.261018455028534,0.261018455028534,-0.0541935972869396,2.38326978683472,6.0775561723858e-4,-0.0271167233586311,-0.0271167233586311,7.5870909495279e-4,0.0872341245412827,-0.0394578017294407,1.48269987106323,0.419473201036453,0.032216239720583,2.48206996917725,2.9909663135185e-4,0.617792546749115,0.00296622375026345,8910.4,5610.4,7.63
3177,2024,2024,486,Millville,07-11-2024,1942,0.00688491808250546,0.00188663718290627,0.607468366622925,6.1973638366907e-4,2.04122233390808,0.0589283592998981,0.157227516174316,1.20527684688568,9.7049720352515e-4,0.0500958040356636,0.389118164777756,0.00247198552824557,0.00125167344231158,0.00104490458033979,0.244192451238632,0.310435771942139,2.33092531942702e-8,0.126064583659172,0.326481521129608,0.326481521129608,-0.18456956744194,1.9003826379776,5.3206126904115e-4,-0.0930844098329544,-0.0930844098329544,0.00100664678029716,0.0500958040356636,-0.128922954201698,1.27395570278168,0.288498640060425,0.117045857012272,2.69668650627136,2.0401955407578e-4,0.607468366622925,0.00278007565066218,8910.4,5610.4,7.63
3177,2024,2024,486,Millville,07-16-2024,1942,0.00175156618934125,0.00247525679878891,0.616341054439545,9.7499706316739e-4,2.52801942825317,0.0383411236107349,0.114087000489235,1.29359686374664,0.00153874733950943,0.0229994785040617,0.312582671642303,0.00298881693743169,0.00205336092039943,0.00158323685172945,0.23736260831356,0.190055072307587,7.89349030583253e-8,0.0956877321004868,0.354319453239441,0.354319453239441,-0.251886993646622,1.46930372714996,5.2403833251446e-4,-0.128007188439369,-0.128007188439369,0.00160125934053212,0.0229994785040617,-0.175360068678856,0.909440994262695,0.211625456809998,0.18708224594593,2.46426749229431,1.4062903937883e-4,0.616341054439545,0.00233784271404147,8910.4,5610.4,7.63
3179,2024,2024,486,Millville,06-05-2024,1944,0.00467239366844296,0.00195093580987304,0.688691318035126,9.0786488726735e-4,2.07119154930115,0.0428510010242462,0.108145944774151,1.16405212879181,0.00126361625734717,0.0372871421277523,0.28835928440094,0.00243648770265281,0.00156086368951946,0.00132101774215698,0.184349045157433,0.214297145605087,2.95895752344677e-8,0.109640032052994,0.254163235425949,0.254163235425949,-0.150749385356903,1.54549157619476,4.7829272807575e-4,-0.0758078619837761,-0.0758078619837761,0.00129443337209523,0.0372871421277523,-0.111489795148373,0.810406923294067,0.246282488107681,0.113367393612862,2.10129380226135,1.9820930901914e-4,0.688691318035126,0.00215150788426399,1078.4,646.4,1.07
3179,2024,2024,486,Millville,06-25-2024,1944,0.00611345190554857,0.00214930181391537,0.656258285045624,9.1708934633061e-4,1.70083951950073,0.0596914738416672,0.151986062526703,1.11992502212524,0.00130093854386359,0.0589557625353336,0.318097829818726,0.00268391403369606,0.0015666444087401,0.0013971634907648,0.20754112303257,0.265128135681152,2.14039292956159e-8,0.11078455299139,0.261446863412857,0.261446863412857,-0.112779922783375,1.72156298160553,5.3517858032137e-4,-0.0565704219043255,-0.0565704219043255,0.00133054400794208,0.0589557625353336,-0.0823786333203316,0.932972073554993,0.24917371571064,0.078138992190361,2.11180067062378,2.9736923170276e-4,0.656258285045624,0.00275459862314165,1078.4,646.4,1.07
3179,2024,2024,486,Millville,07-11-2024,1944,0.00617051590234041,0.00230213790200651,0.65115487575531,9.6205668523907e-4,2.39690566062927,0.0382975079119205,0.105618998408318,1.24332809448242,0.00142710586078465,0.0270678829401731,0.296350568532944,0.00274237664416432,0.00183968769852072,0.00147397199179977,0.211273416876793,0.192204341292381,5.54135191066507e-8,0.0841807276010513,0.31259673833847,0.31259673833847,-0.214412331581116,1.47587370872498,4.2097151163034e-4,-0.10846746712923,-0.10846746712923,0.00147172005381435,0.0270678829401731,-0.152728751301765,0.842324435710907,0.183836981654167,0.155660539865494,2.29845547676086,1.5116753638722e-4,0.65115487575531,0.00218821247108281,1078.4,646.4,1.07
3179,2024,2024,486,Millville,07-16-2024,1944,0.00171928224153817,0.00257832906208932,0.622402548789978,0.00103905762080103,2.50759959220886,0.0376003012061119,0.1120330914855,1.28484690189362,0.00162032665684819,0.0237898342311382,0.299130767583847,0.00310820946469903,0.00214986223727465,0.001666423631832,0.232739686965942,0.180389821529388,8.56339781307724e-8,0.0933246687054634,0.347279965877533,0.347279965877533,-0.245519831776619,1.44018447399139,5.2637385670095e-4,-0.124667853116989,-0.124667853116989,0.00168329349253327,0.0237898342311382,-0.17167791724205,0.853599429130554,0.205861270427704,0.184369310736656,2.38372683525085,1.5313431504182e-4,0.622402548789978,0.0023331034462899,1078.4,646.4,1.07
3182,2024,2024,487,Millville,06-05-2024,1946,0.013520298525691,0.00150574068538845,0.619242489337921,5.1480723777785e-4,0.869647085666656,0.0693226754665375,0.244568943977356,0.97449517250061,7.270373753272e-4,0.112116813659668,0.41734990477562,0.00223450362682343,8.0182269448414e-4,8.6119212210178e-4,0.235145434737206,0.425667494535446,-1.42975331574036e-9,0.188136324286461,0.223977699875832,0.223977699875832,0.0258299764245749,2.48230314254761,6.2681711278855e-4,0.0129171134904027,0.0129171134904027,7.4563454836607e-4,0.112116813659668,0.0188409611582756,1.43259191513062,0.463467806577682,-0.0155050344765186,2.25604319572449,3.3107097260654e-4,0.619242489337921,0.00286236801184714,4698.4,3018.3999999999996,5.31
3182,2024,2024,487,Millville,06-25-2024,1946,0.00524628814309835,0.00157915358431637,0.639763176441193,5.8396137319505e-4,1.6137216091156,0.0577934309840202,0.165485367178917,1.10480153560638,8.4312894614413e-4,0.0644420832395554,0.389245837926865,0.00217095832340419,0.00100983423180878,9.3637296231463e-4,0.219688341021538,0.341938257217407,7.64278595966061e-9,0.150670945644379,0.267221361398697,0.267221361398697,-0.0993370115756989,2.03922867774963,5.3384475177153e-4,-0.0497916415333748,-0.0497916415333748,8.6420407751575e-4,0.0644420832395554,-0.0724457651376724,1.2746399641037,0.354799926280975,0.0639189034700394,2.47757196426392,2.2634788183495e-4,0.639763176441193,0.00258444272913039,4698.4,3018.3999999999996,5.31
3182,2024,2024,487,Millville,07-11-2024,1946,0.0118126068264246,0.00189046165905893,0.626667320728302,7.0889794733375e-4,2.28639698028564,0.0440113954246044,0.124500744044781,1.24126720428467,0.00108368857763708,0.0345029197633266,0.349228233098984,0.00237733218818903,0.00141525862272829,0.00112773128785193,0.22950766980648,0.250294655561447,3.29735101445294e-8,0.109181821346283,0.330019801855087,0.330019801855087,-0.212829053401947,1.66771471500397,4.5894522918388e-4,-0.107647657394409,-0.107647657394409,0.00112168141640723,0.0345029197633266,-0.149356469511986,1.0732741355896,0.24512705206871,0.144059062004089,2.58849573135376,1.4984869631007e-4,0.626667320728302,0.00228490843437612,4698.4,3018.3999999999996,5.31
3182,2024,2024,487,Millville,07-16-2024,1946,0.0037363066803664,0.00230152579024434,0.606929302215576,8.5508119082078e-4,2.50389409065247,0.0424811877310276,0.119609043002129,1.29360282421112,0.00136446882970631,0.0248601660132408,0.338675379753113,0.00284323794767261,0.00182595616206527,0.00141240016091615,0.244609862565994,0.218851566314697,6.42749498069861e-8,0.108031265437603,0.36130279302597,0.36130279302597,-0.251891314983368,1.56033277511597,5.4127257317304e-4,-0.128009468317032,-0.128009468317032,0.00141993619035929,0.0248601660132408,-0.174178436398506,1.02423334121704,0.242231041193008,0.181498423218727,2.61702942848206,1.3585937267635e-4,0.606929302215576,0.00242964806966484,4698.4,3018.3999999999996,5.31
3200,2024,2024,491,Millville,06-05-2024,1963,0.0577665828168392,0.00147443171590567,0.50348836183548,3.4627303830348e-4,0.0613783411681652,0.116405956447124,0.444030106067657,0.766590237617493,5.2793271606788e-4,0.222746789455414,0.543938517570496,0.00258965138345957,5.1778747001662e-4,7.2287447983399e-4,0.330239742994308,0.634537398815155,-8.872853562991171e-9,0.258496254682541,0.207407936453819,0.207407936453819,0.25971508026123,4.47251605987549,9.6887175459414e-4,0.132124438881874,0.132124438881874,5.4998329142108e-4,0.222746789455414,0.185431092977524,2.38537383079529,0.697221636772156,-0.115210488438606,2.49109625816345,5.0357903819531e-4,0.50348836183548,0.0045668613165617,12166.400000000001,7834.4,16.55
3200,2024,2024,491,Millville,06-25-2024,1963,0.0349763259291649,0.00164132285863161,0.566505670547485,4.5758284977637e-4,1.07859420776367,0.0892537012696266,0.271561741828918,1.01735055446625,7.0894428063184e-4,0.116047456860542,0.472220569849014,0.00248364848084748,8.2391453906893e-4,8.3397387061268e-4,0.276726931333542,0.476089894771576,1.0145324580435e-9,0.192757293581963,0.282164484262466,0.282164484262466,-0.0172001030296087,2.81744861602783,7.2578206891194e-4,-0.0086006885394454,-0.0086006885394454,7.3183997301384e-4,0.116047456860542,-0.0120662450790405,1.78946173191071,0.477569609880447,0.00872930884361267,2.80331110954285,3.4383917227387e-4,0.566505670547485,0.00369692081585526,12166.400000000001,7834.4,16.55
3200,2024,2024,491,Millville,07-11-2024,1963,0.0401011817157269,0.00174884358420968,0.576370000839233,5.0710939103737e-4,2.06111550331116,0.0602930001914501,0.172249048948288,1.21829080581665,8.3527114475145e-4,0.0517102517187595,0.429187625646591,0.00236783060245216,0.00109342660289258,9.0377283049747e-4,0.26873767375946,0.346915245056152,1.92279472344126e-8,0.142628371715546,0.354569792747498,0.354569792747498,-0.1949223279953,2.06238961219788,5.4973555961623e-4,-0.0984049290418625,-0.0984049290418625,8.712118724361e-4,0.0517102517187595,-0.134217813611031,1.50377821922302,0.332710742950439,0.120377264916897,3.02144765853882,1.9661273108795e-4,0.576370000839233,0.0028293973300606,12166.400000000001,7834.4,16.55
3200,2024,2024,491,Millville,07-16-2024,1963,0.0117226354777813,0.0022794040851295,0.586878001689911,7.8261992894113e-4,2.48115491867065,0.0488731488585472,0.133446827530861,1.30515539646149,0.00128562177997082,0.0277458783239126,0.37288823723793,0.00292163388803601,0.00173339177854359,0.00133948004804552,0.260336339473724,0.25251567363739,5.90464743766006e-8,0.126311585307121,0.378285795450211,0.378285795450211,-0.260199218988419,1.67564177513123,6.2929047271609e-4,-0.13237951695919,-0.13237951695919,0.00134584587067366,0.0277458783239126,-0.1780736297369,1.18922412395477,0.289145618677139,0.181544229388237,2.85840082168579,1.4138361439108e-4,0.586878001689911,0.00267650349996984,12166.400000000001,7834.4,16.55
3210,2024,2024,493,Millville,06-05-2024,1972,0.00778090348467231,0.00147016998380423,0.513079881668091,3.6830324097536e-4,0.198704928159714,0.0982538238167763,0.416316837072372,0.804950535297394,5.5791484192013e-4,0.205240353941917,0.487238436937332,0.00231459666974843,5.7391705922782e-4,7.4710702756419e-4,0.321807295084,0.569950938224792,-8.039813259586031e-9,0.214970976114273,0.218622699379921,0.218622699379921,0.213632494211197,3.65063214302063,7.7056366717442e-4,0.108063615858555,0.108063615858555,5.8074406115338e-4,0.205240353941917,0.1504997164011,1.90044844150543,0.547676503658295,-0.104023836553097,2.29167795181274,4.9737701192498e-4,0.513079881668091,0.00388038717210293,10502.4,6762.4000000000005,23.74
3210,2024,2024,493,Millville,06-25-2024,1972,0.00473376922309399,0.00157908501569182,0.589993715286255,5.0102965906262e-4,1.23986005783081,0.0754477605223656,0.234009861946106,1.05011582374573,7.5924402335658e-4,0.0985418185591698,0.437238782644272,0.00222292705439031,9.0270600048825e-4,8.6787337204441e-4,0.257866621017456,0.422411471605301,3.3184410774822502e-9,0.170563653111458,0.277992457151413,0.277992457151413,-0.0488615147769451,2.4626727104187,6.462832679972e-4,-0.0244453568011522,-0.0244453568011522,7.8207545448094e-4,0.0985418185591698,-0.034015029668808,1.55390524864197,0.411276072263718,0.0272663533687592,2.6383798122406,3.1115327146835e-4,0.589993715286255,0.00321198208257556,10502.4,6762.4000000000005,23.74
3210,2024,2024,493,Millville,07-11-2024,1972,0.0060223089531064,0.00178200169466436,0.595648527145386,5.7043391279876e-4,2.23530220985413,0.054847177118063,0.148435682058334,1.24477660655975,9.1652787523344e-4,0.0402302891016006,0.406692415475845,0.00234354822896421,0.00120233010966331,9.7207812359556e-4,0.253408849239349,0.313150197267532,2.4985238766817e-8,0.13474278151989,0.347993969917297,0.347993969917297,-0.215522915124893,1.9118447303772,5.4931867634877e-4,-0.109042778611183,-0.109042778611183,9.5461856108158e-4,0.0402302891016006,-0.149776861071587,1.37093281745911,0.311451405286789,0.138831347227097,2.89993286132812,1.5614664880558e-4,0.595648527145386,0.00266179488971829,10502.4,6762.4000000000005,23.74
3210,2024,2024,493,Millville,07-16-2024,1972,0.00280125834979117,0.00204850803129375,0.610308945178986,7.6667015673592e-4,2.70556330680847,0.0402618534862995,0.105203039944172,1.33100116252899,0.00122287904378027,0.0145835382863879,0.354139119386673,0.00261241989210248,0.0016529142158106,0.00124557875096798,0.241997689008713,0.224826738238335,5.68770168740684e-8,0.12171795964241,0.369809955358505,0.369809955358505,-0.278385758399963,1.58006834983826,5.6312978267669e-4,-0.141999557614326,-0.141999557614326,0.00127361761406064,0.0145835382863879,-0.192758366465569,1.0966420173645,0.277172833681107,0.201440870761871,2.78753352165222,7.02976612956263e-5,0.610308945178986,0.0023476576898247,10502.4,6762.4000000000005,23.74
3218,2024,2024,495,Millville,06-05-2024,1979,0.00943541247397661,0.00169554282911122,0.624326944351196,6.3198257703334e-4,1.25059676170349,0.0730060487985611,0.209881886839867,1.04645955562592,8.9825829491019e-4,0.089557521045208,0.402421981096268,0.00238551688380539,0.00104879215359688,0.00102283561136574,0.231279209256172,0.384124398231506,3.862297148771181e-9,0.173623159527779,0.24917209148407,0.24917209148407,-0.0453816242516041,2.24740934371948,6.7375419894233e-4,-0.0227025076746941,-0.0227025076746941,9.1993558453396e-4,0.089557521045208,-0.0330326966941357,1.34684336185455,0.420203357934952,0.0281564500182867,2.38778710365295,3.1459698220714e-4,0.624326944351196,0.0031062897760421,4114.4,2730.4,2.57
3218,2024,2024,495,Millville,06-25-2024,1979,0.00546308513730764,0.00182072212919593,0.643119096755981,6.8390055093914e-4,1.64222061634064,0.0666276142001152,0.165157422423363,1.11271369457245,9.8035496193915e-4,0.0639231279492378,0.388102799654007,0.00241824123077095,0.001179049606435,0.00107449432834983,0.217197239398956,0.346828132867813,1.16215774781381e-8,0.145340397953987,0.264372289180756,0.264372289180756,-0.10639750957489,2.06198120117188,5.8863579761236e-4,-0.0533501692116261,-0.0533501692116261,0.00100069516338408,0.0639231279492378,-0.0766878947615623,1.26852297782898,0.340112924575806,0.0668822675943375,2.43489193916321,2.5358924176544e-4,0.643119096755981,0.00295875314623117,4114.4,2730.4,2.57
3218,2024,2024,495,Millville,07-11-2024,1979,0.00330772390589118,0.0020248529035598,0.624587118625641,7.6528592035174e-4,2.28071403503418,0.0485993325710297,0.126913726329803,1.23865246772766,0.0011603586608544,0.0347026288509369,0.353575170040131,0.00254216860048473,0.0015094963600859,0.00121356418821961,0.231082007288933,0.256420463323593,3.68082631041489e-8,0.113167777657509,0.32811039686203,0.32811039686203,-0.210814982652664,1.68969213962555,5.0653796643018e-4,-0.106605418026447,-0.106605418026447,0.00119940366130322,0.0347026288509369,-0.148248791694641,1.09394061565399,0.255217969417572,0.143164813518524,2.59301114082336,1.5526708739344e-4,0.624587118625641,0.00250954856164753,4114.4,2730.4,2.57
3218,2024,2024,495,Millville,07-16-2024,1979,7.3688034899532e-4,0.00239903363399208,0.604717791080475,8.8340620277449e-4,2.50357818603516,0.0494200550019741,0.121033683419228,1.29649841785431,0.00140920700505376,0.0251497942954302,0.347296327352524,0.00301650492474437,0.00188722857274115,0.00146130716893822,0.246325045824051,0.227909162640572,6.83601300011105e-8,0.115793213248253,0.363146007061005,0.363146007061005,-0.253984451293945,1.59036874771118,6.2978698406368e-4,-0.129109084606171,-0.129109084606171,0.00146808510180563,0.0251497942954302,-0.175430342555046,1.06417775154114,0.261914312839508,0.18268458545208,2.67607498168945,1.4017354988027e-4,0.604717791080475,0.00274457479827106,4114.4,2730.4,2.57
3233,2024,2024,498,Millville,06-05-2024,1992,0.0045951260253787,0.00191401282791048,0.600476264953613,6.5053405705839e-4,0.905449330806732,0.102602429687977,0.258351117372513,0.980804860591888,9.3020807253196e-4,0.116088464856148,0.45089265704155,0.0028064246289432,0.00106244964990765,0.00108435074798763,0.249628037214279,0.455990791320801,-1.66286495684176e-9,0.19682416319847101,0.239838898181915,0.239838898181915,0.0193794164806604,2.67640829086304,8.9811935322359e-4,0.00969061907380819,0.00969061907380819,9.5279200468212e-4,0.116088464856148,0.0141721963882446,1.64227533340454,0.490114778280258,-0.0107162715867162,2.45967197418213,4.2168458458036e-4,0.600476264953613,0.00418974133208394,1650.3999999999999,1030.4,1.7
3233,2024,2024,498,Millville,06-25-2024,1992,0.00296848872676492,0.00188233249355108,0.610445141792297,6.095870048739e-4,1.29244756698608,0.0957583263516426,0.215089902281761,1.05577909946442,8.887696894817e-4,0.0899938717484474,0.459558695554733,0.00276795215904713,0.00104841426946223,0.00101080012973398,0.241892635822296,0.440677016973495,4.73264805123108e-9,0.183655589818954,0.267145693302155,0.267145693302155,-0.0542257316410542,2.57575130462646,8.369616116397e-4,-0.0271328240633011,-0.0271328240633011,9.1070070629939e-4,0.0899938717484474,-0.038664635270834,1.70067942142487,0.449946343898773,0.0301038883626461,2.81485724449158,3.2817013561725e-4,0.610445141792297,0.00407932698726654,1650.3999999999999,1030.4,1.7
3233,2024,2024,498,Millville,07-11-2024,1992,0.00315602822229266,0.00213632243685424,0.611721754074097,7.4377458076924e-4,2.00151634216309,0.0697851255536079,0.155286595225334,1.19461953639984,0.00114210066385567,0.0505430065095425,0.391547322273254,0.00282343407161534,0.00145558232907206,0.00122242735233158,0.240908950567245,0.31480485200882,2.91050668010939e-8,0.133812844753265,0.32333904504776,0.32333904504776,-0.175976753234863,1.91887640953064,6.5539393108338e-4,-0.0886803343892097,-0.0886803343892097,0.00117961352225393,0.0505430065095425,-0.123044669628143,1.28702640533447,0.30896982550621,0.112074263393879,2.73636078834534,2.3401691578328e-4,0.611721754074097,0.0032838205806911,1650.3999999999999,1030.4,1.7
3233,2024,2024,498,Millville,07-16-2024,1992,0.00183226680383086,0.0023238502908498,0.582318425178528,7.8377657337114e-4,2.2570972442627,0.0670736357569695,0.152939304709435,1.26162588596344,0.00127205846365541,0.0400101765990257,0.393900275230408,0.00311263324692845,0.00169154640752822,0.00134525366593152,0.263968050479889,0.285841971635818,5.2794060678707e-8,0.140885025262833,0.36810889840126,0.36810889840126,-0.228305697441101,1.8005006313324,7.6311221346259e-4,-0.115680433809757,-0.115680433809757,0.00132602802477777,0.0400101765990257,-0.155878961086273,1.29978704452515,0.327977120876312,0.15295235812664,2.90407800674438,2.1051896328572e-4,0.582318425178528,0.00337447365745902,1650.3999999999999,1030.4,1.7
3318,2024,2024,518,Millville,06-05-2024,2069,0.00788701977580786,0.00145162525586784,0.579389691352844,4.542747628875e-4,0.618581354618073,0.0870415419340134,0.30379763245582603,0.918241620063782,6.6068023443222e-4,0.142740100622177,0.478061944246292,0.00218884856440127,7.179458043538e-4,7.9915870446711e-4,0.266311913728714,0.512328922748566,-3.6238834155710703e-9,0.208729013800621,0.229295343160629,0.229295343160629,0.0850884690880775,3.1011266708374,7.3096447158604e-4,0.042621523141861,0.042621523141861,6.7830202169716e-4,0.142740100622177,0.0610523782670498,1.83187234401703,0.527579069137573,-0.0447791442275047,2.56411147117615,3.6745690158568e-4,0.579389691352844,0.00352710508741438,2978.3999999999996,1834.3999999999999,0.41
3318,2024,2024,518,Millville,06-25-2024,2069,0.00444737588986754,0.00150937889702618,0.639998495578766,5.2351283375173e-4,1.70419454574585,0.072228230535984,0.159264042973518,1.12450158596039,7.4731168569997e-4,0.0607025250792503,0.462663322687149,0.00223795743659139,9.0078270295634e-4,8.1655930262059e-4,0.219513297080994,0.414459675550461,7.293299297828071e-9,0.190706893801689,0.271924495697021,0.271924495697021,-0.116804324090481,2.41564846038818,6.9741182960569e-4,-0.0586027279496193,-0.0586027279496193,7.6429016189649e-4,0.0607025250792503,-0.0839682072401047,1.72206103801727,0.471292316913605,0.0673456788063049,3.04198789596558,1.8603014177642e-4,0.639998495578766,0.00318021303974092,2978.3999999999996,1834.3999999999999,0.41
3318,2024,2024,518,Millville,07-11-2024,2069,0.00173846597317606,0.00187424279283732,0.619346022605896,6.5237801754847e-4,2.16455435752869,0.0615224353969097,0.139374613761902,1.22063446044922,0.00100277923047543,0.0414902418851852,0.407464355230331,0.00250642327591777,0.00129967951215804,0.00105537415947765,0.235066488385201,0.317921757698059,2.65194941562186e-8,0.144407272338867,0.326006710529327,0.326006710529327,-0.196770533919334,1.93221497535706,6.2683195574209e-4,-0.0993564948439598,-0.0993564948439598,0.00103772571310401,0.0414902418851852,-0.137882277369499,1.37532448768616,0.337560802698135,0.125515505671501,2.88745522499084,1.6640355170238e-4,0.619346022605896,0.00293739070184529,2978.3999999999996,1834.3999999999999,0.41
3318,2024,2024,518,Millville,07-16-2024,2069,0.00110517570283264,0.00217202049680054,0.598112285137177,7.4140785727649e-4,2.4590699672699,0.0568001270294189,0.127690002322197,1.29115271568298,0.00119367486331612,0.0277485251426697,0.389818608760834,0.0028827004134655,0.00160682376008481,0.00124446779955178,0.251476526260376,0.270709425210953,5.00104562206616e-8,0.137485101819038,0.36643984913826,0.36643984913826,-0.250114947557449,1.74239122867584,6.9397391052916e-4,-0.127076983451843,-0.127076983451843,0.00124717783182859,0.0277485251426697,-0.172096863389015,1.27771377563477,0.318800538778305,0.171560168266296,2.95534038543701,1.4099113468546e-4,0.598112285137177,0.00300198141485453,2978.3999999999996,1834.3999999999999,0.41
3329,2024,2024,520,Millville,06-05-2024,2079,0.0193165875971317,0.00156368163879961,0.548963665962219,4.552002355922e-4,0.555522084236145,0.0913217216730118,0.34012833237648,0.899577260017395,6.7776994546875e-4,0.158077463507652,0.474906772375107,0.00243092561140656,7.3837809031829e-4,8.4440823411569e-4,0.291185855865479,0.514035642147064,-4.64882843331793e-9,0.207099869847298,0.237390071153641,0.237390071153641,0.105437159538269,3.11552858352661,7.6498865382745e-4,0.0528659224510193,0.0528659224510193,6.9971545599401e-4,0.158077463507652,0.0743028745055199,1.80884742736816,0.522385656833649,-0.0558283738791943,2.38053798675537,4.2001021211035e-4,0.548963665962219,0.00369674223475158,2030.3999999999999,1306.3999999999996,1.06
3329,2024,2024,520,Millville,06-25-2024,2079,0.0217578914016485,0.00193279259838164,0.596444487571716,6.5635045757517e-4,1.50846970081329,0.0765495970845222,0.203910678625107,1.10175716876984,0.00100731861311942,0.0801486596465111,0.404385268688202,0.00266740727238357,0.00125991681125015,0.00110287324059755,0.252783924341202,0.34393522143364,1.37742777184258e-8,0.144344910979271,0.295909762382507,0.295909762382507,-0.096604123711586,2.04847955703735,6.575800362043e-4,-0.0484152846038342,-0.0484152846038342,0.00104023690801114,0.0801486596465111,-0.0684173032641411,1.35787534713745,0.337390422821045,0.0602899640798569,2.55960965156555,3.4228136064484e-4,0.596444487571716,0.00339957675896585,2030.3999999999999,1306.3999999999996,1.06
3329,2024,2024,520,Millville,07-11-2024,2079,0.00805972889065742,0.00216525420546532,0.613289356231689,7.401377079077e-4,2.45495581626892,0.0527591332793236,0.117154650390148,1.27660882472992,0.00117175374180079,0.0265925731509924,0.38350909948349,0.00281475856900215,0.00156207312829792,0.00121611834038049,0.239703238010406,0.26041716337204,4.68470666703524e-8,0.120252251625061,0.348139017820358,0.348139017820358,-0.239465713500977,1.70422720909119,5.8416288811713e-4,-0.1215003952384,-0.1215003952384,0.00121930136810988,0.0265925731509924,-0.166508629918098,1.24416780471802,0.273378938436508,0.161363109946251,2.88932585716248,1.3434019638225e-4,0.613289356231689,0.00281219440512359,2030.3999999999999,1306.3999999999996,1.06
3329,2024,2024,520,Millville,07-16-2024,2079,0.00863140728324652,0.0022089418489486,0.578918516635895,7.5427099363878e-4,2.60094451904297,0.0403139404952526,0.125709190964699,1.33208501338959,0.00126261578407139,0.0211377181112766,0.356822490692139,0.00283056707121432,0.00173843884840608,0.00129547738470137,0.266689747571945,0.21758334338665,6.61559766967912e-8,0.110709972679615,0.388339906930923,0.388339906930923,-0.279136568307877,1.55618286132812,5.5402721045538e-4,-0.142398342490196,-0.142398342490196,0.00132678891532123,0.0211377181112766,-0.190693274140358,1.10956144332886,0.248985081911087,0.201781213283539,2.79798555374146,1.1406750127207e-4,0.578918516635895,0.00242738565430045,2030.3999999999999,1306.3999999999996,1.06
3334,2024,2024,521,Millville,06-05-2024,2084,0.0103816166520119,0.00139585649594665,0.576388239860535,4.282661830075e-4,0.62176525592804,0.0887645110487938,0.313112199306488,0.915335834026337,6.2490545678883e-4,0.147729933261871,0.481955289840698,0.00220387568697333,6.8935356102883e-4,7.5169937917962e-4,0.268723011016846,0.515862882137299,-3.5474789772393904e-9,0.222226664423943,0.243415847420692,0.243415847420692,0.0882342383265495,3.1310613155365,7.7851244714111e-4,0.0442033223807812,0.0442033223807812,6.4172153361141e-4,0.147729933261871,0.0623657740652561,1.86067068576813,0.571443259716034,-0.0453873611986637,2.54458975791931,3.6201998591423e-4,0.576388239860535,0.0035862356889993,6934.4000000000005,4498.4,12.13
3334,2024,2024,521,Millville,06-25-2024,2084,0.00639912858605385,0.00161340390332043,0.609585106372833,5.2197300828993e-4,1.39435935020447,0.0710341706871986,0.205434277653694,1.0769419670105,7.6469080522656e-4,0.0843937695026398,0.436525136232376,0.00228164787404239,9.1505533782765e-4,8.7293930118903e-4,0.242556229233742,0.401545077562332,5.15658715727341e-9,0.17285218834877,0.278430283069611,0.278430283069611,-0.0739900320768356,2.34193921089172,6.4877327531576e-4,-0.0370457880198956,-0.0370457880198956,7.8663910971954e-4,0.0843937695026398,-0.052884329110384,1.54940414428711,0.417947560548782,0.0425256378948689,2.7069368362426798,2.7144170599058e-4,0.609585106372833,0.00310308299958706,6934.4000000000005,4498.4,12.13
3334,2024,2024,521,Millville,07-11-2024,2084,9.3350640963763e-4,0.00202011875808239,0.614370405673981,7.0194079307839e-4,2.44793510437012,0.0506311282515526,0.115466438233852,1.27358853816986,0.00109772698488086,0.026721403002739,0.387915909290314,0.00264409673400223,0.00145964464172721,0.0011371165746823,0.238873064517975,0.271928489208221,3.9393196260562e-8,0.124104499816895,0.350388616323471,0.350388616323471,-0.237231567502022,1.74698293209076,5.6650739861652e-4,-0.120333358645439,-0.120333358645439,0.00114356633275747,0.026721403002739,-0.166166812181473,1.26752495765686,0.283377408981323,0.157815784215927,2.93838930130005,1.1907551379408e-4,0.614370405673981,0.00269385613501072,6934.4000000000005,4498.4,12.13
3334,2024,2024,521,Millville,07-16-2024,2084,8.8307523401454e-4,0.00242070038802922,0.597815275192261,8.8058022083714e-4,2.78103303909302,0.0440738946199417,0.103294789791107,1.35302841663361,0.00144136929884553,0.0108918352052569,0.360000133514404,0.00304902135394514,0.00197385554201901,0.00146538123954087,0.251709133386612,0.217551425099373,8.34093540902359e-8,0.116720519959927,0.384408175945282,0.384408175945282,-0.293457478284836,1.55607855319977,6.3570123165845e-4,-0.150031521916389,-0.150031521916389,0.00150865665636957,0.0108918352052569,-0.202082261443138,1.12500071525574,0.26428896188736,0.212448135018349,2.87680578231812,6.11634459346533e-5,0.597815275192261,0.00267480895854533,6934.4000000000005,4498.4,12.13
3345,2024,2024,523,Millville,06-05-2024,2092,0.0165779739618301,0.00182393507566303,0.6326624751091,7.0598680758848e-4,1.38777422904968,0.0721411108970642,0.191408663988113,1.07178163528442,0.00100812909658998,0.079137496650219,0.366864562034607,0.0025304239243269,0.00119936070404947,0.00111991609446704,0.224992901086807,0.339080810546875,8.360006908958441e-9,0.150430530309677,0.249549388885498,0.249549388885498,-0.069211408495903,2.02608847618103,6.5356434788554e-4,-0.0346472561359406,-0.0346472561359406,0.00103117420803756,0.079137496650219,-0.0494224801659584,1.15888178348541,0.354133576154709,0.0442291647195816,2.25051975250244,3.4078292082995e-4,0.6326624751091,0.00314227351918817,2138.4,1350.3999999999999,4.34
3345,2024,2024,523,Millville,06-25-2024,2092,0.00840810965746641,0.00191629526671022,0.632200241088867,7.3312799213454e-4,1.60878276824951,0.0696318000555038,0.174278572201729,1.11205983161926,0.00106393510941416,0.0683564692735672,0.372270137071609,0.00254480796866119,0.00129536481108516,0.00116063631139696,0.225339859724045,0.323456823825836,1.50287124967008e-8,0.139952048659325,0.269426941871643,0.269426941871643,-0.105816416442394,1.95620453357697,6.1849527992308e-4,-0.0530571490526199,-0.0530571490526199,0.00108987034764141,0.0683564692735672,-0.0759375020861626,1.18608379364014,0.325451731681824,0.0684715434908867,2.39815950393677,2.9363742214627e-4,0.632200241088867,0.0031123892404139,2138.4,1350.3999999999999,4.34
3345,2024,2024,523,Millville,07-11-2024,2092,0.00891887210309505,0.00230950862169266,0.623849630355835,8.6987431859597e-4,2.36877131462097,0.0537209324538708,0.120962359011173,1.2527756690979,0.0013386415084824,0.0306440088897943,0.352158039808273,0.00293551967479289,0.00175287341699004,0.00138989975675941,0.231641158461571,0.245969146490097,5.40465876497365e-8,0.113799467682838,0.332886636257172,0.332886636257172,-0.221622303128242,1.65241134166718,5.8801198611035e-4,-0.112206295132637,-0.112206295132637,0.00138698506634682,0.0306440088897943,-0.155998349189758,1.08717274665833,0.256825536489487,0.152511656284332,2.61371755599976,1.6213180788327e-4,0.623849630355835,0.00283002504147589,2138.4,1350.3999999999999,4.34
3345,2024,2024,523,Millville,07-16-2024,2092,0.00704716891050339,0.00249334867112339,0.591188549995422,8.8510755449533e-4,2.56335520744324,0.0482218377292156,0.124331459403038,1.3154045343399,0.00144809985067695,0.0224361382424831,0.352046012878418,0.00316616450436413,0.00196400377899408,0.00150057591963559,0.2569220662117,0.224946185946465,7.9326468949148e-8,0.117423586547375,0.379412591457367,0.379412591457367,-0.267476797103882,1.58046591281891,6.5586616983637e-4,-0.136220037937164,-0.136220037937164,0.001512894872576,0.0224361382424831,-0.183583945035934,1.08663904666901,0.26609268784523,0.192461654543877,2.75501799583435,1.334586268058e-4,0.591188549995422,0.00279204826802015,2138.4,1350.3999999999999,4.34
3351,2024,2024,525,Millville,06-05-2024,2097,0.00322819361463189,0.00215287390165031,0.692897319793701,0.00103019759990275,2.16843414306641,0.0352004617452621,0.100922122597694,1.17885220050812,0.00142915069591254,0.0329132080078125,0.258034974336624,0.00264803296886384,0.00176037882920355,0.00150668167043477,0.181406527757645,0.177157312631607,3.89886984919485e-8,0.0923418402671814,0.256254315376282,0.256254315376282,-0.16307221353054,1.43059825897217,4.4106933637522e-4,-0.0820854902267456,-0.0820854902267456,0.00145902659278363,0.0329132080078125,-0.120812430977821,0.69554477930069,0.203472718596458,0.128306239843369,1.98040997982025,2.0134495571255e-4,0.692897319793701,0.00192647299263626,942.3999999999999,526.4,1
3351,2024,2024,525,Millville,06-25-2024,2097,0.00387769821099937,0.00221611652523279,0.695371270179749,0.0010587302967906,2.08862853050232,0.0415220707654953,0.104678303003311,1.16646301746368,0.00145250582136214,0.0359284467995167,0.268270701169968,0.0027013816870749,0.00177645380608737,0.00152495829388499,0.179682582616806,0.195534482598305,3.72168962314845e-8,0.0911616832017899,0.252547740936279,0.252547740936279,-0.152770593762398,1.4861227273941,4.3417105916887e-4,-0.0768362581729889,-0.0768362581729889,0.00148294470272958,0.0359284467995167,-0.11326864361763,0.73325115442276,0.200611457228661,0.115372769534588,2.01744842529297,2.0871973538305e-4,0.695371270179749,0.00215046643279493,942.3999999999999,526.4,1
3351,2024,2024,525,Millville,07-11-2024,2097,0.00313429324887693,0.00242748856544495,0.649398922920227,0.0010193947236985,2.33879661560059,0.0414358898997307,0.109103590250015,1.23427891731262,0.00151244516018778,0.029538422822952302,0.29654335975647,0.00290929200127721,0.00194560491945595,0.00157042709179223,0.212562948465347,0.196035176515579,5.97825149384335e-8,0.0910986661911011,0.309920102357864,0.309920102357864,-0.20743247866630601,1.48767101764679,4.8040036926977e-4,-0.104856587946415,-0.104856587946415,0.00155824283137918,0.029538422822952302,-0.147950932383537,0.843103468418121,0.200458869338036,0.153324112296104,2.267338514328,1.7903075786307e-4,0.649398922920227,0.00232560909353197,942.3999999999999,526.4,1
3351,2024,2024,525,Millville,07-16-2024,2097,0.00279068294912577,0.00260175438597798,0.613668859004974,0.00101819320116192,2.54128193855286,0.0391627661883831,0.113621070981026,1.29484188556671,0.00161383242812008,0.0226285308599472,0.310014486312866,0.00320994644425809,0.00216234615072608,0.00166735204402357,0.239411637187004,0.185736432671547,9.13519002665453e-8,0.101228900253773,0.355159223079681,0.355159223079681,-0.2527876496315,1.45620715618134,5.8662786614149e-4,-0.128480240702629,-0.128480240702629,0.00168003770522773,0.0226285308599472,-0.176008775830269,0.898611605167389,0.225260689854622,0.191772162914276,2.45623707771301,1.4872274186927e-4,0.613668859004974,0.00244949059560895,942.3999999999999,526.4,1
3357,2024,2024,526,Millville,06-05-2024,2103,0.0125204334035516,0.00138154067099094,0.56992769241333,4.3249654117971e-4,0.394415199756622,0.0872984454035759,0.340830206871033,0.869610905647278,6.2384351622313e-4,0.164625450968742,0.456874012947083,0.00216055777855217,6.559242028743e-4,7.7723420690745e-4,0.273944020271301,0.511879801750183,-5.67877211921086e-9,0.211018398404121,0.207371205091476,0.207371205091476,0.138807490468025,3.09735178947449,7.4191455496475e-4,0.069741316139698,0.069741316139698,6.4058759016916e-4,0.164625450968742,0.100264273583889,1.68238699436188,0.53491336107254,-0.07533910125494,2.31215620040894,4.1252511437051e-4,0.56992769241333,0.00350089510902762,6026.4,3918.3999999999996,10.4
3357,2024,2024,526,Millville,06-25-2024,2103,0.0107877114787698,0.00158429227303714,0.581443548202515,5.0635082880035e-4,1.17884922027588,0.0749801248311996,0.246231600642204,1.03601229190826,7.5952004408463e-4,0.104213029146194,0.427773594856262,0.00220525427721441,8.9411908993497e-4,8.7057455675676e-4,0.264667361974716,0.415476471185684,2.2179520442478e-9,0.158493176102638,0.278689682483673,0.278689682483673,-0.0353642925620079,2.42159032821655,5.9650192270055e-4,-0.0176876783370972,-0.0176876783370972,7.7990372665226e-4,0.104213029146194,-0.0251285377889872,1.49512016773224,0.376689016819,0.0202890485525131,2.58110809326172,3.221042570658e-4,0.581443548202515,0.00317941093817353,6026.4,3918.3999999999996,10.4
3357,2024,2024,526,Millville,07-11-2024,2103,0.0106832683086395,0.00187567644752562,0.610816121101379,6.417630938813e-4,2.2402036190033,0.0517516732215881,0.136550709605217,1.23957777023315,0.00100040575489402,0.0382178761065006,0.376743495464325,0.00239131064154208,0.00130009092390537,0.00105817022267729,0.241606652736664,0.283225446939468,2.70294631121715e-8,0.117901049554348,0.337358206510544,0.337358206510544,-0.211528450250626,1.79027760028839,5.0110806478187e-4,-0.106974542140961,-0.106974542140961,0.00103713269345462,0.0382178761065006,-0.147327363491058,1.20895147323608,0.267319321632385,0.136980772018433,2.73304510116577,1.5045306645333e-4,0.610816121101379,0.00261179707013071,6026.4,3918.3999999999996,10.4
3357,2024,2024,526,Millville,07-16-2024,2103,0.00584519235417247,0.00230658426880836,0.595812082290649,8.4006664110347e-4,2.68242692947388,0.0395504049956799,0.112615376710892,1.33743476867676,0.00137791223824024,0.0163784250617027,0.347958415746689,0.00288944505155087,0.0018767025321722,0.00141088070813566,0.253280371427536,0.212323889136314,7.44544834674343e-8,0.112981706857681,0.382184952497482,0.382184952497482,-0.282828092575073,1.53911471366882,5.8131222613155e-4,-0.14436112344265,-0.14436112344265,0.0014422528911382,0.0163784250617027,-0.194069564342499,1.06728899478912,0.254744917154312,0.206946536898613,2.76050496101379,8.56419283081777e-5,0.595812082290649,0.00241470686160028,6026.4,3918.3999999999996,10.4
3361,2024,2024,527,Millville,06-05-2024,2106,0.0134483613073826,0.00156798923853785,0.624554336071014,5.3492985898628e-4,0.955153048038483,0.0655633807182312,0.236993759870529,0.991711735725403,7.5496564386412e-4,0.107518121600151,0.403604567050934,0.00225201877765357,8.3852611714974e-4,9.0006715618073e-4,0.231106787919998,0.410699754953384,-4.35670860499116e-10,0.175900250673294,0.236144706606865,0.236144706606865,0.0083225816488266,2.39385557174683,5.8297475334256e-4,0.00416136300191283,0.00416136300191283,7.7478785533458e-4,0.107518121600151,0.00598081853240728,1.35347974300385,0.426890671253204,-0.0051628933288157,2.33848571777344,2.8487711097113e-4,0.624554336071014,0.00275209243409336,3558.3999999999996,2486.4,10.1
3361,2024,2024,527,Millville,06-25-2024,2106,0.0129838017746806,0.00175607204437256,0.645325839519501,6.3993205549195e-4,1.93952667713165,0.0509216450154781,0.142049103975296,1.16426420211792,9.4412878388539e-4,0.0494472160935402,0.379086852073669,0.00231187581084669,0.00115575070958585,0.00103794981259853,0.215564697980881,0.317940264940262,1.38844198360744e-8,0.130537554621696,0.283965319395065,0.283965319395065,-0.150927379727364,1.93229448795319,4.8336447798647e-4,-0.0758984014391899,-0.0758984014391899,9.7060523694381e-4,0.0494472160935402,-0.10840579867363,1.221062541008,0.300271838903427,0.097973644733429,2.49411129951477,1.7861455853562e-4,0.645325839519501,0.00239179050549865,3558.3999999999996,2486.4,10.1
3361,2024,2024,527,Millville,07-11-2024,2106,0.0137739423662424,0.00202828319743276,0.631654441356659,7.5993506470695e-4,2.51296019554138,0.0433711856603622,0.106178052723408,1.27879774570465,0.0011639395961538,0.0229858346283436,0.349617540836334,0.00254910811781883,0.00153336767107248,0.00119782111141831,0.225749745965004,0.236564829945564,4.43119816395665e-8,0.111035019159317,0.339704185724258,0.339704185724258,-0.2410798817873,1.61973786354065,4.9174454761669e-4,-0.122344195842743,-0.122344195842743,0.00120708555914462,0.0229858346283436,-0.168828740715981,1.07511377334595,0.24980740249157,0.167368620634079,2.66144490242004,1.0638943058438e-4,0.631654441356659,0.00235293456353247,3558.3999999999996,2486.4,10.1
3361,2024,2024,527,Millville,07-16-2024,2106,0.00430447841063142,0.00237432750873268,0.605634152889252,8.8777189375832e-4,2.79007863998413,0.0375234521925449,0.0999010354280472,1.35136425495148,0.00143939873669297,0.0104552628472447,0.338626682758331,0.00295115564949811,0.00196210015565157,0.00146599195431918,0.245613753795624,0.200410559773445,8.16119154478656e-8,0.10914634168148,0.38004732131958,0.38004732131958,-0.292332291603088,1.50128364562988,5.7771831052377e-4,-0.149429932236671,-0.149429932236671,0.00150541763287038,0.0104552628472447,-0.201552823185921,1.02401065826416,0.245037645101547,0.215737581253052,2.73767399787903,5.91386778978631e-5,0.605634152889252,0.00238705845549703,3558.3999999999996,2486.4,10.1
3382,2024,2024,532,Millville,06-05-2024,2125,0.00685679912567139,0.00156797957606614,0.672938108444214,6.6389056155458e-4,1.79859972000122,0.048212356865406,0.131830722093582,1.12772703170776,9.2301203403621e-4,0.0497972890734673,0.337167888879776,0.00224604178220034,0.00111543794628233,0.0010015347506851,0.195501491427422,0.280006855726242,1.18463958642678e-8,0.135097667574883,0.247354105114937,0.247354105114937,-0.119628481566906,1.77780425548553,5.1031331531703e-4,-0.060029786080122,-0.060029786080122,9.4372505554929e-4,0.0497972890734673,-0.088443748652935,1.01735532283783,0.312399804592133,0.0851816087961197,2.2244539260864298,2.1178091992624e-4,0.672938108444214,0.00225088722072542,2686.3999999999996,1686.3999999999999,2.12
3382,2024,2024,532,Millville,06-25-2024,2125,0.00500719668343663,0.00173262518364936,0.670975923538208,7.3045870522037e-4,2.04291605949402,0.0447518937289715,0.122597187757492,1.17164373397827,0.00103253545239568,0.0417266376316547,0.328456968069077,0.00223626312799752,0.00127076334320009,0.00109818857163191,0.196905314922333,0.253820925951004,1.95231493194115e-8,0.114431753754616,0.265691518783569,0.265691518783569,-0.157095894217491,1.68032157421112,4.4552737381309e-4,-0.079038642346859,-0.079038642346859,0.00105685496237129,0.0417266376316547,-0.11463425308466,0.978215634822845,0.258436948060989,0.110336765646935,2.30357766151428,1.7758714966476e-4,0.670975923538208,0.00218344666063786,2686.3999999999996,1686.3999999999999,2.12
3382,2024,2024,532,Millville,07-11-2024,2125,0.00686485692858696,0.00205574044957757,0.647096276283264,8.187111816369e-4,2.4669873714447,0.0390738286077976,0.101064689457417,1.26079988479614,0.00122860283590853,0.0239187628030777,0.325702160596848,0.00256426632404327,0.00160700886044651,0.00126687565352768,0.214258074760437,0.214529246091843,4.50986767930317e-8,0.101673677563667,0.32349893450737,0.32349893450737,-0.227684810757637,1.54624366760254,4.6423997264355e-4,-0.115357339382172,-0.115357339382172,0.00127242982853204,0.0239187628030777,-0.161004170775414,0.966048359870911,0.226362451910973,0.161511823534966,2.50898218154907,1.171591648017e-4,0.647096276283264,0.00221664691343904,2686.3999999999996,1686.3999999999999,2.12
3382,2024,2024,532,Millville,07-16-2024,2125,0.00304870493710041,0.00244143977761269,0.612479984760284,9.357132948935e-4,2.70521116256714,0.0420029982924461,0.103678688406944,1.32985079288483,0.00149343779776245,0.014571008272469,0.335759550333023,0.00304137449711561,0.00201541720889509,0.00152586109470576,0.240325465798378,0.20403878390789,8.367135961862e-8,0.110276818275452,0.367925673723221,0.367925673723221,-0.277587950229645,1.51268529891968,6.0383731033653e-4,-0.141575932502747,-0.141575932502747,0.00155923189595342,0.014571008272469,-0.192272916436195,1.0109578371048,0.247890174388885,0.203895717859268,2.67647480964661,8.43776870169677e-5,0.612479984760284,0.00255388300865889,2686.3999999999996,1686.3999999999999,2.12
3386,2024,2024,533,Millville,06-05-2024,2129,0.00190839753486216,0.00177114608231932,0.690515041351318,8.0029567470774e-4,1.96768987178802,0.0406606309115887,0.113971129059792,1.14744126796722,0.00110985978972167,0.0408174879848957,0.291857600212097,0.0023953088093549,0.00133634428493679,0.00118931697215885,0.183071374893188,0.225745260715485,1.89358111413185e-8,0.119454383850098,0.244058147072792,0.244058147072792,-0.136673793196678,1.58312916755676,4.794263804797e-4,-0.0686590448021889,-0.0686590448021889,0.00113265251275152,0.0408174879848957,-0.101754806935787,0.824290752410889,0.271319001913071,0.103407524526119,2.0736970901489298,2.0054858759976e-4,0.690515041351318,0.00201470963656902,3310.3999999999996,1982.3999999999999,4.65
3386,2024,2024,533,Millville,06-25-2024,2129,7.7541579958051e-4,0.00197729468345642,0.698763072490692,9.3332096002996e-4,2.25381326675415,0.0358224995434284,0.0919314250349998,1.18604779243469,0.00129023834597319,0.0286601167172194,0.275846660137177,0.00247534876689315,0.00159209500998259,0.00134229427203536,0.177327200770378,0.190411478281021,3.32427916305278e-8,0.101104058325291,0.25543475151062,0.25543475151062,-0.168989837169647,1.47039079666138,4.2856598156504e-4,-0.0851069241762161,-0.0851069241762161,0.00132000271696597,0.0286601167172194,-0.125575065612793,0.761846005916595,0.224951639771461,0.12959879636764501,2.10292983055115,1.5918242570478e-4,0.698763072490692,0.00193120806943625,3310.3999999999996,1982.3999999999999,4.65
3386,2024,2024,533,Millville,07-11-2024,2129,0.00214153807610273,0.00224658870138228,0.658188283443451,9.4200298190116e-4,2.47915053367615,0.0368121489882469,0.0954748094081879,1.25361132621765,0.00140074023511261,0.0225370451807976,0.305524885654449,0.00274347397498786,0.00181777169927955,0.00143833679612726,0.206135660409927,0.194571971893311,5.67749403046491e-8,0.0938047170639038,0.313557773828506,0.313557773828506,-0.222256347537041,1.48315179347992,4.5878865057602e-4,-0.112535528838634,-0.112535528838634,0.00144682137761265,0.0225370451807976,-0.15854999423027,0.879872798919678,0.207029804587364,0.163720205426216,2.37273383140564,1.2391856580507e-4,0.658188283443451,0.00217192759737372,3310.3999999999996,1982.3999999999999,4.65
3386,2024,2024,533,Millville,07-16-2024,2129,0.00261676241643727,0.00253887102007866,0.616860389709473,0.00100755167659372,2.61755609512329,0.0401773676276207,0.10693334043026,1.30883347988129,0.00159000977873802,0.0187167637050152,0.317214071750641,0.0031327202450484,0.00213717739097774,0.00162920064758509,0.236965164542198,0.191062062978745,9.05596024836086e-8,0.105629287660122,0.358576983213425,0.358576983213425,-0.262820929288864,1.47237765789032,6.0081057017669e-4,-0.133761703968048,-0.133761703968048,0.00165770901367068,0.0187167637050152,-0.18276335299015,0.929175794124603,0.23620916903019,0.198456227779388,2.52532887458801,1.1760961206164e-4,0.616860389709473,0.00247415923513472,3310.3999999999996,1982.3999999999999,4.65
3406,2024,2024,537,Millville,06-05-2024,2147,0.00699169561266899,0.00163099600467831,0.608652055263519,5.4127839393913e-4,0.822432339191437,0.0900520831346512,0.258961170911789,0.965733349323273,7.6306122355163e-4,0.11823184043169,0.449632257223129,0.00246458081528544,8.5376447532326e-4,9.0158107923343e-4,0.243276968598366,0.461132675409317,-2.1403590011459503e-9,0.195244938135147,0.225333318114281,0.225333318114281,0.0348534174263477,2.71148896217346,7.790372474119e-4,0.0174320042133331,0.0174320042133331,7.7865860657766e-4,0.11823184043169,0.0253323353827,1.63393378257751,0.485228270292282,-0.0195450223982334,2.40735673904419,3.8527423748746e-4,0.608652055263519,0.0036965343169868,3234.4,2098.4,2.7
3406,2024,2024,537,Millville,06-25-2024,2147,0.00252807489596307,0.00176838482730091,0.658468842506409,6.4994167769327e-4,1.78009438514709,0.0705288946628571,0.148588493466377,1.13216888904572,9.1469462495297e-4,0.0555337965488434,0.425621956586838,0.00246269232593477,0.00110427010804415,9.9007785320282e-4,0.205931633710861,0.373871922492981,1.17810214916858e-8,0.171613603830338,0.261291116476059,0.261291116476059,-0.123501375317574,2.19423484802246,6.7974714329466e-4,-0.061987966299057,-0.061987966299057,9.3810219550505e-4,0.0555337965488434,-0.0907450765371323,1.48202729225159,0.414332270622253,0.0769849941134453,2.76842212677002,2.0939388195984e-4,0.658468842506409,0.00314994738437235,3234.4,2098.4,2.7
3406,2024,2024,537,Millville,07-11-2024,2147,0.00370954815298319,0.00201658648438752,0.621412694454193,6.9750199327245e-4,2.24772477149963,0.0591671615839005,0.131315723061562,1.23563420772552,0.00107630214188248,0.0368822105228901,0.392468899488449,0.00265439599752426,0.00139732751995325,0.00113551248796284,0.233492255210876,0.300149619579315,3.11702770261491e-8,0.135301932692528,0.327886193990707,0.327886193990707,-0.208482578396797,1.85775363445282,6.1381218256428e-4,-0.105399303138256,-0.105399303138256,0.0011142228031531,0.0368822105228901,-0.14583083987236,1.29201257228851,0.312946051359177,0.134898409247398,2.82169103622437,1.5676730254199e-4,0.621412694454193,0.00292575755156577,3234.4,2098.4,2.7
3406,2024,2024,537,Millville,07-16-2024,2147,5.5441621225327e-4,0.00231790542602539,0.599331855773926,8.0262485425919e-4,2.5857949256897,0.0516537092626095,0.116516627371311,1.31471347808838,0.00130120990797877,0.0210993867367506,0.37667453289032,0.00305125908926129,0.00176453543826938,0.00134595099370927,0.2505222260952,0.248861476778984,6.37265813452359e-8,0.130539625883102,0.37239196896553,0.37239196896553,-0.266988843679428,1.66262471675873,6.8734533851966e-4,-0.135962158441544,-0.135962158441544,0.00136167858727276,0.0210993867367506,-0.18399503827095,1.20859658718109,0.300277352333069,0.188199535012245,2.9040801525116,1.1272645497229e-4,0.599331855773926,0.00288468762300909,3234.4,2098.4,2.7
3411,2024,2024,538,Millville,06-05-2024,2152,0.00787336379289627,0.00153811660129577,0.589387953281403,4.6293062041513e-4,0.67544037103653,0.100718982517719,0.288109511137009,0.93475216627121,6.6726794466376e-4,0.133973658084869,0.517322242259979,0.00256424280814826,7.371351821348e-4,7.9491781070828e-4,0.258346021175385,0.541237652301788,-2.8714992605927103e-9,0.244740322232246,0.22417089343071,0.22417089343071,0.067371629178524,3.35955548286438,9.3460379866883e-4,0.0337241291999817,0.0337241291999817,6.827650940977e-4,0.133973658084869,0.0489178560674191,2.14355134963989,0.648095846176147,-0.0341778248548508,2.84091448783875,3.5425132955424e-4,0.589387953281403,0.00416363216936588,2978.3999999999996,1786.3999999999999,2.11
3411,2024,2024,538,Millville,06-25-2024,2152,0.00745266443118453,0.00148286682087928,0.592893242835999,4.2289996054023e-4,1.12365627288818,0.0961483642458916,0.244225770235062,1.0251030921936,6.2582892132923e-4,0.105697743594646,0.53376716375351,0.00241632666438818,7.3368789162486e-4,7.3079211870208e-4,0.255576908588409,0.527554333209991,1.07701003670968e-9,0.23938761651516,0.266500383615494,0.266500383615494,-0.0247880984097719,3.23329091072083,9.0949900913983e-4,-0.012395953759551,-0.012395953759551,6.4284412655979e-4,0.105697743594646,-0.0178830120712519,2.28970241546631,0.629460215568542,0.0127283716574311,3.28451061248779,2.743212680798e-4,0.592893242835999,0.00403412291780114,2978.3999999999996,1786.3999999999999,2.11
3411,2024,2024,538,Millville,07-11-2024,2152,0.00617974437773228,0.00184253021143377,0.597205996513367,5.6107831187546e-4,1.9265216588974,0.0830389410257339,0.168791517615318,1.18523633480072,8.7034964235499e-4,0.0565340928733349,0.475840151309967,0.00269157253205776,0.00110251153819263,9.4444112619385e-4,0.252186626195908,0.407760322093964,1.59291744239454e-8,0.187498137354851,0.32873198390007,0.32873198390007,-0.168324798345566,2.37701106071472,8.2880828995257e-4,-0.084767147898674,-0.084767147898674,8.9860364096239e-4,0.0565340928733349,-0.116834335029125,1.81562995910645,0.461532831192017,0.0966192558407784,3.3296582698822,1.9957673794124e-4,0.597205996513367,0.00374651909805834,2978.3999999999996,1786.3999999999999,2.11
3411,2024,2024,538,Millville,07-16-2024,2152,0.00360903493128717,0.00208811741322279,0.577600359916687,6.2883499776944e-4,2.45026063919067,0.0728084817528725,0.139903411269188,1.30223333835602,0.00104717526119202,0.0294469092041254,0.449812114238739,0.0029587063472718,0.00141978543251753,0.00109803560189903,0.267748177051544,0.333554357290268,4.0327876149604e-8,0.169792369008064,0.383321851491928,0.383321851491928,-0.258108466863632,2.00099492073059,8.4360281471163e-4,-0.131278350949287,-0.131278350949287,0.00109599775169045,0.0294469092041254,-0.176025867462158,1.63512182235718,0.409035921096802,0.164322003722191,3.45274686813354,1.3068874250166e-4,0.577600359916687,0.00359153421595693,2978.3999999999996,1786.3999999999999,2.11
3417,2024,2024,540,Millville,06-05-2024,2157,0.00658785132691264,0.00140048807952553,0.583274662494659,4.3695111526176e-4,0.442046731710434,0.0962475016713142,0.319781363010406,0.881459712982178,6.2071665888652e-4,0.153380826115608,0.485533118247986,0.00236375327222049,6.6772976424545e-4,7.6674995943903e-4,0.26320469379425,0.530870378017426,-4.776451678623061e-9,0.231356382369995,0.211528778076172,0.211528778076172,0.125510603189468,3.26321387290955,8.3884829655289e-4,0.0630044192075729,0.0630044192075729,6.3961558043956e-4,0.153380826115608,0.0917263254523277,1.88752222061157,0.601986169815063,-0.0639745071530342,2.50625872612,3.9347395068034e-4,0.583274662494659,0.00386851048097014,5422.4000000000005,3518.3999999999996,4.33
3417,2024,2024,540,Millville,06-25-2024,2157,0.00386063964106143,0.00154454703442752,0.645587086677551,5.867788568139e-4,1.92897844314575,0.0553628876805305,0.144303217530251,1.16528642177582,8.4995292127132e-4,0.050028134137392,0.388582319021225,0.00213530496694148,0.0010460305493325,9.0800487669184e-4,0.215371713042259,0.326483935117722,1.21585062018426e-8,0.146467998623848,0.282395869493484,0.282395869493484,-0.15178494155407,1.96949124336243,5.393634783104e-4,-0.0763346999883652,-0.0763346999883652,8.7405781960114e-4,0.050028134137392,-0.108931690454483,1.27108633518219,0.343204498291016,0.0958242267370224,2.59431481361389,1.7249553638976e-4,0.645587086677551,0.00258108391426504,5422.4000000000005,3518.3999999999996,4.33
3417,2024,2024,540,Millville,07-11-2024,2157,0.00563951767981052,0.00190283462870866,0.629796028137207,6.6894030896946e-4,2.41167163848877,0.0509409233927727,0.115255318582058,1.26493763923645,0.0010242109419778,0.02788963355124,0.381534218788147,0.00250329193659127,0.00134120357688516,0.00106759450864047,0.227147430181503,0.283262699842453,3.12433812155177e-8,0.13170163333416,0.334265232086182,0.334265232086182,-0.230789095163345,1.79042267799377,5.5808946490287e-4,-0.116973474621773,-0.116973474621773,0.00106210610829294,0.02788963355124,-0.161252394318581,1.23380863666534,0.303355723619461,0.152040600776672,2.82071113586426,1.1344750964781e-4,0.629796028137207,0.00261669582687318,5422.4000000000005,3518.3999999999996,4.33
3417,2024,2024,540,Millville,07-16-2024,2157,0.00240630540065467,0.00214821775443852,0.603278398513794,8.0224004341289e-4,2.6393415927887,0.0371847525238991,0.111688308417797,1.32306897640228,0.00128933484666049,0.0182908587157726,0.336428374052048,0.00268161855638027,0.00174286612309515,0.00132452952675521,0.247443988919258,0.205409646034241,6.20071034518332e-8,0.108777709305286,0.371944487094879,0.371944487094879,-0.272862523794174,1.5170202255249,5.2390783093869e-4,-0.139069899916649,-0.139069899916649,0.00134527089539915,0.0182908587157726,-0.18819272518158,1.01399266719818,0.244109019637108,0.200172588229179,2.66995191574097,9.52119371504523e-5,0.603278398513794,0.00226580630987883,5422.4000000000005,3518.3999999999996,4.33
3428,2024,2024,542,Millville,06-05-2024,2167,0.0147350365296006,0.00137420149985701,0.567340016365051,4.0666427230462e-4,0.461205869913101,0.0884528756141663,0.335701107978821,0.881149530410767,5.8915506815537e-4,0.161358132958412,0.474079430103302,0.00216683372855186,6.3205114565789e-4,7.3178391903638e-4,0.276047319173813,0.52732115983963,-4.758418992167891e-9,0.217129707336426,0.222586408257484,0.222586408257484,0.125856980681419,3.23120331764221,7.3835015064105e-4,0.063179686665535,0.063179686665535,6.0550682246685e-4,0.161358132958412,0.0894858688116074,1.80285549163818,0.554701685905457,-0.0646798461675644,2.43216705322266,3.9202207699418e-4,0.567340016365051,0.00354573340155184,7416,4976,11.42
3428,2024,2024,542,Millville,06-25-2024,2167,0.00698885461315513,0.00159467372577637,0.609219610691071,5.2670139120891e-4,1.43440973758698,0.0715750977396965,0.202502727508545,1.08397090435028,7.8545830911025e-4,0.0825167149305344,0.427782833576202,0.00222429004497826,9.3505898257717e-4,8.8870985200628e-4,0.242838457226753,0.395710676908493,5.741843445150611e-9,0.169847011566162,0.280006736516953,0.280006736516953,-0.0804567709565163,2.30967283248901,6.3169200439006e-4,-0.0402936972677708,-0.0402936972677708,8.0839078873395e-4,0.0825167149305344,-0.0572077371180058,1.49517679214478,0.409194499254227,0.047474317252636,2.68838691711426,2.6788128889165e-4,0.609219610691071,0.00309457816183567,7416,4976,11.42
3428,2024,2024,542,Millville,07-11-2024,2167,0.0171531774103642,0.001919518224895,0.60588800907135,6.285467534326e-4,2.24938058853149,0.0604907833039761,0.139361068606377,1.24530422687531,9.9148624576628e-4,0.0384115912020206,0.410129427909851,0.00259129353798926,0.00130032852757722,0.00105188239831477,0.245416849851608,0.312436610460281,2.89939325881505e-8,0.143955767154694,0.345434129238129,0.345434129238129,-0.215926885604858,1.90882277488708,6.3481909455731e-4,-0.109252102673054,-0.109252102673054,0.00103138852864504,0.0384115912020206,-0.150035470724106,1.39057445526123,0.336327880620956,0.139610230922699,2.95485639572144,1.5457325207535e-4,0.60588800907135,0.00296739698387682,7416,4976,11.42
3428,2024,2024,542,Millville,07-16-2024,2167,0.00778738968074322,0.00216204533353448,0.601615309715271,7.9270330024883e-4,2.75294041633606,0.0353975892066956,0.104267291724682,1.34799385070801,0.0012948993826285,0.0125798415392637,0.346296012401581,0.00269093597307801,0.00177252443972975,0.00131830060854554,0.248739331960678,0.208411902189255,6.68503545853127e-8,0.11077669262886,0.381992340087891,0.381992340087891,-0.29004693031311,1.52656650543213,5.197157151997e-4,-0.148209035396576,-0.148209035396576,0.00135652197059244,0.0125798415392637,-0.199808359146118,1.05948865413666,0.249153837561607,0.211611375212669,2.78138518333435,6.30309441476129e-5,0.601615309715271,0.00220293458551168,7416,4976,11.42
3429,2024,2024,542,Millville,06-05-2024,2168,0.00330925080925226,0.00156838679686189,0.61433881521225,5.6948256678879e-4,0.961162269115448,0.0753910169005394,0.241650596261024,0.99236124753952,7.9962058225646e-4,0.108977109193802,0.400356739759445,0.00226853229105473,9.108578087762e-4,9.3153136549517e-4,0.238897249102592,0.405850023031235,-4.01776639735729e-10,0.172162845730782,0.23449718952179,0.23449718952179,0.00766791868954897,2.36615371704102,6.3481635879725e-4,0.00383401568979025,0.00383401568979025,8.1886164844036e-4,0.108977109193802,0.00553965847939253,1.33531641960144,0.415934085845947,-0.0044460566714406,2.23818945884705,3.6064241430722e-4,0.61433881521225,0.00312560563907027,2095.9999999999995,1351.9999999999998,0.93
3429,2024,2024,542,Millville,06-25-2024,2168,7.9514097888022e-4,0.00171074306126684,0.613493084907532,5.9830787358805e-4,1.39654994010925,0.074316717684269007,0.208020880818367,1.07778251171112,8.7679649004712e-4,0.0855811610817909,0.414743512868881,0.00240671006031334,0.00104324170388281,9.808586910367e-4,0.239546671509743,0.385359257459641,6.75227074253826e-9,0.171151623129845,0.272583484649658,0.272583484649658,-0.0747659280896187,2.25393319129944,6.5634987549856e-4,-0.0374353528022766,-0.0374353528022766,8.9922727784141e-4,0.0855811610817909,-0.0533650852739811,1.41730523109436,0.412986576557159,0.0445152670145035,2.57448101043701,2.9666285263374e-4,0.613493084907532,0.00317210122011602,2095.9999999999995,1351.9999999999998,0.93
3429,2024,2024,542,Millville,07-11-2024,2168,0.00632978789508343,0.00216818205080926,0.622692167758942,8.0145220272243e-4,2.33850574493408,0.0573671720921993,0.124871350824833,1.25023400783539,0.00122797267977148,0.032308641821146,0.374560117721558,0.00280818366445601,0.00159987760707736,0.00128014327492565,0.232519656419754,0.272077053785324,4.33800551036256e-8,0.12592051923275,0.33452969789505,0.33452969789505,-0.219690352678299,1.74754369258881,6.1458518030121e-4,-0.111203543841839,-0.111203543841839,0.00127218151465058,0.032308641821146,-0.154001146554947,1.197749376297,0.288121461868286,0.148766726255417,2.75522017478943,1.5813948994036e-4,0.622692167758942,0.00290883355773985,2095.9999999999995,1351.9999999999998,0.93
3429,2024,2024,542,Millville,07-16-2024,2168,0.00411333423107862,0.00227973214350641,0.616213977336884,8.7891856674104e-4,2.73858404159546,0.0335357859730721,0.0983615517616272,1.33465838432312,0.0014047531876713,0.0126936640590429,0.324328571557999,0.00278646219521761,0.0019047730602324,0.0014272112166509,0.237459883093834,0.188521653413773,7.52947144633254e-8,0.100327685475349,0.368248581886292,0.368248581886292,-0.280915081501007,1.46463751792908,4.9819611012935e-4,-0.143343582749367,-0.143343582749367,0.00146510219201446,0.0126936640590429,-0.194891631603241,0.960018634796143,0.223031610250473,0.208579629659653,2.6128842830658,6.95656635798514e-5,0.616213977336884,0.00215430418029428,2095.9999999999995,1351.9999999999998,0.93
3431,2024,2024,543,Millville,06-05-2024,2170,0.0214695390313864,0.00165084493346512,0.582262635231018,5.3769181249663e-4,0.59600955247879,0.0912306308746338,0.305997401475906,0.915655851364136,7.7167514245957e-4,0.144223272800446,0.441103249788284,0.00244199973531067,8.4565638098865e-4,9.4203819753602e-4,0.264012694358826,0.478207439184189,-5.331555641419071e-9,0.192430645227432,0.226580113172531,0.226580113172531,0.0878873467445374,2.83294105529785,7.502282387577e-4,0.0440288633108139,0.0440288633108139,7.9070631181821e-4,0.144223272800446,0.0629430115222931,1.57847845554352,0.476567506790161,-0.0483881644904613,2.29096627235413,4.4331603567116e-4,0.582262635231018,0.00369806075468659,2359.9999999999995,1540,3.03
3431,2024,2024,543,Millville,06-25-2024,2170,0.0120646990835667,0.00173698959406465,0.588382065296173,5.6052586296573e-4,1.17365026473999,0.0835184380412102,0.240555658936501,1.03446185588837,8.3595875184983e-4,0.102835573256016,0.435002595186234,0.00249244761653244,9.8541902843862e-4,9.6272717928513e-4,0.259142875671387,0.425934314727783,2.73698086417085e-9,0.173562124371529,0.276659607887268,0.276659607887268,-0.0338684134185314,2.48392200469971,7.0295826299116e-4,-0.0169390644878149,-0.0169390644878149,8.5881527047604e-4,0.102835573256016,-0.0240373052656651,1.53983926773071,0.42002460360527,0.0197324883192778,2.55444812774658,3.5523541737347e-4,0.588382065296173,0.00352408015169203,2359.9999999999995,1540,3.03
3431,2024,2024,543,Millville,07-11-2024,2170,0.0122630717232823,0.00217959238216281,0.608132779598236,7.6006195740774e-4,2.20698404312134,0.0611934699118137,0.142209827899933,1.23474836349487,0.00118440645746887,0.0404441319406033,0.378286063671112,0.00283355568535626,0.00154305645264685,0.00125148252118379,0.243678390979767,0.287385761737823,3.90742336264793e-8,0.126106888055801,0.33760729432106,0.33760729432106,-0.207796424627304,1.80656766891479,6.167137180455e-4,-0.105044662952423,-0.105044662952423,0.00122913182713091,0.0404441319406033,-0.144635587930679,1.21691346168518,0.288609355688095,0.136405229568481,2.72470712661743,1.9524469098541e-4,0.608132779598236,0.00300830975174904,2359.9999999999995,1540,3.03
3431,2024,2024,543,Millville,07-16-2024,2170,0.00453559588640928,0.00241278647445142,0.592668533325195,8.5123931057751e-4,2.60856175422668,0.047261204570531803,0.11856734752655,1.32671189308167,0.00140614388510585,0.0202215407043695,0.35609033703804,0.00307726720348001,0.00191408349201083,0.00144162704236805,0.255754083395004,0.225033402442932,7.6856089492594e-8,0.11966735124588,0.382729977369308,0.382729977369308,-0.275405466556549,1.58075642585754,6.5033067949116e-4,-0.140417844057083,-0.140417844057083,0.0014709496172145,0.0202215407043695,-0.188360124826431,1.10602569580078,0.271868497133255,0.198469921946526,2.81403541564941,1.1350990098435e-4,0.592668533325195,0.00276646390557289,2359.9999999999995,1540,3.03
3450,2024,2024,547,Millville,06-05-2024,2186,0.00698024872690439,0.00158251111861318,0.607119381427765,5.3955422481522e-4,0.870167791843414,0.0782850906252861,0.260486483573914,0.974247992038727,7.656873203814e-4,0.11765780299902,0.415773898363113,0.00223260675556958,8.5989153012633e-4,9.1222499031573e-4,0.244462639093399,0.431131541728973,-1.5622050320018802e-9,0.174632146954536,0.236728340387344,0.236728340387344,0.0260835066437721,2.51575183868408,6.4157234737649e-4,0.0130439726635814,0.0130439726635814,7.847297238186e-4,0.11765780299902,0.0188753772526979,1.42333209514618,0.42316198348999,-0.015145848505199,2.27094960212708,3.5796855809167e-4,0.607119381427765,0.00318252411670983,2886.4,1886.3999999999996,2.01
3450,2024,2024,547,Millville,06-25-2024,2186,0.00558021804317832,0.00169325841125101,0.63014817237854,6.1660312348976e-4,1.62648189067841,0.0610251314938068,0.17583492398262,1.11611819267273,8.9770538033917e-4,0.0682528987526894,0.384216815233231,0.00225233356468379,0.00108367018401623,9.92541317828e-4,0.226882353425026,0.338921099901199,9.51303125162895e-9,0.14609606564045,0.273784101009369,0.273784101009369,-0.109417021274567,2.0253574848175,5.4876040667295e-4,-0.054873239248991,-0.054873239248991,9.1990496730431e-4,0.0682528987526894,-0.0781215950846672,1.24789655208588,0.342183858156204,0.0680592358112335,2.45288348197937,2.4367921287193e-4,0.63014817237854,0.0027139950543642,2886.4,1886.3999999999996,2.01
3450,2024,2024,547,Millville,07-11-2024,2186,0.00773513643071055,0.00207186280749738,0.630919575691223,7.8359176404774e-4,2.46696853637695,0.0475759729743004,0.108968190848827,1.26801121234894,0.00119899515993893,0.025046844035387,0.360675066709518,0.00261076400056481,0.00156746036373079,0.00123885320499539,0.226302057504654,0.252099275588989,4.40893295206024e-8,0.115522444248199,0.335562497377396,0.335562497377396,-0.233085483312607,1.67415165901184,5.2505655912682e-4,-0.118170164525509,-0.118170164525509,0.0012410058407113,0.025046844035387,-0.163934364914894,1.12829971313477,0.261221885681152,0.162123709917068,2.6886320114135702,1.2261346273589e-4,0.630919575691223,0.00250729266554117,2886.4,1886.3999999999996,2.01
3450,2024,2024,547,Millville,07-16-2024,2186,0.00109465420246124,0.00232239393517375,0.595950782299042,8.5238530300557e-4,2.69887948036194,0.0416687652468681,0.111016914248466,1.34361219406128,0.00139878573827446,0.015541042201221,0.349514007568359,0.00292611354961991,0.0019033543067053,0.00142661877907813,0.253171473741531,0.212013393640518,7.69176722315024e-8,0.115711897611618,0.385509759187698,0.385509759187698,-0.28706219792366,1.53811419010162,6.0504901921376e-4,-0.146616503596306,-0.146616503596306,0.00146144663449377,0.015541042201221,-0.196173176169395,1.07462418079376,0.261706322431564,0.207968816161156,2.80224537849426,8.42440567794256e-5,0.595950782299042,0.00253417692147195,2886.4,1886.3999999999996,2.01
3475,2024,2024,553,Millville,06-05-2024,2209,0.00889256503432989,0.00154635403305292,0.641164541244507,5.4436881328001e-4,1.01985311508179,0.0674604028463364,0.209229990839958,1.00314295291901,7.5266743078827e-4,0.0922349989414215,0.398396015167236,0.00222939695231616,8.5385801503434e-4,8.9578510960564e-4,0.218646839261055,0.400065392255783,1.77972955817118e-10,0.170906618237495,0.222428783774376,0.222428783774376,-0.00313799944706261,2.3336968421936,6.0799252241849e-4,-0.00156900368165225,-0.00156900368165225,7.7073980355635e-4,0.0922349989414215,-0.00232660211622715,1.32444608211517,0.412273496389389,0.00196476117707789,2.23436784744263,2.9661782900802e-4,0.641164541244507,0.00282752863131464,3960,2524,1.58
3475,2024,2024,553,Millville,06-25-2024,2209,0.00551992189139128,0.00166738056577742,0.662740468978882,6.4614944858476e-4,1.77956819534302,0.0515441074967384,0.139838367700577,1.12906455993652,8.993458468467e-4,0.0531425587832928,0.351785600185394,0.00219364045187831,0.00108481640927494,9.9158799275755e-4,0.20283354818821,0.293573468923569,1.19208909410418e-8,0.139171659946442,0.258143126964569,0.258143126964569,-0.120796747505665,1.83115088939667,4.9017579294741e-4,-0.0606203265488148,-0.0606203265488148,9.1833772603422e-4,0.0531425587832928,-0.0880720242857933,1.08539879322052,0.323343604803085,0.0825934037566185,2.34852361679077,2.1356443176046e-4,0.662740468978882,0.00239277677610517,3960,2524,1.58
3475,2024,2024,553,Millville,07-11-2024,2209,0.00523205520585179,0.00201740488409996,0.63074666261673,7.5153080979362e-4,2.36893963813782,0.0467657633125782,0.11622816324234,1.25168025493622,0.0011453035986051,0.0299787595868111,0.353106021881104,0.00253869406878948,0.00149020389653742,0.00118995469529182,0.22643207013607,0.250482469797134,3.83845950580053e-8,0.11621206253767,0.328862696886063,0.328862696886063,-0.220790416002274,1.66838335990906,5.0865119555965e-4,-0.111774429678917,-0.111774429678917,0.00118495081551373,0.0299787595868111,-0.155182212591171,1.09169673919678,0.262986302375793,0.150367558002472,2.62325382232666,1.3843252963852e-4,0.63074666261673,0.00245699658989906,3960,2524,1.58
3475,2024,2024,553,Millville,07-16-2024,2209,0.00221560383215547,0.00228374660946429,0.608341932296753,8.8699779007583e-4,2.7221667766571,0.0348392724990845,0.102811887860298,1.33733010292053,0.00142266787588596,0.0137057742103934,0.323980450630188,0.00284203630872071,0.00193236512131989,0.00144940835889429,0.243516698479652,0.190089702606201,7.92382763847854e-8,0.108438864350319,0.374047666788101,0.374047666788101,-0.282756060361862,1.46940922737122,5.5531848920509e-4,-0.144322797656059,-0.144322797656059,0.00148682331200689,0.0137057742103934,-0.195340320467949,0.958494305610657,0.243256166577339,0.213130429387093,2.61754393577576,7.59478789404966e-5,0.608341932296753,0.00223628990352154,3960,2524,1.58
3493,2024,2024,557,Millville,06-05-2024,2225,0.0047064358368516,0.00156773638445884,0.606065273284912,5.1782286027446e-4,0.623961925506592,0.087748721241951,0.287588238716125,0.92626416683197,7.2478369111195e-4,0.135824769735336,0.452409893274307,0.00231811380945146,7.8387465327978e-4,8.7987043661996e-4,0.245279401540756,0.484816431999207,-4.1090606472948804e-9,0.197066694498062,0.212013497948647,0.212013497948647,0.0764463543891907,2.88211178779602,7.5061118695884e-4,0.0382791832089424,0.0382791832089424,7.4596249032765e-4,0.135824769735336,0.0559881292283535,1.65236711502075,0.490866869688034,-0.0424228049814701,2.34726166725159,3.7884159246459e-4,0.606065273284912,0.00352678308263421,3131.9999999999995,2031.9999999999998,1.09
3493,2024,2024,557,Millville,06-25-2024,2225,0.00130285834893584,0.00161069165915251,0.633404076099396,5.3422333439812e-4,1.38940048217773,0.0773091539740562,0.190723806619644,1.06989872455597,7.6249556150287e-4,0.0793805792927742,0.455183446407318,0.00234197778627276,8.9502107584849e-4,8.5928686894476e-4,0.224436789751053,0.42597633600235,4.147548970934171e-9,0.185872733592987,0.2537462413311,0.2537462413311,-0.067461334168911,2.48417687416077,6.9413788150996e-4,-0.0337691307067871,-0.0337691307067871,7.8088231384754e-4,0.0793805792927742,-0.0492176450788975,1.67096126079559,0.456618338823318,0.0382745042443275,2.75425148010254,2.4663281510584e-4,0.633404076099396,0.00333426496945322,3131.9999999999995,2031.9999999999998,1.09
3493,2024,2024,557,Millville,07-11-2024,2225,0.00152843270916492,0.0019620256498456,0.621667921543121,6.4395187655463e-4,2.24922871589661,0.0622909925878048,0.131224378943443,1.23388063907623,9.9245074670761e-4,0.0367623120546341,0.409520328044891,0.0027174255810678,0.00127920007798821,0.00105459219776094,0.233298078179359,0.318518936634064,2.62919126470251e-8,0.146710678935051,0.322013258934021,0.322013258934021,-0.207123652100563,1.93478453159332,6.6930288448929e-4,-0.10469701141119,-0.10469701141119,0.00102713366504759,0.0367623120546341,-0.145796194672585,1.38707685470581,0.343870908021927,0.134715020656586,2.89131855964661,1.5671501751057e-4,0.621667921543121,0.00303684314712882,3131.9999999999995,2031.9999999999998,1.09
3493,2024,2024,557,Millville,07-16-2024,2225,8.39821150293574e-5,0.00215653306804597,0.589885771274567,6.9179950514808e-4,2.59051537513733,0.0506923422217369,0.121219865977764,1.3136647939682,0.00114215305075049,0.0209973659366369,0.397505879402161,0.00290510919876397,0.00153772218618542,0.0012131673283875,0.257952004671097,0.271000564098358,4.79478750037288e-8,0.141531318426132,0.371368199586868,0.371368199586868,-0.266247600317001,1.74348640441895,6.8487867247313e-4,-0.135570541024208,-0.135570541024208,0.00119278079364449,0.0209973659366369,-0.184009164571762,1.3195344209671,0.32972976565361,0.186711296439171,2.97967100143433,1.0189137537963e-4,0.589885771274567,0.00280574359931052,3131.9999999999995,2031.9999999999998,1.09
